0	Huawei MediaPad T1 10.0 Quad Core 9.6" Android (KitKat) +EMUI Tablet 8GB, Silver/White (US Warranty)	Electronics > Computers & Accessories > Computers & Tablets > Tablets
1	0o0Egg_X Basic Desktop Kit for Raspberry Pi 3 Model B Case 5V/3A Power Supply Adapter Heatsink Mini fan (7 layer, Black)	Electronics > Computers & Accessories > Computer Components > External Components
2	Moon2020 Replacement Keyboard for Lenovo Thinkpad T460S T470S SN20L82088 01EN723 A0K4 9Z.NCJBT.601 NSK-ZA6BT PK131342B00 (NOT Fit T460 T460P T470 T470P) with Backlight	Electronics > Computers & Accessories > Computer Components > Laptop Replacement Parts
3	160VC Portra 135-36	Electronics > Camera & Photo > Film Photography > Film
4	Rolling Tablet Stand - Adjustable Universal Tablet & iPad Floor Stand w/ Gooseneck Wheels & Mini-Cabinet	Electronics > Computers & Accessories > Tablet Accessories > Stands
5	RCA M3804 4 GB Digital Media Player with 1.5-Inch Display	Electronics > Portable Audio & Video > MP3 & MP4 Players
6	Arccos 360 Tracking System	Electronics > GPS, Finders & Accessories > Sports & Handheld GPS > Golf Course GPS Units
7	DURAGADGET Sturdy Solid Shock and Water Resistant Blue Case - Compatible with Seagate Backup Plus Fast & Backup Plus Slim	Electronics > Computers & Accessories > Computer Accessories & Peripherals > Hard Drive Accessories > Hard Drive Bags & Cases
8	MUXI Flex Zip Tie Nylon Cable Tie Disposable Restraints Training Restraints Tactical Backpack Accessories	Electronics > Accessories & Supplies > Cord Management > Cable Ties
9	ASUS VivoBook 17 17.3" FHD Windows 10 Pro Business Laptop Computer_ AMD Ryzen 3 3250U up to 3.5GHz(Beat i3-8130U)_ 12GB DDR4 RAM, 256GB PCIe SSD_ AC WiFi_ Type-C_ Remote Work_ BROAGE 64GB Flash Drive	Electronics > Computers & Accessories > Computers & Tablets > Laptops > Traditional Laptops
10	JVC KD-TD90BTS CD Receiver Featuring Bluetooth/USB/SiriusXM/Pandora/iHeartRadio/Spotify / 13-Band EQ	Electronics > Car & Vehicle Electronics > Car Electronics > Car Audio > Car Stereo Receivers
11	Sigma 24-70mm f/2.8 DG OS HSM Art Lens for Canon EF with Starter Kit, Sigma Case, Hood, Ultraviolet Filter (UV) Polarizing Filter (CPL) Fluorescent Daylight Filter (FL-D) - International Version	Electronics > Camera & Photo > Accessories > Digital Camera Accessories > Accessory Kits
12	GIGABYTE X570S AERO G (AMD/ X570S/ Ryzen 5000/ ATX/PCIe 4.0/ SATA 20Gb/s/USB 3.2/ Motherboard)	Electronics > Computers & Accessories > Computer Components > Internal Components > Motherboards
13	Replacement Ac Power Adapter Cord for Hp Laptop Pc: 2000-2b29wm 2000-2b49wm 2000-2b53ca 2000-2b59wm 2000-2b89wm 2000-314nr 2000-bf60ca 2000-bf69wm 2000t-2b00 2000z 2000z-2a00 2000z-2b00	Electronics > Computers & Accessories > Laptop Accessories > Chargers & Adapters
14	ARRIS SURFboard SB6190 DOCSIS 3.0 32 x 8 Gigabit Cable Modem , Comcast Xfinity, Cox, Spectrum , 1 Gbps Port , 800 Mbps Max Internet Speeds , Easy Set-up with SURFboard Central App	Electronics > Computers & Accessories > Networking Products > Modems
15	Universal Tablet Stand for Bed, Spessn 360 Degrees Rotation Adjustable Lazy Mount Holder Stand 3.5-10.6 inch for Cell Phone and Tablet	Electronics > Computers & Accessories > Tablet Accessories > Stands
16	GooDGo Power Adapter Extension Cable 1.8m Uk for MacBook Apple	Electronics > Home Audio > Home Audio Accessories > Cables > Power Cords
17	Skinit Decal Laptop Skin Compatible with MacBook Pro 13 (2013-15 Retina Display) - Officially Licensed NFL New York Giants Design	Electronics > Computers & Accessories > Laptop Accessories > Skins & Decals
18	Hasselblad XCD 35-75mm f/3.5-4.5 Lens	Electronics > Camera & Photo > Lenses > Camera Lenses > SLR Camera Lenses
19	Blaupunkt Compatible with Apple CarPlay and Android Auto Car Stereo Denver BPA799PLAY Receiver with 6.8" Touch Screen Display AM/FM/BT/USB/AUX	Electronics > Car & Vehicle Electronics > Car Electronics > Car Audio > Car Stereo Receivers
20	avedio links 4x2 HDMI Matrix Switch V1.4,HDMI Switcher/Splitter 4 in 2 Out with Optical & L/R Audio Output- Support 4K,3D 1080p,ARC,PIP - Includes 17keys IR Remote Control & Power Adapter	Electronics > Home Audio > Home Audio Accessories > Distribution > Selector Switch Boxes
21	Classic Camera Leather Strap for Canon Eos 450D 7D Nikon D90 D3000 - Pink	Electronics > Camera & Photo > Bags & Cases > Camera Cases
22	100PCS Metal Cable Zip Ties (265LBS), 304 Stainless Steel Exhaust Wrap, 11.8Inch Multi-purpose Heavy Duty Self-locking Cable Ties, Suitable for Exhaust Wrapping, Fence, Outdoor and Canopy Etc.	Electronics > Accessories & Supplies > Cord Management > Cable Ties
23	Gomadic Intelligent Compact AC Home Wall Charger Suitable for The Garmin etrex 10 20 30 - High Output Power with a Convenient, Foldable Plug Design - Uses TipExchange Technology	Electronics > GPS, Finders & Accessories > GPS System Accessories > Chargers & Cables
24	Sceptre X509BV-FSR Slim LED 1080p HDTV ATSC QAM Memc 120, Metal Black	Electronics > Television & Video > Televisions > LED & LCD TVs
25	JJC QTS-4 Power Connection Cable for PENTAX AF-540 FGZ AF-500 FTZ Vivitar 3900 Flashes with Quantum Instruments Turbo Series Battery Pack as Quantum CN3	Electronics > Home Audio > Home Audio Accessories > Cables > Power Cords
26	MarBlue Ultra Lightweight Origin Case for Fire HDX 8.9, Black (will fit 3rd and 4th generation)	Electronics > Computers & Accessories > Tablet Accessories > Bags, Cases & Sleeves > Cases
27	Metra 95-3005 Double DIN Dash Kit with Harness + Antenna Combo for Select Chevrolet Astro/GMC Safari 1996-2005	Electronics > Car & Vehicle Electronics > Vehicle Electronics Accessories > Car Dash Mounting Kits
28	AIIEKZ Compatible with AirPods Pro 2 Case Cover 2022, Soft Silicone Case with Gold Heart Pattern for AirPods Pro 2nd Generation Case with Keychain/Lanyard (Pink)	Electronics > Headphones, Earbuds & Accessories > Cases
29	Acer Um.Fv6aa.004/V246hl Bmdp/24 Led /1920X1080 /100M1 /Vga Dvi (Hdcp)Display Port//S - By "Acer" - Prod. Class: Monitor / Display / Projector/Lcd Display / 19 - 29 Inch	Electronics > Computers & Accessories
30	Chief Mfg. Widescreen Monitor Triple Horizontal Table Stand - Black	Electronics > Computers & Accessories > Computer Accessories & Peripherals > Monitor Accessories > Monitor Stands
31	Habeats 40 Watt (8 Amp) 5-Port Family-Sized Desktop USB Rapid Charger. Smart USB Charger with Auto Detect Technology for iPhone 6plus 6 5s 5c 5, iPad Air mini, Galaxy S6 / S6 Edg, Note 3 2, HTC M9, Nexus,Nokia and More	Electronics > Home Audio > Speakers > Sound Bars
32	20-foot telephone landline extension cord cable cord with standard RJ-11 6P4C plug (white 6M, 2Pack)	Electronics > Accessories & Supplies > Telephone Accessories > Telephone Cords
33	Homegear 106" 16:9 HD Electric Motorized Projector Screen + Remote	Electronics > Television & Video > Accessories > Projector Accessories > Projection Screens
34	Skip Hop Bin-Go Tabletop Organizer in Natural Sky Blue (Discontinued by Manufacturer)	Electronics > Computers & Accessories > Tablet Accessories > Bags, Cases & Sleeves > Cases
35	SD/MMC/USB/MP3 Wireless In Car FM Transmitter with Remote (Black)	Electronics > Portable Audio & Video > MP3 & MP4 Player Accessories > Bluetooth & FM Transmitters > FM Transmitters
36	Sony LCSVA5 Medium Bag for DVD & MiniDV Camcorders	Electronics > Camera & Photo > Accessories > Batteries & Chargers > Batteries > Camcorder Batteries
37	BrightLine Bags, Inc FLEX B4 SWIFT	Electronics > Car & Vehicle Electronics > Aviation Electronics > Aircraft Accessories
38	Vogel's TV Wall Mount, Tilting - WALL 2315 for 40 - 65 inch TVs, Black	Electronics > Television & Video > Accessories > TV Mounts, Stands & Turntables > TV Wall & Ceiling Mounts
39	Electronics123.com, Inc. LiPo Charger Basic - Micro-USB	Computers
40	Toshiba ESV4-1T Surveillix SV 4-Channel Network Video Recorder (White)	Electronics > Security & Surveillance > Surveillance Video Equipment > Surveillance Video Recorders
41	Acer Aspire 5 Slim Laptop, 15.6 inch Full HD IPS Display, Intel Core i3-1115G4 Up to 4.1GHz (Beat i5-1030G7) Processor, 20GB RAM, 1TB SSD, WiFi 6, Windows 11 Home in S Mode, Bundle with JAWFOAL	Electronics > Computers & Accessories > Computers & Tablets > Laptops > Traditional Laptops
42	ASUS U20A-B2 12.1-Inch Black Laptop (Windows 7 Home Premium)	Electronics > Computers & Accessories > Computers & Tablets > Laptops > Traditional Laptops
43	Dolgin Engineering TC400-DSLR-C 4-Position Battery Charger for EOS 5D Mark II,EOS 5D Mark III 7D and 60D DSLR Cameras	Electronics > Computers & Accessories > Laptop Accessories > Chargers & Adapters
44	DISAIN 256GB USB C Dual Flash Drive, USB3.0/3.1 Type C High Speed Thumb Drive Memory Stick Compatible with Samsung Galaxy, Android Smart Phone, Tablet, Pixel, PC Devices (256GB, Pearl Nickel)	Electronics > Computers & Accessories > Data Storage > USB Flash Drives
45	USA Gear Carrying Messenger Tablet Bag w/ Shoulder Strap for 9" Barnes & Noble Nook HD+ , Nook Simple Touch w/ GlowLight , Nook Color eBook Reader , Nook Tablet & Accessories * Includes Accessory Bag & Cleaning Cloth *	Electronics > eBook Readers & Accessories
46	HP TouchSmart tm2t-2100 12.1" CTO Notebook (1.33 GHz Intel Core i5-470UM Processor, 4 GB RAM, 500 GB Hard Drive, Windows 7 Home Premium 64-bit)	Electronics > Computers & Accessories > Computers & Tablets > Laptops > Traditional Laptops
47	WP Replacement Cable 1.4M for Sennheiser HD224 420 520 HD600 650 HD25	Electronics > Headphones, Earbuds & Accessories > Extension Cords
48	LDKCOK RCA to 3.5mm Aux Cable 15ft, Braided 3.5mm Male to 2RCA Male Stereo Y Splitter RCA Cable. for Smartphones, MP3, Tablets, Speakers,Home Theater,HDTV	Electronics > Television & Video > Accessories > Cables > RCA
49	SparkFun Qwiic Adapter	Electronics > Home Audio > Home Audio Accessories > Connectors & Adapters
50	HP 2020 Pavilion 17.3" HD+ Laptop Computer, Intel Core i5-1035G1 Processor, 8GB RAM, 512GB PCIe SSD, Intel UHD Graphics, DVD-RW, HDMI, 720p HD Webcam, Windows 10S, Black, 32GB Snow Bell USB Card	Electronics > Computers & Accessories > Computers & Tablets > Laptops > Traditional Laptops
51	LIMEUP (Pack of 2) Replaced Remote Control for Roku TV, for TCL Roku/Hisense Roku/Sharp Roku TV, TV Remote with Netflix/Disney+/Hulu/Prime Video Buttons【Not for Roku Stick and Box】	Electronics > Television & Video > Accessories > Remote Controls
52	Kinamax BT-USB Wireless Bluetooth 2.4Ghz 100-Meter USB 2.0 Dongle Class 1 External Adapter	Electronics > Computers & Accessories > Networking Products > Network Adapters > Bluetooth Network Adapters
53	Outdoor Monocular Telescope, Portable 7X/28mm,Fully Coated Optics,Night Vision with Wrist Strap Supporting Single Hand Operation Monocular Focus Telescope	Electronics > Camera & Photo > Binoculars & Scopes > Monoculars
54	HP 587476-B21 - Intel Xeon E5620 2.40GHz 12MB Cache 4-Core Processor	Electronics > Computers & Accessories > Computer Components > Internal Components > CPU Processors
55	Incipio Octane Pure Series Protective Case Cover iPad Pro 10.5 - Black / Clear	Electronics > Computers & Accessories > Tablet Accessories > Bags, Cases & Sleeves > Cases
56	Purple Durable Water Resistant Carry Case for the Leapfrog Leapster 2 | Leapster Explorer | LeapPad2 Explorer | LeapPad Explorer & Leapster GS - by DURAGADGET	Electronics > Computers & Accessories > Tablet Accessories > Bags, Cases & Sleeves > Sleeves
57	[5-Pair] SUIHUOJI Newest Airpods Ear Tips Cover with Noise Reduction Hole, Silicone Earbud Tips for Airpods 3/2/1 NOT Fit in The Charging Case, Anti Slip/Dust/Dirt(Colorful)	Electronics > Headphones, Earbuds & Accessories > Earpads
58	ViewSonic 1080p Projector Ultra Short Throw with RGB Rec 709 100,000:1 and Low Input Latency for Gaming, Watch Netflix with Dongle (PX800HD)	Electronics > Video Projectors
59	Garmin Approach G6 Handheld Touchscreen Golf Course GPS (Renewed)	Electronics > GPS, Finders & Accessories > Sports & Handheld GPS > Golf Course GPS Units
60	3 Axis DSLR Carbon Brushless Gimbal Handle DSLR Carbon Fiber Camera Mount Stabilizer 5D2 5D3	Electronics > Camera & Photo > Accessories > Professional Video Accessories > Stabilizers
61	OREI DA51 Optical Fiber Coaxial DTS Digital-to-Analog Audio Decoder	Electronics > Television & Video > Accessories > Video Converters
62	150M Wifi lan 802.11N/G/B Wireless USB 2.0 CARD adapter IEEE	Electronics > Computers & Accessories > Networking Products > Network Adapters > USB Network Adapters
63	Coralogo Case for Airpods Pro 2019/Pro 2 Gen 2022 Cute, 3D Fashion Character Silicone Cartoon Airpod Skin Funny Fun Cool Keychain Design Kids Teens Girls Boys Cover Cases Air pods Pro (Green Camera)	Electronics > Headphones, Earbuds & Accessories > Cases
64	CTA Digital Bluetooth Phone Handset with Leather Case for iPad	Electronics > Computers & Accessories > Tablet Accessories
65	Networx Fast Ethernet Fiber Media Converter - UTP to 100Base-SX - ST Multimode, 2km.	Electronics > Computers & Accessories > Networking Products > Network Transceivers
66	KnuKonceptz Karma Kable 4 Channel 4M Twisted Coaxial RCA Cable 13'	Electronics > Television & Video > Accessories > Cables > RCA
67	SMSL A6 50Wx2 HiFi Audio Digital Amplifier Headphone AMP, DAC Digital to Analog Converter DSD512 USB/Optical/Coaxial/LP Player/CD Analog Input with Remote Control Black	Electronics > Home Audio > Home Theater > Receivers & Amplifiers > Amplifiers
68	Electronic Device Tablet Phone Holder for Can-Am Maverick X3 2017-2021, X3 Electronic Device Mounts with Integrated Storage	Electronics > Computers & Accessories > Tablet Accessories > Stands
69	Bay Valley Parts® 9 Cell Laptop Battery for Dell Latitude E5410 E5500 E5400 E5510 Series, fits P/N KM742 WU841 T749D	Electronics > Computers & Accessories > Laptop Accessories > Batteries
70	Netgear Nighthawk Mesh WiFi 6 System (MK6W) Up to 4,500 sq. ft. Dual-Band Easy Mesh Compatible Internet Speeds Over 100Mbps	Electronics > Computers & Accessories > Networking Products > Whole Home & Mesh Wi-Fi Systems
71	Silicon Power 2TB NVMe M.2 PCIe Gen3x4 2280 SSD Solid State Drive (SP002TBP34A60M28)	Electronics > Computers & Accessories > Data Storage > Internal Solid State Drives
72	Billmill Metal Shielded RJ45 CAT5E CAT6 Crimp 8P8C FTP STP Ethernet Modular Network LAN Cable Plug Crystal Connector (10-Pack)	Electronics > Computers & Accessories > Computer Accessories & Peripherals > Cables & Accessories > Cables & Interconnects > Ethernet Cables > Cat 6 Cables
73	Wasabi Power Battery (2-Pack) and Charger for Canon NB-2L, NB-2LH, BP-2L5, BP-2LH and Canon DC301, DC310, DC320, DC330, DC410, DC420, Elura 40, 50, 60, 65, 70, 80, 85, 90, EOS 350D, 400D, Digital Rebel XT, XTi, FV500, FVM20, FVM30, FVM100, FVM200, HG10, HV20, HV30, Optura 30, 40, 50, 60, 400, 500, PowerShot G7, G9, S30, S40, S45, S50, S60, S70, S80, VIXIA HF R10, HF R100, HF R11, HG10, HV20, HV30, HV40, ZR100, ZR200, ZR300, ZR400, ZR500, ZR600, ZR700, ZR800, ZR830, ZR850, ZR900, ZR930, ZR950, ZR960	Electronics > Camera & Photo > Accessories > Batteries & Chargers > Batteries > Camera Batteries
74	Athena ATX Mid-Tower Case Yellow 350W	Electronics > Computers & Accessories > Computer Components > External Components > Computer Cases
75	Acxico 4 pcs Optical Audio Adapter 3.5mm Female Jack Plug to Digital Toslink Male	Electronics > Home Audio > Home Audio Accessories > Connectors & Adapters
76	Qaxrocyn 50 Pcs Aesthetic Waterproof Bright Vibrant Flowers Vinyl Stickers for Laptop Hydroflasks Luggage Waterbottle Cup Phone Tablet Flasks Guitar Computer Stickers Decals Pack	Electronics > Computers & Accessories > Laptop Accessories > Skins & Decals > Decals
77	65W USB Plug AC Adapter for Lenovo Thinkpad E440 E450 E470 E550 E560 E570 L440 L460 L470 L540 T440 T450 T470 X240 X250 X270 G50-45 G50-70 G50-80 ADLX65NCC2A ADLX65NCC3A ADLX65NLC2A Laptop Charger	Electronics > Computers & Accessories > Laptop Accessories > Chargers & Adapters
78	UpBright 14V AC Adapter Compatible with Samsung S24C230L S24C230BL S24C230JL S24C230JY S24C570HL LS24C570 S22B310B S22C300H LS22C300 S23B300 S23B550V S27C230B S27C750P S20B350 S22A300B Monitor Power	Electronics > Home Audio > Home Audio Accessories > Cables > Power Cords
79	USB C Fast Charger -MFi Certified - 20W PD Fast Charger with 3FT C to Lightning Cable Type C Charger Adapter Compatible iPhone 12/12 Mini/12 Pro/12 Pro Max/11 Pro Max/XS Max/XS/XR/X,iPad Pro	Electronics > Computers & Accessories > Computer Accessories & Peripherals > Cables & Accessories > Cables & Interconnects > USB Cables
80	Silicone Replacement Earbuds Tips - Black, Medium, 5 Pairs.	Electronics > Headphones, Earbuds & Accessories > Earpads
81	Sennheiser CX 475 Premium Earbuds Black (Discontinued by Manufacturer)	Electronics > Headphones, Earbuds & Accessories > Headphones & Earbuds > Earbud Headphones
82	MOSCHE Digital Tire Pressure Gauge, MYSWEETY Integrated Closed, Straight Lock-On Air Chuck, LCD Backlit Screen, Flexible Rubber Hose, Digital Tire Inflator	Electronics > Car & Vehicle Electronics > Vehicle Electronics Accessories > Audio & Video Accessories
83	Cable Management Box Organizer, Large System to Cover and Hide Wires, Power Strips, USB Hubs, Cell Phone Chargers, Cable Storage with 4 Cable Ties, Friendly to Children and Pets	Electronics > Accessories & Supplies > Cord Management
84	Coax Feed Through Bushing RG6 Wall Cable 2 Pack 7/16" Hole Insert Plug Thru Wall Trim Protector for Audio Video Data Wire, 1 Black / 1 White	Electronics > Home Audio > Home Audio Accessories > Distribution > Wall Plates & Connectors
85	ASUS TUF Gaming Laptop FX504 15.6” Full HD, 8th-Gen Intel Core i5-8300H (up to 3.9GHz) Processor, GeForce GTX 1050 Ti, 8GB DDR4, 1TB FireCuda SSHD, Wi-Fi 5, Windows 10 Home, FX504GE-US52	Electronics > Computers & Accessories > Computers & Tablets > Laptops > Traditional Laptops
86	Xtenzi Car Radio Wire Harness Compatible with Boss CD DVD Navigation in-Dash - XT91071	Electronics > Car & Vehicle Electronics > Vehicle Electronics Accessories > Vehicle Audio & Video Installation > Radio Wiring Harnesses
87	Ziotek Media Carousel Plus Special Edition	Electronics > Television & Video > Accessories
88	Seagate Backup Plus Slim 2TB External Hard Drive Portable HDD – Silver USB 3.0 For PC Laptop And Mac, 1 year Mylio Create, 2 Months Adobe CC Photography (STHN2000401)	Electronics > Computers & Accessories > Data Storage > External Hard Drives
89	Koolance QD3-FS10-P QD3 Female Quick Disconnect No-Spill Coupling, Panel Barb for ID 10mm (3/8in)	Electronics > Computers & Accessories > Computer Components > Internal Components > Fans & Cooling > Water Cooling Systems
90	Tanprmee Audio Video RCA Cable 12ft, Hanprmee 3RCA Male to 3RCA Male Composite AV Cable Compatible with Set-Top Box, Speaker, Amplifier, DVD Player and More (4M12Ft)	Electronics > Television & Video > Accessories > Cables > RCA
91	QTEATAK 8 Pack 9 V I-Type Battery Clip Connector, 9 V Battery Clip Connector, 9V Battery Buckle Connector Hard Buckle Plastic Housing with Black Red Wires	Electronics > Household Batteries, Chargers & Accessories > Battery Holders
92	Aux Cable,YEEKUK 90 Degrees 3.5mm Male to Male Stereo Aux Cord. Compatible with Headphone, Phone, 2018 Mac Mini, Microsoft Surface [1.5 feet]	Electronics > Home Audio > Home Audio Accessories > Cables > Stereo Jack Cables
93	DTMF Remote Control Microphone Mic HM-98S for ICOM IC-2100H IC-2710H IC-2800H US	Electronics > Portable Audio & Video > CB & Two-Way Radios > Accessories > Headsets & Microphones
94	Survivor All Terrain Case Compatible with iPad Pro 11-inch (Black)	Electronics > Computers & Accessories > Tablet Accessories > Bags, Cases & Sleeves > Cases
95	ALEKOR SpeakOn Connector 4 Pole Speaker Cable Plug Adapter Compatible with SpeakOn NL4FC, NL4FX, NLT4X, NL2FC - 4 Pack	Electronics > Home Audio > Home Audio Accessories > Connectors & Adapters
96	HP Split x2 13.3in Touchscreen 2-in-1 Ultrabook (Intel Core i3-4012Y, 4GB Memory, 500GB HDD + 8GB SSD, Windows 8.1) (Renewed)	Electronics > Computers & Accessories > Computers & Tablets > Laptops > 2 in 1 Laptops
97	Blackvue New DR650S-2CH 16GB, Car Black Box/Car DVR Recorder, Built-in Wi-Fi, Cloud, Full HD, G Sensor, GPS, 16GB SD Card Included, upto 128GB support	Electronics > Car & Vehicle Electronics > Car Electronics > Car Video > On-Dash Cameras
98	Surge Protector Tower with 10W Wireless Charger, Multi Outlets Vertical Charging Station with 6 AC Outlets + 4 USB Ports, 6.5 FT Extension Cord Desktop Power Strip Tower for Home Office Garage	Electronics > Accessories & Supplies > Power Strips & Surge Protectors > Power Strips
99	Minix NEO X5 MINI Streaming Media Player (Black)	Electronics > Television & Video > Streaming Media Players
100	Young BN59-01199F TV Remote Control for Samsung TV UN60J6200AF UN60J6200AFXZA UN60J620DAF UN60J620DAFXZA UN60JU6400F UN60JU6400FXZA UN50J6200AF UN43JU640DF	Electronics > Television & Video > Accessories > Remote Controls
101	TOROTOP Compatible for Fitbit Ace 2 Band/Inspire Hr/Inspire Bands Women Girl, 3 Pack Adjustable Soft Silicone Replacement Accessories Strap Replacement Compatible for Inspire/Inspire Hr (3 in 1)	Electronics > Wearable Technology
102	MonsDirect Case for iPad Mini 1 2 3 4 Mini 5, Leather Smart Kickstand Case Flip Wallet Protective Case Compatible with iPad Mini 1 2 3 4 Mini 5 2019, Pink Gold Marble	Electronics > Computers & Accessories > Tablet Accessories > Bags, Cases & Sleeves > Cases
103	Cisco Headset 730, Wireless Dual On-Ear Bluetooth Headset with Case, USB-A HD Bluetooth Adapter, USB-A, 3.5mm Cables, Charging Stand, Platinum, 1-Year Limited Liability Warranty (HS-WL-730-BUNAS-P)	Electronics > Computers & Accessories > Networking Products > Routers
104	NEEWER Light Diffuser Panel for Photography, 47"x71"/120x180cm Soft White Diffuser Fabric with Carry Bag, Collapsible Pop Out Light Modifier for Studio and Outdoor Portrait, Product, Video Shooting	Electronics > Camera & Photo > Lighting & Studio > Lighting > Lighting Controls & Modifiers > Diffusers
105	Multisync Widescreen 4MG Pix	Electronics > Computers & Accessories > Monitors
106	NuVision TM785M3 7.85" Inch Tablet Case - UniGrip Edition - HOT Pink - by Cush Cases	Electronics > Computers & Accessories > Tablet Accessories > Bags, Cases & Sleeves > Cases
107	Russian Cyrillic Keyboard Stickers with Blue Lettering on Transparent Background	Electronics > Computers & Accessories > Computer Accessories & Peripherals > Keyboards, Mice & Accessories > Keyboards
108	VANGUARD Alta Ca 203Ap Tripod with Ph-33 Pan Head	Electronics > Camera & Photo > Tripods & Monopods > Complete Tripods
109	Audio Bone AB10BK 1.0 Headphones (Black)	Electronics > Headphones, Earbuds & Accessories > Headphones & Earbuds > Earbud Headphones
110	Base Stand for Vizio TV Legs Replacement, for Vizio 32H-G9 D32F-G4 TV Desk Stand with Screws Set, TV Legs for 32" Vizio TV Stand, Tabletop TVs Stand for Vizio Smart TV with Instructions	Electronics > Television & Video > Accessories > Television Replacement Parts
111	Tembin® 15.6 inch Matte Laptop Eye Screen Protector Guard for Display 16:9 Notebook Computer Film High Clarity/Anti-Glare/Anti-Scratch/Blue Light Blocking Touch Screen Laptop Protective	Electronics > Computers & Accessories > Laptop Accessories > Screen Protectors
112	SAMSUNG 2017 Newest Premium High Performance 11.6 HD Chromebook - Intel Atom x5, 2GB DDR3, 16GB eMMC Hard Drive, 802.11ac, Bluetooth, HDMI, HD Webcam, USB 3.0, Chrome OS	Electronics > Computers & Accessories > Computers & Tablets > Laptops > Traditional Laptops
113	Belkin Integration Series Keystone Jack, White (R6D026-AB6WHT25)	Electronics > Car & Vehicle Electronics > Vehicle Electronics Accessories > Vehicle Audio & Video Installation > Connecting Blocks
114	Televue 31mm Nagler Type 5 2 inch Eyepiece	Electronics > Camera & Photo > Accessories > Telescope & Microscope Accessories > Telescope Accessories > Eyepieces
115	Abacus24-7 Universal High Speed HDMI Cable 6FT - Gold Plated, Audio Return, Ethernet, 1080p, 3D, 4K, UHD	Electronics > Television & Video > Accessories > Cables > HDMI Cables
116	eForcity All-In-1 FM Transmitter with 3.5mm Audio Cable for iPod touch 5G (Black)	Electronics > Portable Audio & Video > MP3 & MP4 Player Accessories > Bluetooth & FM Transmitters > FM Transmitters
117	Galaxy S7 Wallet Case - Ultra Slim Card Case for Samsung Galaxy S7 by Supad - With 2 ID Credit Card Slot Holder Case Cover (Gold Brown)	All Electronics
118	Smartphone Camera Microphone,SQDZ Video Microphone for Canon Nikon Sony Panasonic Fuji Videomic with Windscreen 3.5mm Jack	Electronics > Camera & Photo > Accessories > Professional Video Accessories > Microphones
119	Apple iphone 3G Black Solar Power Charger ITI3000	Electronics > Computers & Accessories > Laptop Accessories > Chargers & Adapters
120	OCEAN REEF - Snorkie Talkie Land Unit USA Version - Walkie Talkie, Transceiver, Two-Way Radio - Rechargeable Battery Via USB - Possibility to Talk to People Who are Snorkeling from Land or Boat	Electronics > Portable Audio & Video > CB & Two-Way Radios > Two-Way Radios
121	Lenovo IdeaPad S210 59387503 Touchscreen Laptop (Windows 8, Intel Pentium 2127U 1.9 GHz, 11.6" LED-lit Screen, Storage: 500 GB, RAM: 4 GB) Black	Electronics > Computers & Accessories > Computers & Tablets > Laptops > Traditional Laptops
122	Cisco 10-Port Managed Switch (SG200-10FP-NA)	Electronics > Computers & Accessories > Networking Products > Switches
123	Lokar (KD-2700U72) 72" Universal Black Housing Kickdown Cable Kit with Billet End for GM 700R4	Electronics > Television & Video > Accessories > Cables > Speaker
124	cablecc CYFPV Dual 90 Degree Right-Up Angled HDMI Type A Male to Male HDTV FPC Flat Cable for FPV HDTV Multicopter Aerial Photography 80cm	Electronics > Television & Video > Accessories > Cables > HDMI Cables
125	Permatex 24240 Medium Strength Threadlocker Blue, 36 ml (2)	Electronics > Headphones, Earbuds & Accessories > Headphones & Earbuds > Earbud Headphones
126	M-edge Image Jacket for Amazon Kindle First Generation (Black)	Electronics > eBook Readers & Accessories > Covers
127	NUSIGN 24 inch Easy Hang Blue Light Blocking Screen Protector Panel For 23, 23.6, 23.8, 24 inch Diagonal Desktop Computer LED PC Monitor- Anti-UV Eye Protection - Widescreen Monitor Frame Hanging Type (W 21.26" X H 13.4")	Electronics > Computers & Accessories > Computer Accessories & Peripherals > Monitor Accessories > Anti-Glare & Privacy Filters
128	Cuddeback Genius Game Trail Hunting Camera Metal Universal Genius Pan-Tilt Mount (4 Pack)	Electronics > Camera & Photo > Accessories > Tripod & Monopod Accessories > Camera Mounts & Clamps
129	Speck 79533-B920 Style Folio Tablet Cover, ASUS Zen Pad Z8, Pink	Electronics > Computers & Accessories > Tablet Accessories > Bags, Cases & Sleeves > Cases
130	DicaPac WP110 5.7 x 3.7 Small Alfa Waterproof Digital Camera Case with Optical Lens (Clear)	Electronics > Camera & Photo > Bags & Cases > Camera Cases
131	PhotoBert Photo CheatSheet for the Canon 580EX II SpeedLight.	Electronics > Camera & Photo > Accessories
132	Keyboard Cover for Dell inspiron 15 5501 5502 5505 5508 5509 5584 5593 5594 5598, inspiron 15 7501 7506 i7590 7591, inspiron 17 7706 7791, Latitude 3500 3510 Laptop - Mint	Electronics > Computers & Accessories > Computer Accessories & Peripherals > Keyboards, Mice & Accessories > Keyboard & Mice Accessories > Keyboard Skins
133	MFJ-4215MV MightyLite 15 Amp Switching Power Supply	GPS & Navigation
134	[6 in 1] Ytaland for Gopro Hero9 / Hero10 Screen Protector (Front+Back+Camera Lens Protectors),Anti-Scratch Bubble-Free Tempered Glass film Screen Protector for GoPro Hero10 Black	Electronics > Camera & Photo > Accessories > Digital Camera Accessories > Screen Protector Foils
135	DSC Alarm System PC3000 Replacement Battery	Electronics > Computers & Accessories > Computer Accessories & Peripherals > Uninterruptible Power Supply (UPS)
136	EagleTec B060 USB 3.0, 4 Port Hub, Ultra Slim Compact USB Hub for Laptop PC Computer (Black)	Electronics > Computers & Accessories > Networking Products > Hubs
137	Ceiling Projector Mount, Universal Extending Ceiling Projector Mount/Height Adjustable Projection for Mini Projector CCTV DVR Camera, Hanger 360° Rotatable Head with Extendable Length-Silver	Electronics > Television & Video > Accessories > Projector Accessories > Projector
138	CableVantage 150ft 50m Blue 150' Ft Rj45 Cat5 Cat5e Ethernet LAN Network Internet Computer Patch Cable for PC, Mac, Laptop, PS3, PS4, Xbox,Xbox One Modem DSL Internet Network	Electronics > Computers & Accessories > Computer Accessories & Peripherals > Cables & Accessories > Cables & Interconnects > Ethernet Cables > Cat 5e Cables
139	LNQ LUNIQI Computer Monitor Riser Shelf with Storage, Wood Desktop Stand for Laptop Computer Screen, Multi-Purpose Desk Organizer Shelf for Home Office (Pink)	Electronics > Computers & Accessories > Computer Accessories & Peripherals > Monitor Accessories > Monitor Stands
140	Acer 2022 Newest Aspire 3 17.3" FHD Laptop, Intel Core i3-1115G4 up to 4.1GHz (Beat i5-10210U), 8GB DDR4 RAM, 128GB PCIe SSD, 802.11AC WiFi, Bluetooth 5.0, Silver, Windows 10, BROAG 64GB Flash Drive	Electronics > Computers & Accessories > Computers & Tablets > Laptops > Traditional Laptops
141	Latte M1 4GB MP3 Player (Black)	Electronics > Portable Audio & Video > MP3 & MP4 Players
142	Skullcandy Lowrider Headphones w/Mic Black/Black/Black, One Size	Electronics > Headphones, Earbuds & Accessories > Headphones & Earbuds > Over-Ear Headphones
143	PolarPro - DJI Mavic 3 - VND 2-5 + VND 6-9 - 2-Pack - Neutral Density Filters - Cinema Series - AirFrame 4.0 - filters for the Mavic 3 and Mavic 3 Cine - color accuracy	Electronics > Camera & Photo > Accessories > Filters & Accessories > Filter Sets
144	HyperX Cloud Gaming Headset for PC/PS4 - Mav Edition Freestyle Series (KHX-H3CLW1)	Computers
145	GSI Super Quality Remote Shutter for Pentax/Contax/Sansung/Canon Eos -- Pentax K100D super,K20D,K200D,K10D,ist Ds2,lst MZ-L,K100D,ist D,ist DL,ZX-L,K110D,ist Ds,ist DL2,MZ-6, Contax 645,N,N1,NX,N digital, Samsung GX-1L,GX-1S,GX-10,GX-20,30,50,7,300D,3000 33,55,7s,350D,500N,Canon Rebel XSl,450D,50E,500,300,300X,300V,400D,/Xti/XT,Elan7/7N/7NE/II/IIE/T2/Ti/X/XS/G/2000 Cameras, Functions Exactly as the RS-60E3, Provides Great Photography Flexibility	Electronics > Camera & Photo > Accessories > Digital Camera Accessories > Shutter Release Cords
146	Polaroid PMID709KB 7" Android Jelly Bean Tablet With Keyboard Case	Electronics > Computers & Accessories > Computers & Tablets > Tablets
147	HOOHII Magnetic Car Mount, Cell Phone Holder Universal Flat Stick-on Dashboard Holder, for iPhone X, iPhone 8 7 PLUS,Galaxy s8 Note,HTC,Pixel,LG G6,GPS,Phablet	Electronics > GPS, Finders & Accessories > GPS System Accessories > Vehicle Mounts
148	ICR-S700RM Digital Voice Recorder, 256MB Memory, Up to 35 Hours Recording Time SNFICRS700RM	Electronics > Adzinia CE Node
149	dCables Olympus T-100 USB Cable - USB Computer Cord for T-100	Electronics > Computers & Accessories > Computer Accessories & Peripherals > Cables & Accessories > Cables & Interconnects > USB Cables
150	Fuji Labs Sonique SQ306 Premium Beryllium Driver in-Ear Headphoneswith in-Line Microphone Earphone Headset Earbud (Black with Red Highlights)	Electronics > Headphones, Earbuds & Accessories > Headphones & Earbuds > Earbud Headphones
151	150 Ft Cat5e Ethernet Network Cable Gray 150ft	Electronics > Computers & Accessories > Computer Accessories & Peripherals > Cables & Accessories > Cables & Interconnects > Ethernet Cables > Cat 5e Cables
152	Square Filter Kit ND Filters Graduated Full Color Lens Filter Set for Cokin P Series with Adapter Rings(49-82mm) Filter Holder Lens Cleaning Pen for DSLR Cameras 25 Pack	Electronics > Camera & Photo > Accessories > Filters & Accessories > Filter Sets
153	Lenovo V14 14" FHD Business Laptop, AMD Athlon Gold 3150U Processor, 12GB RAM, 1TB SSD, Webcam, HDMI, Bluetooth, Wi-Fi, Windows 11 Pro, Iron Gray	Electronics > Computers & Accessories > Computers & Tablets > Laptops > Traditional Laptops
154	StarTech.com MXT101MMHD10 10 Feet Coax High Resolution 90 Degree Down Angled VGA Monitor Cable - HD15 M/M	Electronics > Home Audio > Home Audio Accessories > Cables > Coaxial
155	Sprint Anycom FIPO Bluetooth v2.0 Stereo Receiver w/Dock Connector for iPod Speakers - Make your iPod Speakers Wireless!	Electronics > Portable Audio & Video > Portable Speakers & Docks > Audio Docks
156	CMS 8GB (2X4GB) DDR3 10600 1333MHZ Non ECC DIMM Memory Ram Upgrade Compatible with HP/Compaq® Business Desktop 6000 Pro (Sff) (Microtower - A69	Electronics > Computers & Accessories > Computer Components > Internal Components > Memory
157	Edge 128 MB CompactFlash Card	Electronics > Computers & Accessories > Computer Accessories & Peripherals > Memory Cards > CompactFlash Cards
158	BlueAnt F4 InterPhone Stereo Helmet Bluetooth Intercom	Electronics > Headphones, Earbuds & Accessories > Headphones & Earbuds
159	Sanpyl Universal Projector Remote Control, Remote Controller Adapter for Projector, White	Electronics > Television & Video > Accessories > Projector Accessories > Remote Controls
160	Skinit Decal Laptop Skin Compatible with Asus X502CA 15.6 - Officially Licensed Disney Alice in Wonderland Silhouette Design	Electronics > Computers & Accessories > Laptop Accessories > Skins & Decals
161	Kolpin Utv Speaker Cube (Pair) - 3510	Electronics > Car & Vehicle Electronics > Car Electronics > Car Audio > Speakers > Coaxial Speakers
162	WINGONEER Raspberry Pi 3 Stepper Motor HAT Full Function Robot Expansion Board for Raspberry Pi 3,Pi 2,B+,Zero	Electronics > Computers & Accessories > Computer Components > Single Board Computers
163	iPad Pro 9.7 Case, Dowswin Multi-fold Stand Smart Case Cover with Soft TPU Back [Auto Sleep/Wake] for Apple iPad Pro 9.7 inch (White)	Electronics > Computers & Accessories > Tablet Accessories > Bags, Cases & Sleeves > Cases
164	Lightdow Case Water Resistant Protective EVA Bag Storage Box for LD4000 LD6000 Yi Campark Crosstour AKASO APEMAN FITFORT EKEN DBPOWER Sports Action Cameras (Small)	Electronics > Camera & Photo > Bags & Cases > Camera Cases
165	Asus A53E-IS51 15.6" Notebook Computer, Intel Core i5-2450m 2.5GHz, 4GB RAM, 500GB HDD, Win 7 Home Premium 64-bit (Upgradable to Win 8 Pro)	Electronics > Computers & Accessories > Computers & Tablets > Laptops > Traditional Laptops
166	USRobotics MAXg Wireless Router and PC Card Kit	Computers
167	Fire HD 8 Tablet with Alexa, 8" HD Display, 16 GB, Black (Previous Generation – 7th)-Used	Electronics > Computers & Accessories > Computers & Tablets > Tablets
168	[4-Pair] for Airpods Pro Ear Tips (Silicone), WQNIDE Anti Slip Soft Silicone Airpods Pro Replacement Ear Tips Fit in The Charging Case (Black/Blue/Red/Green)	Electronics > Headphones, Earbuds & Accessories > Earpads
169	Ruban Retina 12-inch CRYSTAL CLEAR Rubberized Hard Case and Keyboard Cover for MacBook 12" with Retina Display A1534 (NEWEST VERSION 2017 & 2016) Shell Cover - CRYSTAL CLEAR	Electronics > Computers & Accessories > Laptop Accessories > Bags, Cases & Sleeves
170	Gomadic Classic Straight USB Cable for The LG VX6000 with Power Hot Sync and Charge Capabilities - Uses TipExchange Technology	Electronics > Computers & Accessories > Computer Accessories & Peripherals > Cables & Accessories > Cables & Interconnects > USB Cables
171	JBL Flip 4 Waterproof Portable Wireless Bluetooth Speaker Bundle - (Pair) Black	Electronics > Portable Audio & Video > Portable Speakers & Docks > Portable Bluetooth Speakers
172	Dell Latitude Rugged 7414 HD Business Laptop Notebook Touch Screen (Intel Quad Core i5-6300U, 16GB Ram, 512GB Solid State SSD, HDMI, CAM, Smart Card Reader, DVD-RW) Win 10 Pro (Renewed)	Electronics > Computers & Accessories > Computers & Tablets > Laptops > Traditional Laptops
173	DLO HipCase Leather Folio Case for iPod touch 1G, 2G, 3G (Black)	Electronics > Portable Audio & Video > MP3 & MP4 Player Accessories > Cases
174	ROCKVILLE 6.5" Kick Panel Speaker Pods for 2014-17 Polaris RZR 1000/900S (RockZR)	Electronics > Car & Vehicle Electronics > Vehicle Electronics Accessories > Audio & Video Accessories > Speaker Systems
175	Wander Alarm with Motion Detector	Electronics > Security & Surveillance
176	HyperX 8GB Kit 1866MHz DDR3 PC3-14900 Non-ECC CL11 1.35V Low Voltage SODIMM Notebook Memory DDR3 1866 KHX18LS11P1K2/8	Electronics > Computers & Accessories > Computer Components > Internal Components > Memory
177	Kastar Travel Charger for LP-E10, LC-E10 Work with EOS Rebel T5, EOS Rebel T3, EOS Kiss X50, EOS Kiss X70, EOS 1200D, EOS 1100D DSLR Cameras	Electronics > Camera & Photo > Accessories > Batteries & Chargers > Battery Chargers > Camera
178	GoodFixer for iPad 6 6th Gen Touch Screen Replacement Digitizer, Only for 6th Generation A1893 A1954, with Home Button, Complete Repair Tools Kit, Camera Holder, Pre-Installed Adhesive	Electronics > Computers & Accessories > Tablet Replacement Parts > Screens
179	CaSZLUTION PU Leather Monitor Dust Cover Compatible with Apple 32 Inch Pro Display XDR 32 Inch LCD/LED/HD Panel Dust Cover Case Screen Display Protective Sleeve, PC, Desktop Computer and TV (16:9)	Electronics > Computers & Accessories > Computer Accessories & Peripherals > Monitor Accessories > Covers
180	Built NY E-CLS-OLV Cargo 12-13" Laptop Sleeve (Olive)	Electronics > Computers & Accessories > Laptop Accessories > Bags, Cases & Sleeves > Sleeves
181	67mm Wide Angle Lens for Nikon 28mm f/1.8G, 35mm f/1.4G, 85mm f/1.8G, 16-85mm, 18-105mm, 18-140mm, 70-200mm, 70-300mm VR f/4.5-5.6G IF-ED Lens	Electronics > Camera & Photo > Accessories > Lens Accessories > Adapters & Converters
182	Turtle Beach Audio Advantage Amigo USB Sound Card	Electronics > Computers & Accessories > Computer Components > Internal Components > Internal Sound Cards
183	Xtreme Cables Wired Headset for Compatible Any 3.5mm Device - Retail Packaging - Green	Electronics > Headphones, Earbuds & Accessories > Headphones & Earbuds
184	Silicone Keyboard Cover for Apple iMac Wired USB Keyboard with Numeric Keypad MB110LL/B (A1243) US Layout Ultra Thin Protector Skin (for Apple iMac Keyboard (MB110LL/B), Gradient- Blue)	Electronics > Computers & Accessories > Computer Accessories & Peripherals > Keyboards, Mice & Accessories > Keyboard & Mice Accessories > Keyboard Skins
185	L-com HG908U-PRO 900MHz 8dBi Omnidirectional Antenna N-Female	Electronics > Television & Video > Accessories > Antennas > TV Antennas
186	Cord Storage Reel w/Stand	Electronics > Accessories & Supplies > Cord Management > Cord Reels
187	Vozehui Silicone Bands Compatible with Garmin Vivofit 3/Vivofit JR/Vivofit JR 2 , Soft Silicone Replacement Sport Wristbands for Kids Boys Girls,Small Large	Electronics > Wearable Technology > Clips, Arm & Wristbands
188	Pyle Car Stereo Wiring Kit - Audio Amplifier & Subwoofer Speaker Installation Cables (4 Gauge), Blue (PLAM40)	Car & Vehicle Electronics > Vehicle Electronics Accessories > Vehicle Audio & Video Installation > Amplifier Installation > Amplifier Wiring Kits
189	HP 2022 17.3" FHD Laptop Computer, 11th Gen Intel Core i3-1115G4 Processor, 32GB DDR4 RAM, 1TB PCIe SSD, Intel UHD Graphics, HD Camera, HDMI, Bluetooth, Windows 11, Silver, 32GB SnowBell USB Card	Electronics > Computers & Accessories > Computers & Tablets > Laptops > Traditional Laptops
190	Skytech Chronos White Gaming PC Desktop – Intel Core i9 10900K 3.7 GHz, RTX 3080 Ti, 1TB NVME SSD, 32G DDR4 3200, 850W Gold PSU, 360mm AIO, AC Wi-Fi, Windows 10 Home 64-bit	Electronics > Computers & Accessories > Computers & Tablets > Desktops > Towers
191	Monoprice Smooth Series Full-Motion Articulating TV Wall Mount Bracket - for TVs 42in to 66in Max Weight 66lbs Extension Range of 2.3in to 23.4in VESA Patterns Up to 400x400 Rotating	Electronics > Television & Video > Accessories > TV Mounts, Stands & Turntables > TV Wall & Ceiling Mounts
192	LeenCore 2-Pack Sweet Cute Lovely Cool Colorful Series Silicone Laptop Keyboard Skin Cover Protector for Asus VivoBook UX21E UX21E-DH71 UX21E-DH52 UX21E-XH7 Q200E Q200E-BCL0803E S200E X200CA X202E X202E-DH31T F202E F202E-CT148H Transformer Book Trio TX201LA (if your "enter" key looks like "7", our skin can't fit) + 1x Microfiber Cleaning Cloth from LeenCore (Green+Hot Pink)	Electronics > Computers & Accessories > Computer Accessories & Peripherals > Keyboards, Mice & Accessories > Keyboard & Mice Accessories > Keyboard Skins
193	Anker® Vertical Ergonomic Optical Mouse, Wired, USB, 5 Buttons - Black	Electronics > Computers & Accessories > Computer Accessories & Peripherals > Keyboards, Mice & Accessories > Mice
194	Carson Dellosa Be Bright Motivators Motivational Stickers (168263)	Electronics > Portable Audio & Video
195	Patriot Javelin S4 DLNA Digital Media Server 4-Bay Network Attached Storage NAS RAID 0, 1, 10, 5 PCNASJV35S4 - White	Electronics > Computers & Accessories > Data Storage > Network Attached Storage
196	Birds of a Feather Vinyl Decal Laptop Car Truck Bumper Window Sticker - Charcoal	Electronics > Computers & Accessories > Laptop Accessories > Skins & Decals
197	Boston Acoustics M340 3-Way Floorstanding Speaker: 1-Inch EWB Dome Tweeter, 4 x 4.5 Inches Woofer	Electronics > Home Audio > Speakers > Floorstanding Speakers
198	PS Audio PerfectWave AC‐3 2M	Electronics > Home Audio > Home Audio Accessories > Cables > Power Cords
199	E-YIIVIIL Li-Polymer Replacement Battery A1484 6712-6700 Compatible with Apple iPad Air A1475,A1474,iPad 5, iPad 9.7 A1822,A1823,A1893,A1954 iPad 10.2 A2197, A2198,A2270,A2428	Electronics > Computers & Accessories > Tablet Replacement Parts > Batteries
200	Pentax F5P 9.5-Foot Extension Cord for Pentax Flash Units	Electronics > Pentax > Accessories > Batteries & Adapters
201	LG 32UN550-W Monitor 32" UHD (3840 x 2160) Display, DCI-P3 90% Color Gamut, HDR 10, AMD FreeSync, Borderless Design, Tilt/Height Adjustable Stand - Silver	Electronics > Computers & Accessories > Monitors
202	BeatStreet Bluetooth Speaker for Mobile Devices By Patriot - Up to 8 Hours of HD Audio Playtime - PCBTSCNFC-GY - Grey	Electronics > Portable Audio & Video > Portable Speakers & Docks > Portable Bluetooth Speakers
203	HP Pavilion 15 Premium Gaming Laptop Computer 15.6" FHD AMD Hexa-Core Ryzen 5 4600H (Beats i7-9750H) 8GB DDR4 256GB SSD 4GB GTX 1650 Backlit B&O HDMI Webcam Win 10 + Wireless Mouse	Electronics > Computers & Accessories > Computers & Tablets
204	WINSINN 40mm Fan 5V, 3D Printer Micro 5 Volt Fans 4020 Dual Ball Bearing, Brushless Cooling 40mmx20mm 2PIN (Pack of 2Pcs)	Electronics > Computers & Accessories > Computer Components > Internal Components > Fans & Cooling > Case Fans
205	CERWIN Vega XED4004 400W Max 4-Channel Class D Amplifier (New Arrival)	Electronics > Car & Vehicle Electronics > Car Electronics > Car Audio > Amplifiers > Multichannel Amplifiers
206	AMZER Rugged Silicone Skin Jelly Case for Samsung Galaxy Tab S2 8.0 SM-T710, Red (AMZ97955)	Electronics > Computers & Accessories > Tablet Accessories > Bags, Cases & Sleeves > Cases
207	RCA Cable with Ground Wire, 6ft Turntable Cable Gold Plated 2RCA Male to 2RCA Male with Ground Wire Stereo Interconnect Cable UIInosoo for Turntable, Preamp, Record Player, Amplifier	Electronics > Television & Video > Accessories > Cables > RCA
208	Roku Wireless Speakers (for Roku Streambars or Roku TV)	Electronics > Television & Video > Streaming Media Players
209	Western Digital WD Elements 400 GB USB 2.0 Desktop External Hard Drive WDE1U4000N (Silver)	Electronics > Computers & Accessories > Data Storage > External Hard Drives
210	Futurebatt 9 Cell 7800mAh Laptop Battery for Toshiba PA3533U-1BRS PA3534U-1BRS PA3535U-1BRS Satellite A215 A300 A350D A355D A505 L300 L300D L305 L305D L450 L455 L500 L505 L550 L555 Notebook	Electronics > Computers & Accessories > Laptop Accessories > Batteries
211	LCDOLED® 15.6 inch Touch Screen Digitizer Glass Panel + Bezel for HP Pavilion X360 15-bk002 Series 15-bk002cy 15-bk002nk 15-bk002ds 15-bk002nia 15-bk002tx 15-bk002nx 15-bk002ng	Electronics > Computers & Accessories > Laptop Accessories > Replacement Screens
212	Neewer 2 inches Variable Polarizing Filters Optical Glass for Telescopes and Eyepieces to Dim The View, Increase Contrast, Reduce Glare and Increase Detail (2 Pieces)	Electronics > Camera & Photo > Accessories > Telescope & Microscope Accessories > Telescope Accessories > Filters
213	Gopro Extension Pole Waterproof Telescopic Pole, Number-one Transparent Floating Hand Grip, Extendable Monopod Selfie Stick 14-24'' with Mount Clip for GoPro Hero 6/5/4/3 AKASO YI 4K Action Camera	Electronics > Camera & Photo > Tripods & Monopods > Monopods
214	GarageVac Black Garage Vacuum Wall Mounted Vacuum for Your Garage, Home Office, etc. 6 Year Manufacturer's Warranty and Made in The USA.	Electronics > Accessories & Supplies > Mounts
215	MightySkins Skin Compatible with Amazon Echo Show (2nd Gen) - Mini Galaxy Bots | Protective, Durable, and Unique Vinyl Decal wrap Cover | Easy to Apply, Remove, and Change Styles | Made in The USA	Amazon Devices & Accessories > Amazon Device Accessories > Skins
216	Lenovo ThinkPad L13 Yoga 2020 Newest 2 in 1 Laptop I 13.3" FHD IPS Touch I 10th Gen Intel Quad-Core i5-10210U(>i7-7500U) I 8GB DDR4 512GB PCIe SSD I Backlit KB FP Win 10 + 16GB Micro SD Card	Electronics > Computers & Accessories > Computers & Tablets > Laptops > Traditional Laptops
217	for Delta BFB1012VH 9733 Turbo Centrifugal Fan Blower 12V 1.80A Wind Capacity 979733mm	Electronics > Computers & Accessories > Computer Components > Internal Components > Fans & Cooling > Case Fans
218	CalDigit VR Mini 2 Portable RAID - USB 3.0 and FireWire 800 (VRmini2-4000-US)	Electronics > Computers & Accessories > Data Storage
219	iSound Sesame Street Elmo Travel Headphones	Electronics > Headphones, Earbuds & Accessories > Headphones & Earbuds > Over-Ear Headphones
220	New Super Multi 8X DVD+-RW/R DL Writer 24X CD-R Burner, for LG HL-DT-ST DVD-RAM GU90N, for HP Dell Laptop PC Internal 9.5mm SATA Slim Tray-Loading Optical Drive Replacement Parts	Electronics > Computers & Accessories > Computer Components > Internal Components > Internal Optical Drives > Internal CD & DVD Drives
221	HONUTIGE Gaming Headset Cat Ear Headphone with RGB LED Light Microphone Stereo Sound Glowing Over-Ear Gaming Headsets for Kids and Adult	Electronics > Headphones, Earbuds & Accessories > Headphones & Earbuds > Over-Ear Headphones
222	ADAMANT CUSTOM Liquid Cooled Desktop Computer Workstation AMD Ryzen 7 5800X 3.8Ghz X570 32Gb DDR4 RAM 10TB HDD 4TB SSD 600W PSU WIN10 PRO Wi-Fi Bluetooth Quadro T1000 4Gb 4X MiniDisplayPort	Electronics > Computers & Accessories > Computers & Tablets > Desktops > Towers
223	Apex PF-2725 27" Flat Screen TV	Electronics > Adzinia CE Node
224	Ceiling Fan Duster (23930)	Electronics > Computers & Accessories > Computer Accessories & Peripherals > Cleaning & Repair > Compressed Air Dusters
225	Standing Desk Height Adjustable Desk Stand Up Desk Converter Quick Sit to Stand Gas Spring Riser 29 Inch Wide Tabletop Workstation with Sturdy Frame for PC Desktop Laptop Dual Monitor, Black	Electronics > Computers & Accessories > Computer Accessories & Peripherals > Monitor Accessories > Monitor Stands
226	Dreamall 2014 Most Fashionable Dancing Water Fountain,4 LED Colors and USB Speaker(White)	Electronics > Portable Audio & Video > Portable Speakers & Docks > Portable Bluetooth Speakers
227	Scckcc Replacement Remote Control for Sony CD Player RM-DC525 CDP-CE5 CDP-CE525 CDP-CE535 RM-DC355 CDP-C5CS CDP-CE345 CDP-CE5 CDP-CE525 CDP-CE535 Compact Disc CD Player	Electronics > Television & Video > Accessories > Remote Controls
228	2 Pack Pc Water Cooling Fittings 90 G1/4" Male to Female Extender Fitting Rotary Enhance Multi Link Black Adapter Fitting for Computer	Electronics > Computers & Accessories > Computer Components > Internal Components > Fans & Cooling > Water Cooling Systems
229	EZ-Fit Clear Voice Tube, Compatible with Plantronics H51 Headset	Electronics > Accessories & Supplies > Telephone Accessories > Headsets
230	2 Pieces PCI E PCI Extension Cable PCIE Riser 1X Express 36pin with Gold Plated Connector, 90 Degree, 20 cm	Electronics > Home Audio > Home Audio Accessories > Cables > Power Cords
231	All-New Amazon Fire HD 8 Tablet Case,Riaour Kids Shock Proof Protective Cover Case for Amazon Fire HD 8 Tablet (6th Generation,2016 Release / 7th Generation,2017 Release) (Black-1)	Electronics > Computers & Accessories > Tablet Accessories > Bags, Cases & Sleeves > Cases
232	Dell Inspiron 545 Piano Black Desktop PC with 22-Inch HD Monitor (Windows 7 Home Premium) [Discontinued By Manufacturer]	Electronics > Computers & Accessories > Computers & Tablets > Desktops > Towers
233	Adamanta 2TB (64x32GB) Memory Upgrade Compatible for Servers DDR4 2133MHz PC4-17000 ECC Registered Chip 2Rx4 CL15 1.2v DRAM RAM	Electronics > Computers & Accessories > Computer Components > Internal Components > Memory
234	Shark Fin Antenna Adapter, SFA12F	Electronics > Car & Vehicle Electronics > Vehicle Electronics Accessories > Audio & Video Accessories > Antennas
235	AVF EAK90-E Soundbar Mount for Mounting Soundbar Above or Below TV, Black	Electronics > Television & Video > Accessories > TV Mounts, Stands & Turntables > TV Wall & Ceiling Mounts
236	Replacement Remote Control for Insignia NS32L430A11, NSL42Q10A, NSL32Q10A, NSL37Q10A	Electronics > Television & Video > Accessories > Remote Controls
237	Zitrades 4.72" 500 pieces Assorted Cable Ties Red/Yellow/Blue/Green/Orange By Zitrades	Electronics > Accessories & Supplies > Cord Management > Cable Ties
238	Midland AVPH1 Open Face Helmet Headset for Midland GMRS	Electronics > Portable Audio & Video > CB & Two-Way Radios > Accessories > Headsets & Microphones
239	SLIK Pro 624 CF 4-Section Carbon Fiber Tripod, Black (611-615)	Electronics > Camera & Photo > Tripods & Monopods > Tripod Legs
240	Gateway SX2855-UB10P Celeron G460 1.8GHz 2GB 250GB DVD±RW DL Windows 7 Home Premium Small Form Factor w/HDMI	Electronics > Computers & Accessories > Computers & Tablets > Desktops > Towers
241	Digitalsync-LCD & Digitizer Assembly for Asus Google Nexus 7 2013 Version Black Replacement	Electronics > Computers & Accessories > Laptop Accessories > Replacement Screens
242	ASUS Eee PC 1015PX-PU17-WT 10.1-Inch Netbook (White)	Electronics > Computers & Accessories > Computers & Tablets
243	Monster MC 700 HD Advanced High Speed HDMI Cable – 2 M/ 6.6 feet	Electronics > Television & Video > Accessories > Cables > HDMI Cables
244	GARMIN 010-00544-13 GTM(TM) 20 Traffic Receiver GARMIN 010-00544-13 GTM(TM) 20 Traffic Receiver	Electronics > GPS, Finders & Accessories > GPS System Accessories > Traffic Message Channel (TMC) Receiver Modules
245	Polyester 18650 Battery Pouch Case for 4PCS 18650 Battery with Extra Zipped Pocket, Hoop&Loop Closure Design 18650 Battery Storage Organizer, Water-Resistant and Easy Carrying with Carabiner	Electronics > Household Batteries, Chargers & Accessories > Battery Storage Containers
246	STM Impulse, Backpack for 15-Inch Laptop and Tablet - Black (stm-111-024P-01)	Electronics > Computers & Accessories > Tablet Accessories > Bags, Cases & Sleeves > Sleeves
247	New LDB Bench Type Digital Multimeter VC8045 19999 Counts	Electronics > Computers & Accessories > Computer Components > Laptop Replacement Parts
248	Heavy Duty Clamp Desk Table Wheelchair Stroller Mount for 7" - 13" Tablet/Ipad	Electronics > Computers & Accessories
249	CNE48179 Surge/Flat Rotating Plug, 6-Outlet, Gray, Metal, Commercial Grade, 1x3 MOV, Power Cord 25-Feet	Electronics > Accessories & Supplies > Power Strips & Surge Protectors > Surge Protectors
250	Insignia - Omnidirectional Lapel Microphone	Electronics > Camera & Photo > Accessories > Professional Video Accessories > Microphones
251	DATA COMM Hole Saw Brush Wall Plate - 2x2 In Wall Cable Management Plate to Hide Low Voltage Cables - Low Profile Recessed Cable Plate for Cable Pass Through – Hide TV Wires Behind the Wall, XX-Large, Black	Electronics > Home Audio > Home Audio Accessories > Distribution > Wall Plates & Connectors
252	ConnectPRO UR-12-KIT , 2-port USB 2.0 KVM Switch with Cables	Electronics > Computers & Accessories > Computer Components > External Components > KVM Switches
253	Eaglewireless Touch Screen,Front Glass Digitizer Replacement for Samsung Galaxy Tab A 8.0 2017 WiFi Version T380, NOT for LTE SM-T385(NO LCD) -Black	Electronics > Computers & Accessories > Tablet Replacement Parts > Screens
254	Viewsat PVR 7000 Free to Air Satellite Receiver	Electronics > Television & Video > Satellite Television > Receivers
255	Seas Prestige 19TFF1 3/4" Textile Dome Tweeter (H0737-08)	Electronics > Car & Vehicle Electronics > Car Electronics > Car Audio > Speakers > Coaxial Speakers
256	Ardinbir Studio 2x Chain Manual Drive Photography Background Backdrop Support System with Hooks, Rollers and Chains - Light Stand, Wall or Ceiling Mounted	Electronics > Camera & Photo > Lighting & Studio > Photo Studio > Background Support Equipment
257	Kay Dee Designs, Dogwood and Cardinal 2022 Calendar Towel	Electronics > Computers & Accessories > Computer Accessories & Peripherals > USB Hubs
258	Skullcandy 50/50 Ear Buds w/Mic3 Lurker Green/Black (2012 Color), One Size	Electronics > Headphones, Earbuds & Accessories > Headphones & Earbuds > Earbud Headphones
259	Home Security Wireless Door Bell-1 Door Bell 2 Remote Control Features 38 Music	Electronics > Security & Surveillance > Home Security Systems
260	Hydei Slim Nylon Jacket Sleeve for Samsung Galaxy Tab 10.1 Inch 32GB 16GB Wi Fi (Compatible All Versions of Samsung Tablet 10.1)	Electronics > Computers & Accessories > Laptop Accessories > Bags, Cases & Sleeves
261	Sony DCCFMT50U Car FM Stereo Transmitter	Electronics > Portable Audio & Video > MP3 & MP4 Player Accessories > Bluetooth & FM Transmitters > FM Transmitters
262	Hawking HGS8T 8-Port 10/100/1000M Auto-Sensing Gigabit Switch	Electronics > Computers & Accessories > Networking Products > Switches
263	MacBook Air 13 Sleeve, GMYLE Sleeve Letter for MacBook Air 13 inch - Black Crazy Horse Pattern Magnetic Closure Design with Red Microfiber Inside PU Leather Ultra Slim Envelope Sleeve Bag Case Cover	Electronics > Computers & Accessories > Laptop Accessories > Bags, Cases & Sleeves > Sleeves
264	ReadyWired USB Cable Cord for SanDisk 250GB, 500GB, 1TB, 2TB Extreme Portable SSD - SDSSDE60	Electronics > Computers & Accessories > Computer Accessories & Peripherals > Cables & Accessories > Cables & Interconnects > USB Cables
265	Rembam 5811118924-SOT/BL-FP280J Premium Quality Replacement Lamp with Housing for Optoma EH415 EH415ST HD37 W415	Electronics > Television & Video > Accessories > Projector Accessories > Lamps
266	Valley Of The Sun Dual Layer 8X DVD+-RW DVD-R DL Writer 24X CD M-Disc Burner for MSI GE62 GE72 GP62 GP72 PE70 2QD 2QE 6QF Apache Pro Gaming Laptop Internal Super Multi Slim Optical Drive Replacement	Electronics > Computers & Accessories > Computer Components > Internal Components > Internal Optical Drives > Internal CD & DVD Drives
267	Mektron Case for MacBook Air 13 inch 2021 2020 2019 2018 Release A2337 M1 A2179 A1932 Keyboard Cover & Screen Protector & Dust Plug Crystal Hard Shell Case for Mac Air 13" Case Touch ID, Black	Electronics > Computers & Accessories > Laptop Accessories > Bags, Cases & Sleeves > Hard Shell Cases
268	PcProfessional Screen Protector (Set of 2) for Dell Inspiron 11 3000 Series 3168 11.6" 2 in 1 Touch Screen Laptop Anti Glare Anti Scratch	Electronics > Computers & Accessories > Laptop Accessories > Screen Protectors
269	Kapaxen Dual Channel LCD Charger for JVC SSL-JVC50, SSL-JVC70, and SSL-JVC75 Batteries	Electronics > Camera & Photo > Accessories > Batteries & Chargers > Battery Chargers > Camera
270	3 Pack Compatible with Fit bit Charge 4/Charge 3 Screen Protector,Valband Ultra Slim Soft Full Cover Case [Scratch-Proof] Bumper for Fit bit Charge 4 and Fit bit Charge 3/SE	Electronics > Wearable Technology > Arm & Wristband Accessories
271	MPF Products I-USB7 I-USB17 I-USB33 USB Cable Cord Replacement Compatible with Select Pentax Optio Digital Cameras (Compatible Models Listed in Description Below)	Electronics > Camera & Photo > Accessories > Cables & Cords
272	BN59-01266A Sub BN59-01265A RMCRMM1AP1 Replace Remote Control Work for Samsung Smart 4K Ultra HDTV 43MU6300UN24 49MU650DFXZA 55MU6300UN24 65MU6300UN24 UN40MU630DFXZA UN43MU6300AFXZA	Electronics > Television & Video > Accessories > Remote Controls
273	BOWER 0.42x FISHEYE LENS for DIGITAL CAMERA / CAMCORDER [Camera]	Electronics > Camera & Photo > Lenses > Camcorder Lenses
274	100 Pcs Sunflower Stickers, Waterproof Vinyl Sunflower Stickers for Laptop, Bumper, Water Bottles, Computer, Phone, Refrigerator, Car Stickers and Decals for Women Girls	Electronics > Computers & Accessories > Laptop Accessories > Skins & Decals > Decals
275	TNP iPad Mini Shockproof Case (Dark Blue) - Dual Layer Hybird Heavy Duty Kids Proof High Impact Lightweight Armor Full Body Protective Cover Stand for Apple iPad Mini 3 / iPad Mini 2	Electronics > Computers & Accessories > Tablet Accessories > Bags, Cases & Sleeves > Cases
276	Cisco Systems Wireless-N Single Radio Access Point (WAP551AK9)	Electronics > Computers & Accessories > Networking Products > Wireless Access Points
277	GoPro HERO7 (Black) Waterproof Digital Action Camera with Touch Screen 4K HD Video 12MP Photos Live Streaming Stabilization - Bundle with 64GB Memory Cards + Floating Strap + More	Electronics > Camera & Photo > Video > Sports & Action Video Cameras
278	CA-570 AC Adapter Charger Compatible with Canon XA25,XA10,XA-20,Canon XA30,HG20,XH-A1,XA-30,Vixia HF100, XA11,HF G20, Vixia HF G20,FS3000,FS200,Vixia HG21,Vixia HFM31,Canon ZR60,HV30,HV20,HV20A,HV40	Electronics > Camera & Photo > Accessories > Batteries & Chargers > Adapters
279	INNOMAX USB C Hub, MacBook Pro USB C Adapter, 7-in-1 USB C Dongle with 4k HDMI, SD/TF Card Reader, 3 USB 3.0 Ports for MacBook/Air/iPad Pro 2020/19/18/ USB-C Laptops, Nintendo-Silver	Electronics > Computers & Accessories > Computer Accessories & Peripherals > USB Hubs
280	1 GB Secure Digital Memory Card Security Digital Card,Memory Card High Speed Compatible with Cameras camcorders Computers car Readers and Other Compatible Devices (1 Pcs)	Electronics > Computers & Accessories > Computer Accessories & Peripherals > Memory Cards > SD Cards
281	Mini PCI-E Express mSATA Extension Cable pcie Extender for Wireless Card mSATA SSD	Electronics > Computers & Accessories > Computer Accessories & Peripherals > Cables & Accessories > Cables & Interconnects > SATA Cables
282	TP-LINK AC2600MUMIMO WiFi Router	Electronics > Computers & Accessories > Networking Products > Routers
283	Iron Box Angled C14 to C13 Power Cords - 2 Foot, Right Angle, Black, 15A/250V, 14/3 AWG, IEC 60320 - Iron Box Part # IBX-4940-02	Electronics > Home Audio > Home Audio Accessories > Cables > Power Cords
284	PcProfessional Screen Protector (Set of 2) for Dell G3 G7 Series 3579 7988 15.6" Laptop High Clarity Anti Scratch Filter Radiation Microfiber Cloth	Electronics > Computers & Accessories > Laptop Accessories > Screen Protectors
285	FEDAI IEMs Case,Mini Portable Earphone Case, Waterproof Aluminum Alloy Housing Headphone Case for Travel, Protective, Water Resistant, Crash Proof,Lightweight Universal Carrying Bag（Black，No Logo）	Electronics > Headphones, Earbuds & Accessories > Cases
286	Teal Purple Tinsel Foil Fringe Curtains - Under The Sea Baby Shower Birthday Photo Backdrops Wedding Summer Beach Pool Party Decor Photo Booth Props Backdrops Decorations, 2PC	Electronics > Camera & Photo > Lighting & Studio > Photo Studio > Backgrounds
287	Samsung Security Camera CCTV SDC-8440BC 720p HD Analog IR Weatherproof IP66 Indoor Outdoor CCTV Security Bullet Camera	Electronics > Camera & Photo > Video Surveillance > Surveillance Cameras > Bullet Cameras
288	Celtic Items Camera Backpack with Laptop Compartment for Photographers. Waterproof Camera Bag for DSLR, SLR, Mirrorless, Video, Drone Cameras, Lenses, Accessories, Tripod. Fits 17 inch Laptop. Black.	Electronics > Camera & Photo > Bags & Cases > Camera Cases
289	12v 2A Power Adapter AC/DC Adaptor with 12 pin Female conntector Cable for Basler Industrial Camera	Electronics > Camera & Photo > Accessories > Batteries & Chargers > Adapters
290	Bone Conduction Headphones - Open-Ear Design - Bluetooth 5.2 Sports Wireless Earphones with Built-in Mic - Sweat Resistant Headset for Running Cycling Hiking Driving, Black (FAS235)	Electronics > Headphones, Earbuds & Accessories > Headphones & Earbuds > Earbud Headphones
291	ZeroSurge 2R15W - 2 Outlet Plug-in Surge Protector	Electronics > Accessories & Supplies > Power Strips & Surge Protectors > Surge Protectors
292	Memphis Audio PRX1044 Power Reference Series 10 Inch 250 Watt RMS 500 Watt Peak Dual Subwoofer Vehicle Car Audio System	Electronics > Car & Vehicle Electronics > Car Electronics > Car Audio > Subwoofers > Component Subwoofers
293	Postta 14-Gauge Speaker Wire Cable with Pure Copper Core Stranded Conductors - 50 Feet	Electronics > Television & Video > Accessories > Cables > Speaker
294	UpBright 15V AC/DC Adapter Compatible with Belkin F7U050 F7U052 F7U054 F7U027 Boost Up Wireless Qi Charging Pad ADS-26FSG-12 15023EPCU 15023EPC 15023EPB Shenzhen Honor Power Supply Battery Charger PSU	Electronics > Power Accessories > AC Adapters
295	Morex SR7879-200W Mini ITX NAS Chassis w/ 4 x 3.5 Drive Bays, 200W Flex ATX Power Supply	Electronics > Computers & Accessories > Computer Components > External Components > Computer Cases
296	QUMOX Dual Port CF Adapter Reader for Micro SD/SDXC TF to Compact Flash CF Type 1 Memory Card	Electronics > Computers & Accessories > Computer Accessories & Peripherals > Memory Card Accessories > Memory Card Readers
297	Beats by Dr.Dre PRO | Beats Pro Over Ear Headphone (Black 900-00034-01)	Electronics > Headphones, Earbuds & Accessories > Headphones & Earbuds > Over-Ear Headphones
298	T POWER Charger for X-Star Mostcn # M120500P911 HU10572-10001A Monitor Replacement Switching Power Supply Cord Ac Dc Adapter	Electronics > Power Accessories > AC Adapters
299	Monoprice 110903 TV Stand for Flat Panel TVs Up to 42-Inch	Electronics > Television & Video > Accessories > TV Mounts, Stands & Turntables
300	GSI Super Quality Multi-function Timer Remote Control Shutter for Pentax K5, K7, K100d Super, K20d, K200d, K10d, Ds2, Lst, Mz-l, K100d, Ist D, Ist Dl, Zx-l, K110d, Ist Ds, Dl2, Mz-6, Contax 645, N, N1, Nx, N Digital, Samsung Gx-1l, Gx-1s, Gx-10, Gx-20, 30, 50, 7, 300d,3000, 33, 55, 7s, 350d, 500n, Canon Rebel Xsl, 450d, 50e, 500, 300, 300x, 300v, 400d, 60d, Xti/xt, Elan7/7n/7ne/ii/iie/t2/ti/x/xs/g/2000 Cameras, LCD Illuminated Screen, Exceeds the Canon Rs-60e3.	Electronics > Camera & Photo > Accessories > Digital Camera Accessories > Shutter Release Cords
301	Cotytech Dual Apple Desk Mount Spring Arm Clamp Base - Silver (DM-GS2A-C)	Electronics > Computers & Accessories > Computer Accessories & Peripherals > Monitor Accessories > Monitor Stands
302	Toplife Mini Handheld Fan, Portable Personal USB Rechargeable Battery Operated Cooling Fan, Desk Stroller Table Fan Ideal for Outdoor Camping Hiking and Indoor Office Dormitory and More(Blue)	Electronics > Computers & Accessories > Computer Accessories & Peripherals > USB Gadgets > USB Fans
303	Blue Microphones Bluebird SL Large-Diaphragm Condenser Microphone with Closed-Back Headphones, XLR Cable, and Deluxe Bundle	Electronics > Camera & Photo > Video > Camcorders
304	Canon EOS M50 Mirrorless Digital Camera (Black) with 15-45mm & 55-200mm STM Lens Kit with Premium Accessory Bundle	Electronics > Camera & Photo > Digital Cameras > Mirrorless Cameras
305	Ruaeoda USB to USB Cable Male to Male 20 ft, Long USB 3.0 Cable A to A for Data Transfer Hard Drive Enclosures, Printer, Modem, Cameras	Electronics > Computers & Accessories > Computer Accessories & Peripherals > Cables & Accessories > Cables & Interconnects > USB Cables
306	Garmin Fusion® FM Series Marine Speakers, 7.7" 200-Watt Flush Mount Round White, A Brand	Electronics > Car & Vehicle Electronics > Marine Electronics > Marine Two-Way Radios
307	QIVYNSRY 2 Pack M.2 heatsink 2280 SSD Heat Sink 2Pack, Only Support Single-Sided 2280 M.2 SSD, with Thermal Silicone Pad for PS5 PCIE NVME M.2 SSD or NGFF SATA M.2 SSD Computer and PC, Grey	Electronics > Computers & Accessories > Computer Components > Internal Components > Fans & Cooling > Heatsinks
308	Seidio Surface Case with Metal Kickstand for Samsung Galaxy S5 - Retail Packaging - Orchid	Electronics > Computers & Accessories > Tablet Accessories > Bags, Cases & Sleeves > Cases
309	High Point RocketRAID 2642 4-Channel PCI-Express x4 SAS 3Gb/s RAID Controller	Electronics > Computers & Accessories > Computer Components > Internal Components > I/O Port Cards > RAID Controllers
310	Altec Lansing Jacket	Electronics > Portable Audio & Video > Portable Speakers & Docks > Portable Bluetooth Speakers
311	comoxi Maker Holder, Pink	Electronics > Computers & Accessories > Computer Accessories & Peripherals > USB Gadgets > USB Fans
312	ProElife 13-Inch Laptop Sleeve Case for 2021-2018 MacBook Air 13'' A2337 M1 /A1932/A2179 & 2021-2016 MacBook Pro 13'' A2338 M1 /A2251/A2289/A2159/A1989 Waterproof PU Leather Portable Bag Cover (Pink)	Computers
313	Lavievert Leather Bag Slim Simple Cover Professional Snug Sleeve Case with Microfiber Felt Lining for Samsung Galaxy Tab 7 (Tab 3 and Tab 4, Size 7.0) – Gray	Electronics > Computers & Accessories > Laptop Accessories > Bags, Cases & Sleeves > Sleeves
314	Sonic Alert Remote Receiver SA-201	Electronics > Home Audio > Home Theater > Receivers & Amplifiers > Receivers
315	Sandisk SDSDPH-1024-901 1 GB Ultra II SD Plus USB (No Retail Package)	Electronics > Computers & Accessories > Computer Accessories & Peripherals > Memory Cards > SD Cards
316	Dakine Campus 33 Liter Backpack - Blue Isle	Electronics > Computers & Accessories > Laptop Accessories > Bags, Cases & Sleeves > Backpacks
317	Arrowmax ASK2425-M12 1-Wire Clear Coil Surveillance Kit for Motorola SL1K SL1M SL7550 SL300 SL500	Electronics > Portable Audio & Video > CB & Two-Way Radios > Accessories > Headsets & Microphones
318	dCables Olympus SZ-20 USB Cable - USB Computer Cord for SZ-20	Electronics > Computers & Accessories > Computer Accessories & Peripherals > Cables & Accessories > Cables & Interconnects > USB Cables
319	Business Source Privacy Screen Filter, Black (20665)	Electronics > Computers & Accessories > Computer Accessories & Peripherals > Monitor Accessories > Anti-Glare & Privacy Filters
320	TPM2.0 Security Module 12Pin -SPI MSI（12-1） Trusted Platform for MSI MS -4136-4462	Electronics > Computers & Accessories > Computer Components > Internal Components > Motherboards
321	Ion Audio Tailgater Flash Wireless Rechargeable Speaker System IPA88 - (Renewed)	Electronics > Portable Audio & Video > Portable Speakers & Docks > Portable Bluetooth Speakers
322	ZVOX SoundBase 670 36”Sound Bar with 3 Built-In Subwoofers, Bluetooth, AccuVoice	Electronics > Home Audio > Speakers > Sound Bars
323	Chil PowerShare Adapter for iPod Touch (0212-4092)	Electronics > Computers & Accessories > Tablet Accessories > Chargers & Adapters
324	Sunpak 7-Inch Acrylic Digital Photo Frame (Black)	Electronics > Camera & Photo > Lighting & Studio > Photo Studio > Storage & Presentation Materials > Digital Picture Frames
325	Replacement Remote Control for ILUV IMM9400	Electronics > Television & Video > Accessories > Remote Controls
326	Huawei Freebuds Pro Active Noise Cancellation Earbuds MermaidTWS - Silver Frost	Electronics > Headphones, Earbuds & Accessories > Headphones & Earbuds > Earbud Headphones
327	5ft Black Quad Shield Indoor/Outdoor RG-6 Coax Cable 75 Ohm 3Ghz UV Resistance (CATV, Satellite TV, or Broadband Internet) with Compression COAXIAL CONNECTORS	Electronics > Television & Video > Accessories > Cables > Coaxial Cables
328	Laptop Faraday Bag 13.5" RFID Privacy Protection Anti-Tracking Anti-Spying EMP GPS RFID Signal Blocking Bag …	Electronics > Computers & Accessories > Computer Accessories & Peripherals > Hard Drive Accessories > Hard Drive Bags & Cases
329	Pro Deluxe Large Carrying Bag Camera Case for Nikon Coolpix B600 P1000	Electronics > Camera & Photo > Bags & Cases > Camera Cases
330	TagsForDroid 20 NFC Tags + 1 NFC Key Chain + Stickers (NTAG203)	Electronics > Computers & Accessories > Data Storage > USB Flash Drives
331	USB 3.1 Type C,NewLobo2Pack USB-C to Type A USB 3.0 Female Adapter for Apple New Macbook 12 Inch,ChromeBook Pixel, Nokia N1 Tablet and Other Type-C Devices(2Pack)-Black and Blue	Electronics > Computers & Accessories > Computer Accessories & Peripherals
332	100V-240V to 24V 1.5A AC/DC Switching Power Supply Adapter 24Volt 1500mA Power Charger with 5 Selectable Adapter Plugs	Electronics > Power Accessories > AC Adapters
333	Bluedio Bluetooth 5.0 Headphones Over Ear, Wireless and Wired Bluetooth On-Ear Stereo Earphones Noise Cancelling Headsets with Microphone, Line-in/Line-Out/Amazon Web Service/Voice Contrl (White)	Electronics > Headphones, Earbuds & Accessories > Headphones & Earbuds > Over-Ear Headphones
334	Olympus SP-700 6 Megapixel Digital Camera	Electronics > Camera & Photo > Digital Cameras > Point & Shoot Digital Cameras
335	2018 Lenovo IdeaCentre Y900 Desktop Computer, Intel Quad-Core i7-6700K up to 4.2GHz, 16GB DDR4 RAM, 128SSD+1TB 7200RPM HDD, AMD Radeon RX 460, WiFi 802.11ac, Windows 10 Home	Electronics > Computers & Accessories > Computers & Tablets > Desktops > Towers
336	Stellar Lighting Webstar ll	Electronics > Computers & Accessories
337	IBM PS/2 Two Button Combo Classic "Roller Ball" Mouse (Pearl)	Electronics > Computers & Accessories > Computer Accessories & Peripherals > Keyboards, Mice & Accessories > Mice
338	KEAYEO 2-Pack 7" Portable Photography Video Light Kit Dimmable 5800K 120 Lamp Beads Super Bright LED Fill Light with Tripod Stand and 5 Color Filters for Meeting Table Top Photo Video Studio Shooting	Electronics > Camera & Photo > Lighting & Studio > Lighting > On-Camera Video Lights
339	Replacement Remote Control for PANASONIC YEFX9995179, CYVHD9500U	Electronics > Television & Video > Accessories > Remote Controls
340	TP-Link AXE5400 Tri-Band WiFi 6E Router (Archer AXE75)- Gigabit Wireless Internet, ax Router for Gaming, VPN Router, OneMesh, WPA3	Electronics > Computers & Accessories > Networking Products > Routers
341	Brother Extra Strength Adhesive Tape 24mm x 8m Black On White (TZe-S251)	Electronics > Accessories & Supplies > Office Electronics Accessories > Labeling Tapes
342	Verbatim 2.0GB Dc9200 Cart For Qic 2GB-Dc Dr 1Pk (Discontinued by Manufacturer)	Electronics > Computers & Accessories > Computer Accessories & Peripherals > Blank Media > Data Cartridges
343	GWSecurity AC to DC Wall Power Supply Adapter - 12V DC 7A, 5.5mm - 2.1mm for For 110V- 240V AC 50/60Hz 2.1mm Plug (12V 7A with 1 to 8 Power Splitter)	Electronics > Power Accessories > AC Adapters
344	[Upgraded Version] Surface Pro Charger 65W for Surface Pro 3/4/5/6/7/8/9/X Power Supply Adapter, Compatible for Both Microsoft Surface Book Laptop/Tablet，Works with 65W&44W&36W&24W (6.6 Ft Cord)	Electronics > Computers & Accessories > Laptop Accessories > Chargers & Adapters
345	KODAK PIXPRO AZ527 20MP Bridge Astro Zoom Digital Camera, 52x Optical Zoom, Black Bundle with Shoulder Bag, Octopus Tripod, Card Reader, 32GB SD Card, Cleaning Kit, Wrist Strap	Electronics > Camera & Photo > Digital Cameras > Point & Shoot Digital Cameras
346	Night Owl 16-Channel 1080p Security System with 1 TB Hard Drive, 8x 1080p Bullet Cameras, and 100 Night Vision	Electronics > Camera & Photo > Video Surveillance > Surveillance Cameras
347	Sylvania SCR1206 Dual Alarm Clock Radio with 1.8-Inch Jumbo Digits	Electronics > Home Audio > Compact Radios & Stereos > Clock Radios
348	Phanteks Universal Extension Cables Kit - PH-CB-CMBO_WG,White/Grey	Electronics > Computers & Accessories > Computer Components > External Components
349	2.4G Number Pad, Kadaon 19 Keys Waterproof Silent Numeric Keypad with Mini USB Cable, for Laptop/Notebook, Compatible with Windows System	Electronics > Computers & Accessories > Computer Accessories & Peripherals > Input Devices > Numeric Keypads
350	Newspaper Preservation Box with 5 Pcs Acid Free Archival Tissue Paper Yellow Acid Free Storage Boxes Archival Photo Box Archival Photo Storage Boxes for Cards Pictures Craft Book 13 x 18 x 3 Inches	Electronics > Camera & Photo > Lighting & Studio > Photo Studio > Storage & Presentation Materials > Archival Boxes
351	Complete 77mm Lens Kit For The Canon EOS 6D, 7D, 5D Mark II, 5D Mark III Digital SLR Cameras: Includes: 4 Piece Macro Lens Kit, 3 Piece Professional Filter Kit, Lens Cleaning pen & CS Microfiber Cleaning Cloth	Electronics > Camera & Photo > Accessories > Lens Accessories
352	Black Point Products BS-055 25-Foot RG-6 Weatherproof Coax with Fittings, Black	Electronics > Television & Video > Accessories > Cables > Coaxial Cables
353	JackCubeDesign 2-Tier Laptop Monitor Stand Computer Shelf Riser Desktop Notebook Organizer Storage Saving Space Holder(Black, 16.7 X 9.3 X 5.5 inches) – MK425A	Electronics > Computers & Accessories > Computer Accessories & Peripherals > Monitor Accessories > Monitor Stands
354	Axrtec AVT-17 Tripod - Black	Electronics > Camera & Photo > Tripods & Monopods > Complete Tripods
355	PNY CS900 250GB 3D NAND 2.5" SATA III Internal Solid State Drive (SSD) - (SSD7CS900-250-RB)	Electronics > Computers & Accessories > Data Storage > Internal Solid State Drives
356	dCables Olympus SZ-15 USB Cable - USB Computer Cord for SZ-15	Electronics > Computers & Accessories > Computer Accessories & Peripherals > Cables & Accessories > Cables & Interconnects > USB Cables
357	Polare Mens Italian Oil Leather Professional Business Briefcase Messenger Bag Fit 17'' Laptop	Electronics > Computers & Accessories > Laptop Accessories > Bags, Cases & Sleeves > Messenger & Shoulder Bags
358	Lecone Waist USB Fan 5 Inch Fan Cover 3 Speeds Desktop Table Portable Fan with LED Light Powerful Wind Quiet Operation for Home Office Car Outdoor Travel	Electronics > Computers & Accessories > Computer Accessories & Peripherals > USB Gadgets > USB Fans
359	Kastar 3X Battery + Charger for Kodak KLIC-7003 K7003, GE GB-40 & Kodak EasyShare M380 M381 EasyShare M420 EasyShare V803 EasyShare V1003 EasyShare Z950, GE E1030 E1040 E1050TW E1240 E1250TW E850 H855	Electronics > Camera & Photo > Accessories > Batteries & Chargers > Battery Chargers
360	Lingsor Case for 2017 iPad 9.7 /iPad 5th Gen [Model A1822, A1823] - 360 Degree Rotating Stand Magnetic Smart Leather Cover with Auto Sleep Wake, Navy Blue	Electronics > Computers & Accessories > Tablet Accessories > Bags, Cases & Sleeves > Cases
361	CowboyStudio Photography Backdrop Supporting System with 9 Feet Updated Crossbar and Case	Electronics > Camera & Photo > Lighting & Studio > Photo Studio > Background Support Equipment
362	Polaroid Originals Instant Color Film i-Type - Rose Gold Edition (4832)	Electronics > Camera & Photo > Film Photography > Film
363	Casio 3" Handheld Color TV (EV-680)	Electronics > Portable Audio & Video > Portable & Handheld TVs
364	Ac Power Adapter for Canon EOS 450d 500d 1000d Xs Xsi T1i As Ack-e5 Dr-e5 New	Electronics > Computers & Accessories > Tablet Accessories > Chargers & Adapters
365	I/O Crest 4 Port SATA III PCI-e 2.0 x2 HyperDuo RAID Card Marvell 9230 Chipset SI-PEX40057	Electronics > Computers & Accessories > Computer Components > Internal Components > I/O Port Cards > RAID Controllers
366	BLESYS HS04 807612-831 807957-001 HS03 HSTNN-LB6V 807956-001 HSTNN-LB6U 807612-421 N2L85AA Laptop Battery Replacement for HP 240 G4 250 G4 255 G4 340 G3 240 G5 250 G5 HP Notebook 15 Series	Electronics > Computers & Accessories > Laptop Accessories > Batteries
367	Neewer 34 inches/85cm Lantern Softbox Soft Light Diffuser with Skirt, Compatible with Neewer CB60 CB100 CB150, Aputure 300D II 120D, Godox SL-60W and Other Bowens Mount Light, with Carry Bag	Electronics > Camera & Photo > Lighting & Studio > Lighting > Lighting Controls & Modifiers > Soft Boxes
368	Hxchen 10Pcs 2mm Banana Jack Socket Female Adapter Panel Mount Binding Post for 2mm Banana Plug Connectors Black and Red	Electronics > Home Audio > Home Audio Accessories > Connectors & Adapters
369	Halloween Light Gels 16PCS Lighting Gels Color Thickened Light Filters Sheets for Led Light or Outdoor Landscape	Electronics > Camera & Photo > Lighting & Studio > Lighting > Lighting Controls & Modifiers > Filters
370	VoPee 200 Pack Anime Stickers Mixed Decals for Laptop, Skateboard,Water Bottles Helmet Bicycle , Fashion Random Stickers for Adults Teens	Electronics > Computers & Accessories > Laptop Accessories > Skins & Decals
371	Bestshoot Yongnuo Original Flash AA Battery Door Cover for YN600EX-RT YN600EX-RT II YN685N YN685C Canon	Electronics > Camera & Photo > Flashes > Shoe Mount Flashes
372	Lenovo 600 Bluetooth Silent Mouse, Blue Optical Sensor, Adjustable DPI, 4 Button, Microsoft Swift Pair, Windows, Chrome, GY50X88832, Gray	Electronics > Computers & Accessories > Computer Accessories & Peripherals > Keyboards, Mice & Accessories > Mice
373	Ultra Comfort Ear Pads Compatible with Turtle Beach Stealth 700 600 XO Seven, HyperX Cloud 1-2, Alpha, Stinger, Flight, Alpha S, Sennheiser HD280 PRO, ATH-M50X ATH-M40X Headphones (Protein Leather)	Electronics > Headphones, Earbuds & Accessories > Earpads
374	Sony MDRHW300K Digital Wireless Headphones	Electronics > Headphones, Earbuds & Accessories > Headphones & Earbuds > Over-Ear Headphones
375	Hynix 2GB DDR2 RAM PC2-6400 240-Pin DIMM Major/3rd	Electronics > Computers & Accessories > Computer Components > Internal Components > Memory
376	Power Amplifier Remote Control for RC-928R RC-909R, Replacement Original Remote Control for Power Amplifier RC-928R RC-909R	Electronics > Television & Video > Accessories > Remote Controls
377	MHL to HDMI HDTV Adapter, Micro USB to HDMI 1080P Video Graphic Converter for Android Smart Phones & Tablets with MHL Function (Black)	Electronics > Television & Video > Accessories > Cables > HDMI Cables
378	Logitech MX Anywhere 2S Wireless Mouse – Use On Any Surface, Hyper-Fast Scrolling, Rechargeable, Control up to 3 Apple Mac and Windows Computers and laptops (Bluetooth or USB), Midnight Teal	Electronics > Computers & Accessories > Computer Accessories & Peripherals > Keyboards, Mice & Accessories > Mice
379	Audiopipe ATR-3721 350 Watt Max 3.75 Inch Aluminum Horn and 1 Inch Titanium Car Audio Super Bullet Tweeter for Vehicle Speaker Sound System, Pair	Electronics > Car & Vehicle Electronics > Car Electronics > Car Audio > Speakers > Tweeters
380	Halcyon 1800 mAH Lithium Ion Replacement Battery for Sony CyberShot DSC-RX100, CyberShot DSC-RX1, Cybershot DSC-RX100M1, Cybershot DSC-RX1R, CyberShot DSC-WX300, CyberShot DSC-HX300, CyberShot DSC-HX50V Digital Cameras and Sony HDR-AS10, Sony HDR-AS15, Sony HDR-AS30, Sony HDR-AS100V Action Camcorders and Sony HDR-MV1 Music Camcorder and Sony HDR-CX240, HDR-PJ275 HandyCam Camcorders and Sony NP-BX1	Electronics > Camera & Photo > Accessories > Batteries & Chargers > Batteries > Camcorder Batteries
381	iView-3000STB Digital Converter Box (Black)	Electronics > Television & Video > Analog-to-Digital (DTV) Converters
382	Sima STP-425 425-Watt Power Inverter	Electronics > Car & Vehicle Electronics > Vehicle Electronics Accessories > Audio & Video Accessories
383	AeapYar [Apple MFi Certified]Compatible with iPhone iPad iPod to HDMI Adapter Digital AV 1080P Charging Port Sync Audio Video Screen Converter for 13/12/11/XR/8/7 Pro Max TV Monitors Projector	Electronics > Computers & Accessories > Computer Accessories & Peripherals > Computer Cable Adapters > DVI-HDMI Adapters
384	Galaxy GeForce 210 512 MB GDDR2 PCI Express 2.0 DVI/HDMI/VGA Graphics Card, 21GFE4HX2HUN	Electronics > Computers & Accessories > Computer Components > Internal Components > Graphics Cards
385	12FT VGA to 3 RCA component video cable (HD15 - 3-RCA)	Electronics > Television & Video > Accessories > Cables
386	Laptop Cooler with LED Display, Fast Cooling, USB Powered Vacuum Fan with Auto-Temp Detection & Unique Clamp Design, Perfect for Gaming Laptop, Compatible with Cooling Pads	Electronics > Computers & Accessories > Laptop Accessories > Cooling Pads & External Fans > External Cooling Fans
387	3Pod V3AH Video Tripod System Anodized Aluminum with 2-way Fluid Head & Quick-Release Plate: Include Free Carrying Case	Electronics > Camera & Photo > Tripods & Monopods > Complete Tripods
388	3.5mm Aux Headphone Extension Cable 10 Feet (3 Meters) 3.5mm Male to Female Stereo Audio Extension Cable 10ft (3M) for Car, Stereo, iPhone, Smartphone or any Audio Device CNE62199	Electronics > Home Audio > Home Audio Accessories > Cables > Stereo Jack Cables
389	Sequin Backdrop Photography Background Curtain for Party Decoration	Electronics > Camera & Photo > Lighting & Studio > Photo Studio > Backgrounds
390	Pyle 15.6-Inch Overhead Flip-Down Car Monitor - Hi-Res 1680x800p Widescreen Car Roof Mount Monitor, Vehicle Flip Down Overhead Screen w/IR, FM Transmitter, USB/SD, HDMI, AV, Stereo Speaker -PLRV1525	Electronics > Car & Vehicle Electronics > Car Electronics > Car Video > Overhead Video
391	Lenovo Ideapad Flex 15 59395208	Computers
392	1PC Clear Acrylic Headphone Stand Hanger Headset Earphone Holder Mount Hook for Wide Variety Sizes Headphones	All Electronics
393	USB 3.0 Hub, 7 Port USB Hub with Power Adapter, Aluminium Alloy Super Speed Data Transfer Network Hub Powered for Mac PC Laptop Computer leedemore	Electronics > Computers & Accessories > Networking Products > Hubs
394	Canon EW-100MA Wide Neck Strap for Canon EOS SLR Cameras (RED)	Electronics > Camera & Photo > Accessories > Batteries & Chargers > Adapters
395	Lenovo ThinkPad 11e Laptop 11.6in, Intel Celeron N2920, 8GB RAM, 128GB SSD, Win10 Home (Renewed)	Electronics > Computers & Accessories > Computers & Tablets > Laptops > Traditional Laptops
396	Master Cables Panasonic Lumix DMC-TS2 DMC-TZ6 DMC-TZ7 DMC-TZ9 DMC-TZ10 Camera USB Cable Replacement Compatible USB Cable	Electronics > Camera & Photo > Accessories > Cables & Cords
397	DELL E2216H 21.5'' WIDESCREEN FLAT PANEL MONITOR	Electronics > Computers & Accessories > Monitors
398	Baseball pattern,cool baseball art 11/11.6"-Inch(Twin Sides) Universal Laptop Sleeve Bag	Electronics > Computers & Accessories > Laptop Accessories > Bags, Cases & Sleeves > Sleeves
399	3 Button Optical Uni-Retractable Mouse (Blue) (USB)	Electronics > Computers & Accessories > Computer Accessories & Peripherals > Keyboards, Mice & Accessories > Mice
400	DollaTek U.FL IPEX to SMA Connector Antenna 868-915MHz for Lora Board Lora32u4 II WiFi Lora32-5pcs	Electronics > Home Audio > Home Audio Accessories > Connectors & Adapters
401	New AKB73896401 Replacement Remote for LG Blu Ray Disc DVD Player	Electronics > Television & Video > Accessories > Remote Controls
402	Universal Power Group UPG 77025 22-Gauge, 4-Conductor Alarm White Cable, 500' Speedbag	Electronics > Security & Surveillance
403	NAVISKAUTO 9.5" Portable DVD Player for Car, Dual Screen DVD Player with 5 Hour Rechargeable Battery, Last Memory and USB/SD Card Slot (Host DVD Player+ Slave Monitor)	Electronics > Car & Vehicle Electronics > Car Electronics > Car Video > Headrest Video
404	Dell Optiplex 7010 Desktop PC, Intel Core i5-3470 3.2 GHz, 8GB RAM, 500GB HDD, Keyboard/Mouse, WiFi, Dual 17" LCD Monitors (Brands Vary), DVD, Windows 10 (Renewed)	Electronics > Computers & Accessories > Computers & Tablets > Desktops > Towers
405	NEW CD±RW/DVD Combo Drive for Dell Latitude D400 D600 D520 D610 D620 D630 D800 D820 C3284-A00	Electronics > Computers & Accessories > Computer Components > Internal Components > Internal Optical Drives > Internal CD & DVD Drives
406	LimoStudio Photo Muslin Photography Backdrop Background 10 X 10 Ft Screen White Muslin Backdrop, AGG218	Electronics > Camera & Photo > Lighting & Studio > Photo Studio > Backgrounds
407	dCables Panasonic Lumix DMC-TZ5 USB Cable - USB Computer Cord for Lumix DMC-TZ5	Electronics > Computers & Accessories > Computer Accessories & Peripherals > Cables & Accessories > Cables & Interconnects > USB Cables
408	DELL ST9146803SS-H 73GB SAS SAVVIO 2.5 (ST9146803SSH)	Electronics > Computers & Accessories > Computer Components > Internal Components
409	Printer Cable 10Ft, Tanbin 10Feet Hi-Speed USB 2.0 Type A Male to Type B Male Printer Scanner Cable	Electronics > Computers & Accessories > Computer Accessories & Peripherals > Cables & Accessories > Cables & Interconnects > USB Cables
410	Panasonic Toughbook CF-C2 12.5 Inch Laptop , Intel Core i5 4300U up to 2.9GHz, 8G DDR3L, 512G SSD, WiFi, USB 3.0, VGA, HDMI, Windows 10 64 Bit-Multi-Language, English/Spanish/French(CI5) (Renewed)	Electronics > Computers & Accessories > Computers & Tablets > Laptops > Traditional Laptops
411	StarTech.com 4-in-1 PS/2 KVM Extension Cable - 15 Feet - Black (4N1PSEXT15BK)	Electronics > Computers & Accessories > Computer Components > External Components > KVM Switches
412	Micro USB Cable, TeckNe 3.28ft/ 1.0M Micro USB to USB Cable. High Speed USB 2.0 A Male to Micro B for Android, Samsung, HTC, Motorola, Sprint, Nokia, LG, HP, Sony, BlackBerry and Many More	Electronics > Computers & Accessories > Computer Accessories & Peripherals > Computer Cable Adapters > USB-to-USB Adapters
413	DSLRKIT Tripod Mount Ring for Sigma APO 70-200mm F2.8 II EX DG Macro HSM APO 70-200mm f/2.8 EX DG OS HSM	Electronics > Camera & Photo > Accessories > Lens Accessories > Tripod Mount Rings
414	Wigbow Thermal Paste Heatsink Paste Carbon Based High Performance Thermal Compound CPU for All Coolers, Thermal Interface Material - High Durability - 4Grams 1Pack	Electronics > Computers & Accessories > Computer Components > Internal Components > Fans & Cooling > Thermal Paste & Pads > Silicon Grease
415	Groovy Denim Case for Fuji Instax Mini Camera + Strap Top Value!	Electronics > Camera & Photo > Bags & Cases > Camera Cases
416	Stereo Bass Gaming Earbuds with Detachable Noise Cancelling Mic, 4D Vibration, 7.1 Surround Stereo Sound, Light Weight USB Headphones by MG-2 Pro for Xbox One, PS4,PC,Laptop	Home Audio & Theater
417	KAPLAMAKS Confused Film for iPhone 7 Plus, 8 Plus, X, XS Max, 11 Skin Wrap Protective Around Borders and Back Thin 3D Elegant Skin (iPhone 11)	All Electronics
418	UltraPro 2-Pack LP-E10 Replacement Battery with Rapid LCD Dual Charger Bundle Includes: USB SD/SDHC Card Reader, Deluxe Microfiber Cleaning Cloth	Electronics > Camera & Photo > Accessories > Batteries & Chargers > Batteries > Camera Batteries
419	ZELDIOC Game Card Case for Nintendo Switch, Storage Game Card Holder Box, Game Card Holder with 16 Slots (Z Black)	Electronics > Computers & Accessories > Computer Accessories & Peripherals > Memory Card Accessories > Memory Card Cases
420	iCarez Matte Anti-Glare Screen Protector for Samsung Galaxy Tab S9 Ultra / S8 Ultra 14.6 inch 2-Pack [Not Glass] Easy Install Reduce Fingerprint Bubble Free with Hinge Installation	Electronics > Computers & Accessories > Tablet Accessories > Screen Protectors
421	Ionic 2-Tone Designer Leather Case Cover with stand and Sleep/Wakeup support for Apple iPad 2, iPad 3, iPad 4, iPad 2nd, iPad 3rd, iPad 4th Generation AT&T Verizon 4G LTE (Black/Red). Automatically Wakes and Puts iPad 3 to sleep. Ships with Screen Protector.	Electronics > Computers & Accessories > Tablet Accessories
422	Monoprice 3G SDI to HDMI Converter 110318	Electronics > Television & Video > Accessories > Video Converters
423	Datel DUS0398 EVO Hub for Playstation 4	Electronics > Computers & Accessories > Computer Components > Internal Components > Motherboards
424	Car Rearview Mirror Films- 4pcs Universal Rainproof Car Rear View Mirror Window Clear Nano Car Anti Fog Protective Film (100x145mm)	Car Electronics
425	2017 Newest Lenovo Yoga Book 10.1" FHD Touch IPS 2-in-1 Convertible Tablet PC, Intel Atom x5-Z8550 1.44GHz, 4GB RAM, 64GB SSD, Bluetooth, HD Graphics, Android 6.0.1 Marshmallow OS- Champagne Gold	Electronics > Computers & Accessories > Computers & Tablets > Laptops > 2 in 1 Laptops
426	Lenovo Ideapad 3 2020 Premium Gaming Laptop I 15.6" FHD IPS 120Hz I Intel Quad-Core i5-10300H (>i7-8850H) I 8GB DDR4 256GB PCIe SSD I 4GB GTX 1650 Backlit Dolby HDMI Win 10 + 16GB Micro SD Card	Electronics > Computers & Accessories > Computers & Tablets > Laptops > Traditional Laptops
427	Gitzo GT0541 Series 0 Carbon Fiber 6X 4-Section Tripod - Replaces GT0540	Electronics > Computers & Accessories > Computer Accessories & Peripherals > Blank Media
428	Anti-Slip Shockproof Tablet Cases with Multi-Angle Viewing, Game 3D iPad 10.2 2020 Case, Smart Cover Protective Case for iPad 8th Generation	Electronics > Computers & Accessories > Tablet Accessories > Bags, Cases & Sleeves > Cases
429	iBiopen Sense Plus V2 - Stylus with Fine, Adjustable Carbon Fiber Tip, Comfortable Satin Finish, All Metal Body and USB Charging - for Android, iPhone, iPad, Smartphones and Tablets (Pink)	Computers
430	JJC Eyepiece Eyecup Eye Cup Viewfinder for Nikon D850 D500 D810 Df D810A D800E D800 D700 D5 D4s D4 D3X D3s D3 D2H D2Hs D2X D2Xs,Replaces Original Nikon DK-17 and Nikon DK-19 Eyepiece	Electronics > Camera & Photo > Accessories > Viewfinders
431	CABLEDECONN Micro HDMI to HDMI 2.1 8K Cable High Speed 8K@60Hz 4K@120Hz Male to Male Ultra HD HDR Adapter for Digital Cameras, camcorders, Tablets and Other Devices with Micro HDMI 1M	Electronics > Television & Video > Accessories > Cables > HDMI Cables
432	Lume Cube - Mounts for The DJI Inspire Drone (Includes 2 mounts)	Electronics > Camera & Photo > Video > Quadcopters & Accessories > Quadcopter Camera Mounts
433	Avcomm Headset AC-200	Electronics > Car & Vehicle Electronics > Aviation Electronics > Headsets & Intercoms
434	Audio-Technica ATH-SPORT1NY SonicSport In-Ear Headphones, Navy/Yellow	Electronics > Headphones, Earbuds & Accessories > Headphones & Earbuds > Earbud Headphones
435	Vixen Optics SGTNT TNT Motor for Vixen Porta Mounts (White)	Electronics > Camera & Photo > Accessories > Tripod & Monopod Accessories
436	Replacement Remote Control for AUDIOVOX 1364196, VOD100, JMV85, ADV30, JMV12, VOD85	Electronics > Television & Video > Accessories > Remote Controls
437	Dell Vostro 5620 16" FHD Business Laptop, 12th Gen Intel Core i7-1260P, Windows 11 Pro, 32GB RAM, 2TB SSD, Intel Iris Xe Graphics, Backlit KB, Long Battery Life, Titan Gray	Electronics > Computers & Accessories > Computers & Tablets > Laptops > Traditional Laptops
438	FLUSH MOUNT AUX RCA RED WHITE USB 3.5MM HEADPHONE JACK MOUNTING PANEL DASHBOAR DOCK INPUT LEAD AUDIO CABLE 1'' HOLE for ALPINE KCU-461iV. GETWIREDUSA FX161A	Electronics > Car & Vehicle Electronics > Vehicle Electronics Accessories > Vehicle Audio & Video Installation > Radio Wiring Harnesses
439	uxcell 4Pcs 2.5" 67mm Bass Speaker Passive Radiator Auxiliary Rubber Vibration Plate Subwoofer DIY Repair	Electronics > Home Audio > Home Audio Accessories > Speaker Parts & Components > Speaker Repair
440	Sony VAIO VGN-CS310J/P 14.1-Inch Laptop - Pink	Electronics > Computers & Accessories > Computers & Tablets > Laptops > Traditional Laptops
441	DROK® 0.56" Green LED Sign Electronic Digital Clock Display 4 Digits Car Vehicles 12V/24V Battery Operated	Electronics > Home Audio > Compact Radios & Stereos > Clock Radios
442	2PCS Airpod 2/1 Silicone Case, Protective Cartoon Fashion Cute Design Air Pods,Cool Fun Funny Headphone Accessories Charging Cases for AirPods	Electronics > Headphones, Earbuds & Accessories > Cases
443	Aurosports 10x50 High Power Binocular with Low Light Night Vision Ideal for Birding Watching, Camping, Hunting, Opera, Concert, Sports, Sightseeing, Business Visit etc.	Electronics > Camera & Photo > Binoculars & Scopes > Binoculars
444	Thin and Light HP 17 FHD IPS 17.3” Laptop, AMD Ryzen 5 5500U, 16GB RAM 1024GB PCIe SSD, HD Webcam, Numeric Keypad, Wi-Fi, USB-C, HDMI, AMD Radeon Graphics, Win 10 S, w/ Accessories	Electronics > Computers & Accessories > Computers & Tablets > Laptops > Traditional Laptops
445	DVT7110 Voicetracer Digital	Electronics > Portable Audio & Video > Digital Voice Recorders
446	Fidelity Noise Cancelling Earphones with Titanium Drivers for Portable Media Devices - Black	Electronics > Headphones, Earbuds & Accessories > Headphones & Earbuds > Earbud Headphones
447	128 GB Retropie SD Game Card for Raspberry Pi 2B 3B, pre-Recorded More Than 8000 Retro Games with Video Preview and Collection, Plug and Play	Electronics > Computers & Accessories > Computer Accessories & Peripherals > Memory Cards > Micro SD Cards
448	Handmade Genuine Real Leather Half Camera Case Bag Cover for Canon AE-1 Black	Electronics > Camera & Photo > Bags & Cases > Camera Cases
449	Athlon 64 X2 Dc 6400+ AM2 3.2G 2MB 90NM 125W 2000MHZ Pib	Electronics > Computers & Accessories > Computer Components > Internal Components > CPU Processors
450	QLOUNI 24 Pieces Set = 24-pin x 4, 8-pin x 12, 6-pin x 8 Cable Comb Kit for 3 mm Cable Gesleeved Black with OPP Bag 10 Packs	Electronics > Accessories & Supplies > Cord Management > Cable Straps
451	3 Foot Component Cable with (Red, Green, Blue) RGB Video & (White & Red) Stereo Audio	Electronics > Television & Video > Accessories > Cables > RCA
452	XFX GX280NZDF9 GeForce GTX 280 1GB GDDR3 602MHz PCI Express 2.0 SLI Ready Video Card - Dual DVI / S-video	Electronics > Computers & Accessories > Computer Components > Internal Components > Graphics Cards
453	Coolerguys USB Powered Blower Fan with Exhaust Vent Bracket	Electronics > Computers & Accessories > Computer Components > Internal Components > Fans & Cooling > CPU Cooling Fans
454	Mini iPod Battery Replacement Kit (750 mAh) TITANIUM Series	Electronics > Portable Audio & Video > MP3 & MP4 Player Accessories > Batteries & Battery Packs > Batteries
455	Tewa, MP3 Music Player with Bluetooth: 16GB Portable Touchscreen MP3 Player Lossless Sound Hi-Fi Music Player for Walking Running with FM Radio - Expandable Max up to 128G	Electronics > Portable Audio & Video > MP3 & MP4 Players
456	KZ Upgraded 2 Pin Silver Plate Replacement Cable for KZ ZST ED12 Quad Driver Earphones, 0.75mm	Electronics > Home Audio > Home Audio Accessories > Cables > Stereo Jack Cables
457	Sony Hybrid, 3-Way, in-Ear Headphones Black (XBA-H3) with iFi Audio iEMATCH	Electronics > Headphones, Earbuds & Accessories > Headphones & Earbuds > Earbud Headphones
458	EVO Gimbals Multi Mount for DJI Osmo Pocket for Tripods, Microphones or Grip Handles - 100% CNC Aluminum Flat Support Base with x10 Tripod UNC Thread mounts	Electronics > Camera & Photo > Accessories > Tripod & Monopod Accessories > Camera Mounts & Clamps
459	Gary Fong Puffer Plus Pop Up Flash Diffuser Replacement for 70D, T5i 7D, T5,T5i,T6i,T6s,T3 T3i 6D + Warming Shield Flash Diffuser (Amber) + 3 Piece Camera & Lens Cleaning Kit	Electronics > Camera & Photo > Accessories > Flash Accessories > Diffusers
460	Lsgoodcare 50Pack White Silicone Rubber Replacement Mushroom EarTips Earbud Compatible for Motorola Kenwood Icom Yaesu Baofeng HYT Midland Cobra Radio Surveillance Acoustic Tube Earpiece Headset	Electronics > Portable Audio & Video > CB & Two-Way Radios > Accessories > Headsets & Microphones
461	Philips SPP1591WA Squid Surge Protector with 5 Flexible Outlets (Discontinued by Manufacturer)	Electronics > Accessories & Supplies > Power Strips & Surge Protectors > Surge Protectors
462	CMS 8GB (2X4GB) DDR3 8500 1066MHZ Non ECC SODIMM Memory Ram Upgrade Compatible with Lenovo® G560 0679 Series Ddr3-Pc8500, Pc1066 Sodimm - A35	Electronics > Computers & Accessories > Computer Components > Internal Components > Memory
463	Verbatim CD-RW 700MB 2X-4X DataLifePlus Silver Inkjet Printable with Branded Hub - 1pk Jewel Case	Electronics > Computers & Accessories > Computer Accessories & Peripherals > Blank Media > CD-RW
464	Genuine Delta 250W DPS-250-AB-22 E Power Supply Unit Brick Compatible Part Numbers: DPS-250-AB-22 E, PY25009014	Electronics > Computers & Accessories > Computer Components > Internal Components > Internal Power Supplies
465	SH Photography Softbox Lighting Kit, Photo Equipment Studio Softbox 20" x 27", LED Portrait Video and Shooting	Electronics > Camera & Photo > Lighting & Studio > Photo Studio
466	BENTOBEN iPad 6th Generation Cases 2018, 9.7" iPad 5 Case 2017, 360 Degree Rotating Stand Smart Cover Stylus Holder Auto Wake/Sleep Protective Case for iPad 9.7 inch A1893/A1954/A1822/A1823, Space	Electronics > Computers & Accessories > Tablet Accessories > Bags, Cases & Sleeves > Cases
467	6-Pack AHDBT-401 High-Capacity Replacement Batteries with Rapid 3-Channel Charger for GoPro Hero4. Also Includes: UltraPro Bundle Includes: Camera Cleaning Kit, Screen Protector, Mini Travel Tripod	Electronics > Camera & Photo > Accessories > Accessory Bundles
468	Evoluent VerticalMouse 2	Electronics > Computers & Accessories > Computer Accessories & Peripherals > Keyboards, Mice & Accessories > Mice
469	2U Rack Space - 19" Wide Wall Mount Bracket with Hinge - WB-2E RACKSONIC	Electronics > Television & Video > Accessories > TV Mounts, Stands & Turntables > TV Wall & Ceiling Mounts
470	Y Type(1 to 4) MC4 Solar Style Branch Panel Cable Connectors	Electronics > Home Audio > Home Audio Accessories > Connectors & Adapters
471	Adore June - Keeb Business - Case / Sleeve for Amazonbasics Bluetooth Keyboard	Electronics > Computers & Accessories > Computer Accessories & Peripherals > Keyboards, Mice & Accessories > Keyboards
472	KINBOOFIN KZ ZEX in Ear Monitor, Hybrid Dual Driver HiFi in Ear Headphone. Effectivly Noise Isolating Wired Earphone with Detachable 2Pin Silver-Plated Cable for Audiophile Musician(No Mic, Silver)	Electronics > Headphones, Earbuds & Accessories > Headphones & Earbuds > Earbud Headphones
473	Piel Frama FramaSlim Leather Case for Apple iPad Mini 4, Black (723)	Electronics > eBook Readers & Accessories > Covers
474	Ramjet 16GB (2x8GB) DDR3 1333 Upgrade Memory Module for iMac 11.3 (i5 & i7) 12.1 12.2	Electronics > Computers & Accessories > Computer Components > Internal Components > Memory
475	MerryNine Stand for Crystal Ball; Aluminium Alloy Base with Silica Gel Support Suit for 50mm to 110mm diameter's Ball, Stand with 1/4"-20 Female Thread Easily to Mount on Camera Tripod.	Electronics > Camera & Photo > Accessories > Tripod & Monopod Accessories > Camera Mounts & Clamps
476	T-Power Charger for NVIDIA Shield K1, Nextbook 7 7.85 Ares 8 NX700QC16G NX785QC8G DigiLand DL701Q Hisense Sero 7 Pro M470BSA 7 Tablet PC Tab, Specail TIP AS Shown Power Supply	Electronics > Computers & Accessories > Tablet Accessories > Chargers & Adapters
477	Oranmay 1 to 2 Ways LAN Ethernet Net Cable RJ45 Female Splitter Connector Adapter	Electronics > Home Audio > Home Audio Accessories > Connectors & Adapters
478	Midland LXT112VP 22-Channel 16-Mile 2-Way GMRS Radio with Rechargeable Batteries and Wall Charger (Pair, Black)	Electronics > Portable Audio & Video > CB & Two-Way Radios > Two-Way Radios
479	Barometer Watch - Altimeter, Thermometer, Waterproof	Electronics > Wearable Technology
480	Comtrol Rocketport Pcie 4PORT DB9M RS232/422/485 Express Quad	Electronics > Computers & Accessories > Computer Components > Internal Components > I/O Port Cards > Serial Port Cards
481	6XS - AudioControl 6 Channel Electronic Crossover W/Wired Bass Remote	Electronics > Car & Vehicle Electronics > Car Electronics > Car Audio > Equalizers
482	alfastar Wooden in-ear noise-isolating headphone with Mic. Sleek tangle-free nylon cable with innovative shield technology. Excellent hi-fi sound quality earbuds. (Gunmetal)	Electronics > Headphones, Earbuds & Accessories > Headphones & Earbuds > Earbud Headphones
483	etguuds [16ft/5m Extra Long USB C Cable, USB-A 2.0 to USB Type C Cable Fast Charging Nylon Braided Charger Cord for USB-C Phone & Tablet, Blue	Electronics > Computers & Accessories > Computer Accessories & Peripherals > Cables & Accessories > Cables & Interconnects > USB Cables
484	Axiom QS4 Surround Speaker - Black Oak	Electronics > Home Audio > Speakers
485	LCDOLED Replacement 12.0 inches LTL120QL01-003 LED LCD Display Touch Screen Digitizer Assembly for Microsoft Surface Pro 3 V1.1	Electronics > Computers & Accessories > Laptop Accessories > Replacement Screens
486	Insignia - Bluetooth Mouse - Black	Electronics > Computers & Accessories > Computer Accessories & Peripherals > Keyboards, Mice & Accessories > Mice
487	Outdoor Fake/Dummy Security Camera with Blinking Light (Color: Dark Grey with hues of Purple)	Electronics > Camera & Photo > Simulated Cameras
488	APC SU700X93 120V 700VA Shipboard Smart UPS (Discontinued by Manufacturer)(Not sold in Vermont)	Electronics > Computers & Accessories > Computer Accessories & Peripherals > Uninterruptible Power Supply (UPS)
489	HQRP Remote Control Compatible with Sharp LC-42SB45UT LC-45D40U LC-45GD4U LC-45GD5U LCD LED HD TV Smart 1080p 3D Ultra 4K AQUOS	Electronics > Television & Video > Accessories > Remote Controls
490	eForCity Snap-On Case for iPod touch 2G/3G (Light Purple/Cute Skull)	Electronics > Portable Audio & Video > MP3 & MP4 Player Accessories > Cases
491	Dell Inspiron 14 5410 2-in-1 Convertible Business Laptop, 14” FHD Touchscreen, 11th Gen Intel Core i5-1135G7, Windows 11 Pro, 8GB RAM 256GB SSD, Fingerprint Reader, Backlit Keyboard	Electronics > Computers & Accessories > Computers & Tablets > Laptops > 2 in 1 Laptops
492	Pro Remte W/Timr Cn	Electronics > Television & Video > Accessories > Remote Controls
493	SanDisk Cruzer Glide 128GB Flash Drive (2 Pack) USB 2.0 Port Jump Drive Pen Drive (SDCZ60-128-B35) Bundle with (1) Everything But Stromboli Lanyard	Electronics > Computers & Accessories > Data Storage > USB Flash Drives
494	Victrola Eastwood Bluetooth Record Player	Electronics > Home Audio > Turntables & Accessories > Turntables
495	Apple iPad mini Smart Cover (Light Gray) - MD967LL/A	Electronics > Computers & Accessories > Tablet Accessories > Bags, Cases & Sleeves > Cases
496	Dollermy Gaming Headset,USB Wired with LED Light Stereo Noise Isolating Earphone with Mic (Pc/Mac/Notebook)	Electronics > Computers & Accessories > Computer Accessories & Peripherals > Audio & Video Accessories > Computer Headsets
497	BodyGuardz Armor Carbon Fiber Full Body Stylish Protector for iPad Air/Air 2, White (BZ-ACWP5-1013)	Electronics > Computers & Accessories > Tablet Accessories > Bags, Cases & Sleeves > Cases
498	ReplayTV RTV5060 60-Hour Digital Video Recorder	Electronics > Television & Video > Streaming Media Players
499	Sony 150 feet Expanded Long Range RF Wireless Noise Reducing Dynamic Stereo Headphones with Volume Control, Mute Switch & Adjustable Comfortable Wide Headband for all VIZO M320SL, M3D470KDE, M3D550KDE, M3D651SV, M420KD, M420SL, M470VSE, M550SL, M550VSE, M650VSE & XVT3D580CM LED LCD HDTV Flat Screen Television - Radio Frequency Transmission Works Even Through Walls	Electronics > Headphones, Earbuds & Accessories > Headphones & Earbuds > Over-Ear Headphones
500	Hoodman HoodLoupe 3.0 Professional DSLR Camera LCD Screen Loupe	Electronics > Computers & Accessories
501	Kodak 37mm Telephoto Lens	Electronics > Camera & Photo > Accessories
502	Rigel Systems QuikFinder Compact Reflex Sight with Built-in Dew Shield, Extra Base & Battery	Electronics > Camera & Photo > Accessories > Telescope & Microscope Accessories > Telescope Accessories > Dew Caps
503	Fiesta Couple Photo Door Banner, Giant Fabric Fiesta Photo Booth Background, Funny Fiesta Games Supplies for Mexican Theme Festival, 6 x 3 ft	Electronics > Camera & Photo > Lighting & Studio > Photo Studio > Backgrounds
504	Mignova Case for RCA 11 Delta Pro 2 2nd Gen / for RCA 11.5 Galileo Pro / for RCA Premier Tablet Case Hybrid Kids Friendly Drop Shockproof Hybrid High Impact Defender Rugged Case (Red+Black)	Electronics > Computers & Accessories > Tablet Accessories > Bags, Cases & Sleeves > Cases
505	Brainboxes SW-708 8 Port Unmanaged Ethernet Switch DIN Mountable	Electronics > Computers & Accessories > Networking Products > Switches
506	ASUS F50Sv-A1 16-Inch Laptop	Electronics > Computers & Accessories > Computers & Tablets > Laptops > Traditional Laptops
507	EVGA SuperNOVA 1600 G2 80+ GOLD, 1600W Fully Modular NVIDIA SLI and Crossfire Ready 10 Year Warranty Power Supply 120-G2-1600-X1	Electronics > Computers & Accessories > Computer Components > Internal Components > Internal Power Supplies
508	Philips PHI/BP96-01795A REAR PROJECTION LAMP SAMSUNG	Electronics > Television & Video > Accessories > TV Replacement Lamps
509	KINGEAR R2 HD 22 MP 3.0-Inch LCD Digital Camera with Digital Zoom	Electronics > Camera & Photo > Digital Cameras > Point & Shoot Digital Cameras
510	Fotga Series Thumbs Up Grips for Canon EOS M G11 G12 G15 G1X for Nikon P7100 P7700 COOLPIX A,Fujifilm X100 X100S X-E1 X20 X-pro1 Pentax Q Q7 Q10 K10, Leica X Vario D-Lux 6 5 X2 ME M9 M9-P M8(Blue)	Electronics > Camera & Photo > Accessories > Digital Camera Accessories > Accessory Kits
511	Samsung TV5.2 SAX Amplified Indoor HDTV Antenna (Discontinued by Manufacturer)	Electronics > Television & Video > Accessories > Antennas > TV Antennas
512	8 Pieces 1/4 Inch Cold Shoe Mount Adapter and Hot Shoe Flash Stand Adapter Kit for DSLR Camera Rig, Camera Flash Shoe Mounts for Tripod	Electronics > Camera & Photo > Accessories > Flash Accessories > Shoe Mounts
513	SanDisk 128GB Micro SDXC Extreme Pro Memory Card (Two Pack) Works with GoPro Hero 7 Black, Silver, Hero7 White UHS-1 U3 A2 Bundle with (1) Everything But Stromboli Micro Card Reader	Electronics > Computers & Accessories > Computer Accessories & Peripherals > Memory Cards > Micro SD Cards
514	TRENDnet USB to PS/2 Converter, Easy Install, Universal Plug & Play, USB 1.1/2.0/3.0, Windows 8.1/8/7, Vista, XP, Mac OS 10.4-10.9, 13-inch Length, TU-PS2	Electronics > Computers & Accessories > Computer Accessories & Peripherals > Cables & Accessories > Cables & Interconnects > USB Cables
515	MetaGeek Wi-Spy DBx + Chanalyzer 5 with Report Builder	Electronics > Computers & Accessories > Networking Products > Network Adapters > USB Network Adapters
516	Keyboard Case for Samsung Galaxy Tab S7+/S7 Plus/S7 FE/S8 Plus/S8+ 12.4 Inch, [QWERTZ Layout] Detachable Wireless Keyboard with Touchpad, Slim Lightweight Stand Cover with Mouse,Rose Gold	Electronics > Computers & Accessories > Tablet Accessories > Bags, Cases & Sleeves > Keyboard Cases
517	Headphone Adapter Adapter Cable Aux Audio Headphone Jack 3.5 mm 2 in 1 Splitter Adaptor Earphone with Music+Charge Phone Accessorysge98524	Electronics > Headphones, Earbuds & Accessories > Adapters
518	Nikon Coolpix L20 Digital Camera, Deep Red - Refurbished by Nikon U.S.A.	Electronics > Camera & Photo > Digital Cameras > Point & Shoot Digital Cameras
519	LensCoat Camouflage Neoprene Tripod Leg Cover Protection Legcoat 3540, Realtree Max5 (lcg3540m5)	Electronics > Camera & Photo > Tripods & Monopods > Tripod Legs
520	Acer Aspire 7 Laptop, 15.6" Full HD IPS Display, 9th Gen Intel Core i7-9750H, GeForce GTX 1050 3GB, 16GB DDR4, 512GB PCIe NVMe SSD, Backlit Keyboard, A715-74G-71WS	Electronics > Computers & Accessories > Computers & Tablets > Laptops > Traditional Laptops
521	Tenext 8 Inch 2x SATA Power to 1x 6 Pin PCI Express Connector Adapter Cable	Electronics > Computers & Accessories > Computer Accessories & Peripherals > Cables & Accessories > Cables & Interconnects > SATA Cables
522	uxcell 40 Pcs Data Phone Wire Splice 3 Ports UR Connectors Red Clear	Electronics > Home Audio > Home Audio Accessories > Connectors & Adapters
523	Bebetter Outlet Wall Mount Hanger Holder for Dot 3rd Gen Plug in Kitchens, Bathroom and Bedroom, A Space-Saving Solution for Your Smart Speaker, Built-in Cable Management-2 Pack (Black)	Electronics > Accessories & Supplies > Mounts > Speaker Mounts
524	Acer 2021 Aspire 5 15.6 Inch FHD 1080P Slim Laptop| Intel Core i3-10110U (Beats i5-7200U)| 8GB RAM| 128GB SSD| Backlit KB| WiFi| Bluetooth| Windows 10 S + NexiGo Wireless Mouse Bundle	Electronics > Computers & Accessories > Computers & Tablets
525	EZ Angle Tether Strap	Electronics > Camera & Photo > Bags & Cases > Binocular, Camera & Camcorder Straps
526	iProtect Notebook Protective Case for Apple MacBook Pro 15" (2016) - Marble Optic in Grey	Electronics > Computers & Accessories > Laptop Accessories > Bags, Cases & Sleeves
527	Vivitar Vivicam 3715 3MP Digital Camera	Electronics > Camera & Photo > Digital Cameras > Point & Shoot Digital Cameras
528	Haoge Manual Macro Close Focus Lens Mount Adapter for Leica M LM, Zeiss ZM, Voigtlander VM Lens to Canon RF Mount R5 R6 Mirrorless Camera Such as Canon EOS R	Electronics > Camera & Photo > Accessories > Lens Accessories > Adapters & Converters
529	Nikon Coolpix Deluxe Digital Camera Accessory Kit for 775, 885, 995, 2000, 4300, 4500 Digital Cameras	Electronics > Camera & Photo > Accessories > Batteries & Chargers > Adapters
530	Seneca AV SA21 Full Motion Mount for 32-inch to 47-inch TVs	Electronics > Television & Video > Accessories > TV Mounts, Stands & Turntables > TV Wall & Ceiling Mounts
531	BE·SELL A41-X550E Laptop Battery for ASUS A450C A450E A450L F450C F450L F450E K550D X450E X550E X550L X550V K450V K550E K550D F450 F450C X751m X750j R752 F751 K751 Notebook 15V 2600mAh 44Wh	Electronics > Computers & Accessories > Laptop Accessories > Batteries
532	Rose Gold Smart Watch for Women Novel/Stylish/Beautiful Fitness Tracker for Ladies Notification Reminder Waterproof, Female Period Tool Heart Rate Sleep Monitor Calorie Counter	Electronics > Wearable Technology > Smartwatches
533	LG Gram 15 Ultra PC 15.6" FHD Light Gaming Business Laptop (Intel 4-Core i7-1165G7, 40GB RAM, 1TB PCIe SSD, NVIDIA GTX 1650Ti 4GB Graphics) Thunderbolt 4, Backlit, Wi-Fi 6, Webcam, IST HDMI, Win 11	Electronics > Computers & Accessories > Computers & Tablets > Laptops > Traditional Laptops
534	AFUNTA DC 5V 2A/2000mah AC Power Adapter Wall Charger for Android Tablet PC MID eReader with Round Jack US Plug (Dia: 2.5mm)	Electronics > Power Accessories > AC Adapters
535	Mennon A-S 52 Screw Mount 52mm Hood for Standard 50mm Lens, Black	Electronics > Camera & Photo > Accessories > Lens Accessories > Lens Hoods
536	Girls School Backpack Striped Canvas Backpack High School Bag Women Casual College Laptop Backpack Coin Purse Blue	Electronics > Computers & Accessories > Laptop Accessories > Bags, Cases & Sleeves > Backpacks
537	Liftmaster KPW5 Wireless Commercial Keypad	Electronics > Security & Surveillance > Accessories > Access-Control Keypads
538	MIUFLY 1296P X3 Body Camera, Build-in 128G Memory, Premium Portable Body Camera with 2 Inch Display, Night Vision	Electronics > Camera & Photo > Video Surveillance > Surveillance Cameras > Hidden Cameras
539	Lorell LLR79010 Prominence 79000 Series Executive Furniture, Mahogany	Electronics > Accessories & Supplies > Office Electronics Accessories > Labeling Tapes
540	BN59-01292A OEM Replacement Voice Remote Control fit for Samsung 2017 2018 UHD Smart TV MU9000 MU900D MU8500 MU7600 MU7500 MU7100 MU7000 MU6500 MU650D MU6300 MU630D NU8500 NU850D NU8000 NU800D Series	Electronics > Television & Video > Accessories > Remote Controls
541	wendeekun Zero 2W Metal Case with Dual Fans Aluminium Alloy, Fast Heat Dissipation High Hardness Heat Sink for RPi PI0/PI0 W/2W, Aluminum Case with Fan Heatsink	Electronics > Computers & Accessories > Computer Components > Internal Components > Fans & Cooling > Heatsinks
542	CAT 7 Ethernet Cable 50FT Shielded (STP) Network Cable PINGYA High Speed 10 Gbps Internet Cord Flat Ethernet Wire with Shielded RJ45 Connectors for Gaming, Switch, Modem, Router, Coupler, Black (50FT)	Electronics > Computers & Accessories > Computer Accessories & Peripherals > Cables & Accessories > Cables & Interconnects > Ethernet Cables > Cat 7 Cables
543	2023 Lenovo ThinkPad T14 14" FHD IPS Business Laptop PC AMD 6-Core Ryzen 5 Pro 4650U Radeon Graphics 16GB DDR4 RAM 512GB NVMe SSD WIFI AX BT RJ45 HDMI USB-C Backlit Fingerprint Windows 10 Pro w/RE USB	Electronics > Computers & Accessories > Computers & Tablets > Laptops > Traditional Laptops
544	Memorex MF2HD 3.5" PC-Formatted High-Density Floppy Disks with File Box (Colors, 10-Pack) (Discontinued by Manufacturer)	Electronics > Computers & Accessories > Computer Accessories & Peripherals > Blank Media > Floppy Diskettes
545	Hard Plastic Rear Protector Tablet Case Cover Transparent Clear for Apple iPad	Electronics > Computers & Accessories > Tablet Accessories > Bags, Cases & Sleeves > Cases
546	Dijkoo 3D Christmas Glasses - Holiday Eyes (R) Christmas Glasses 5 Pair Variety Pack - See Santa, Snowman, Reindeer, Snowflake and 1 Christmas/New Years Fireworks Glasses - All Folded - Ready to wear	Electronics > Television & Video > Accessories > 3D Glasses
547	Vivitek D803W-3D 3600 Lumen WXGA 3D Blu-Ray Ready DLP Projector	Electronics > Video Projectors
548	Godox RC-A5 Remote Control 16 Channels 6 Groups Replacement for Godox SL-60W SL-100W SLB60W LED308W/Y/C LED308IIW/Y/C LED500W/Y/C LED500LW/Y/C LED500LRW/Y/C LEDP260C LC500 FL150S FL150R FL100 FL60	All Electronics
549	MightySkins Skin Compatible with Amazon Echo Dot (3rd Gen) - Rainbow Streaks | Protective, Durable, and Unique Vinyl Decal wrap Cover | Easy to Apply, Remove, and Change Styles | Made in The USA	Electronics > Computers & Accessories > Laptop Accessories > Skins & Decals
550	Belkin Mini Display Port to 2X VGA + 3.5 mm Splitter Dongle (F2CD061), Not Compatible with Microsoft Surface Pro 3 Tablets & Pro 3 Docks, MacBook Air 10.8 or Newer Versions	Electronics > Computers & Accessories > Computer Accessories & Peripherals > Computer Cable Adapters > HDMI-to-VGA Adapters
551	WaiYo 50 PCS Mushroom Stoner Psychedelic Stickers,Colorful Vinyl Aesthetic Waterproof Stickers for Cellphone, Laptop,Guitar, Travel Case,Car Bumper,Luggage,Bicycle,Skateboard,Game Machine	Electronics > Computers & Accessories > Laptop Accessories > Skins & Decals
552	Philips 20DV6942/37 20-Inch TV/DVD Combo with RealFlat Screen	Electronics > Television & Video > TV-DVD Combos
553	FastFox DLP Video Projector 100 ANSI Lumen 8540x480 Multimedia Slide Beamer Office Presentation Indoor Family Proyector Gift Movie Night for PC Laptop Powerpoint Black Color	Electronics > Video Projectors
554	Cat 7 Ethernet Cable 40 ft, ShineKee Nylon Braided Stronger Elegant and Dirty-Proof CAT7 High Speed Professional Gold Plated Plug STP Wires CAT 7 RJ45 Ethernet Cable	Electronics > Computers & Accessories > Computer Accessories & Peripherals > Cables & Accessories > Cables & Interconnects > Ethernet Cables > Cat 7 Cables
555	Lenovo Essential G505 59373013 Laptop Screen 15.6 LED Bottom Left WXGA HD	Electronics > Computers & Accessories > Laptop Accessories > Replacement Screens
556	Class on Demand Complete Training for Adobe Photoshop CS5 Educational Training Tutorial DVD-ROM with Sue Jenkins 99905	Electronics > Camera & Photo > Accessories
557	16gb Slim 1.8" LCD Screen 3rd Gen Mp3 Mp4 Video/Music/Audio Player (Black)	Electronics > Portable Audio & Video > MP3 & MP4 Players
558	Perixx PERIBOARD-106W DV, Wired Performance Full Size Keyboard - Curve Ergonomic Keys - 5.9ft USB Cable - White - Dvorak Layout	Computers
559	Logitech diNovo Keyboard for Notebooks	Electronics > Computers & Accessories > Computer Accessories & Peripherals > Keyboards, Mice & Accessories > Keyboards
560	Super Salon 280 Camera Stand	Electronics > Camera & Photo > Accessories > Tripod & Monopod Accessories
561	Tilta Black Side Handle for Tilta BMPCC Camera Cage TA-WSH-MHC3-G Materials Black, Aluminum-Alloy, Stainless Steel	Electronics > Camera & Photo > Bags & Cases > Bag & Case Accessories
562	Diablotek ATI Rage Xl 8 MB PCI Video Card Varx-8P	Electronics > Computers & Accessories > Computer Components > Internal Components > Graphics Cards
563	Elephant® Professional Waterproof Anti-Static SD Card Case with ESD Foam for 38 SD Memory Card Protective Case ELSD-38ESD Black	Electronics > Computers & Accessories > Computer Accessories & Peripherals > Memory Card Accessories > Memory Card Cases
564	Garmin Forerunner 235, GPS Running Watch, Frost Blue	Electronics > GPS, Finders & Accessories > Sports & Handheld GPS > Running GPS Units
565	AmScope LED-50WY 50W LED Fiber Optic Dual Gooseneck Lights Microscope Illuminator	Electronics > Camera & Photo > Binoculars & Scopes > Microscopes > Stereo Microscopes
566	Tuiklol Clear MacBook Air 13.6 inch Case 2022 Release A2681 with M2 Chip,Laptop Hard Shell Cases with Keyboard Cover & Screen Protector & Camera Cover Compatible with 13.6" MacBook Covers,Clear Pink	Electronics > Computers & Accessories > Laptop Accessories > Bags, Cases & Sleeves > Hard Shell Cases
567	Bluetooth Headphones Sports Wireless Earbuds Headset Magnetic Attraction Stereo Earphones for Running Workout Gym Noise Cancelling (Black)	Electronics > Headphones, Earbuds & Accessories > Headphones & Earbuds > Earbud Headphones
568	Graf and Lantz Felt Sleeve with Leather Flap for 13in MacBook Air - Black	Electronics > Computers & Accessories > Laptop Accessories > Bags, Cases & Sleeves
569	Kastar LCD Dual Fast Charger for Canon BP-945, BP945 and EOS C500, EOS C300, EOS C100 Mark II, EOS C100, XF100, XF105, XF300, XF305, GL1, GL2, XH-A1, A1S, G1, G1S, XL-H1, H1A, H1S, XL1, XL1S, XL2	Electronics > Camera & Photo > Accessories > Batteries & Chargers > Battery Chargers > Camera
570	New RMT-11 Replaced Remote fit for WESTINGHOUSE TV LD-2655VX LD-2657DF LD-2680 LD-2685VX LD-3255VX LD-3257DF LD-3260 LD-3285VX LD-4255VX LD-4258 LD-4655VX LD-4680 LD-4695 TX-42F810G Ld-325 Series	Electronics > Television & Video > Accessories > Remote Controls
571	EVGA 220-G3-0650-Y1 SuperNOVA 650 G3, 80 Plus Gold 650W, Fully Modular, Eco Mode with New HDB Fan, 7 Year Warranty, Includes Power ON Self Tester, Compact 150mm Size, Power Supply	Electronics > Computers & Accessories > Computer Components > Internal Components > Internal Power Supplies
572	HP Proliant Server 9.5mm SATA Ml & Dl G6 DVD/CD Drive - 481430-001	Electronics > Computers & Accessories > Computer Components > Internal Components > Internal Optical Drives > Internal CD & DVD Drives
573	GPS Navigation for Car, Latest 2022 Map 7 inch Touch Screen Car GPS 256-8GB, Voice Turn Direction Guidance, Support Speed and Red Light Warning, Pre-Installed North America Lifetime map Free Update………	Electronics > Car & Vehicle Electronics > Car Electronics > Car Video > In-Dash Navigation
574	Maximal Power FC600 CAN NB-3L and DB CAN NB3L Camera Battery and Charger Combo for Canon NB3L NB-3L PowerShot SD20 SD500 SD550 (Black Silver)	Electronics > Camera & Photo > Accessories > Digital Camera Accessories > Accessory Kits
575	ZAGG Black for Apple iPhone 3G/3GS	Electronics > Electronics & Wireless Outlet
576	GT Power RC Plane Finder Alarm	Electronics > Portable Audio & Video > CB & Two-Way Radios > CB Radios & Scanners
577	Hogtunes 6"x9" Saddlebag Lid Speaker Kit with speakers for 1998-2013 Harley-Davidson Touring models - 692 2/LID	Electronics > Car & Vehicle Electronics > Vehicle Electronics Accessories > Audio & Video Accessories > Speaker Systems
578	SanDisk 1TB Extreme PRO Portable SSD - Up to 2000MB/s - USB-C, USB 3.2 Gen 2x2 - External Solid State Drive - SDSSDE81-1T00-G25,Black	Electronics > Computers & Accessories > Data Storage > External Solid State Drives
579	Skinit Decal Audio Skin Compatible with Apple AirPods with Wireless Charging Case - Officially Licensed NFL New Orleans Saints Gold Performance Series Design	Electronics > Headphones, Earbuds & Accessories > Cases
580	Hello Kitty Zombie - Vinyl MacBook/Laptop Decal Sticker Graphic	Electronics > Computers & Accessories > Laptop Accessories > Skins & Decals
581	Cute Hand Made Knit Fur Fluffy Raccoon Case Animal Plush Doll Carrying Protect Case Cover Compatible with Sony WF-1000XM3 Wireless Earbud Cartoon Headphones Cover Girls Boys Best Gift	Electronics > Headphones, Earbuds & Accessories > Cases
582	F Type Male to Female Push adatper,F Type RG6 Coax Coaxial Cable Connector Adaptor, Male to Female Gender Change Connector Pure Copper (2Pack, F-M Push Straight)	Home Audio & Theater
583	HQRP 9V AC Adapter Compatible with Kurzweil FJ-T22-0902000V ME1 SP2 SP2X SP3 SP3X Rumour Power Supply Cord Transformer	Electronics > Power Accessories > AC Adapters
584	Laundered and packed under an ISO 5 Cleanroom, The foam exhibits low particles It has excellent compatibility with most solvents as well as excellent solvent-holding capacity .	Electronics > Camera & Photo > Accessories > Cleaning Equipment > Cleaning Kits
585	2021 Newest HP - 15.6" IPS HD Touchscreen Display - Intel 11th Gen i3-1115G4 (Dual Core Up to 4.1 GHz) - Webcam - 8GB DDR4 RAM, 512GB PCIE SSD, Bundle Woov Accessories - Windows 10 Home - Silver	Electronics > Computers & Accessories > Computers & Tablets > Laptops > Traditional Laptops
586	Emerson Alarm Clock Radio Tele	Electronics > Home Audio > Compact Radios & Stereos > Clock Radios
587	Aluratek USB 3.1 Type C OTG Cardreader (AUCRC300F)	Electronics > Computers & Accessories > Computer Accessories & Peripherals > Memory Card Accessories > Memory Card Readers
588	MAGNUM DYNALAB - ST-2 FM Antenna	Electronics > Television & Video > Accessories > Antennas > Radio Antennas
589	Contixo Kids Tablet, K102 Tablet for Kids and KB-5 Kids Headphones Bundle,10-inch HD, Ages 3-7, Toddler Tablet with Camera, Parental Control, Android 10, 32GB, WiFi, Learning Tablet for Kids	Electronics > Computers & Accessories > Computers & Tablets > Tablets
590	Mobile Edge MEAH07 7 Port USB Hub Wrap-Around with AC-Adapter	Electronics > Computers & Accessories > Networking Products > Hubs
591	Pipe and Drape 6-10ft Upright Event Wedding Background Stand Double Cross Bar Hanger Pipe and Hanging Kit by WEPDIY (1 Cross Bar6-10ft)	Electronics > Camera & Photo > Lighting & Studio > Photo Studio > Backgrounds
592	Haoge Lens Filter Adapter Ring for Fujifilm Fuji FinePix X100V Camera fit 49mm UV CPL ND Filter Lens Cap Replace Fujifilm AR-X100 Black	Electronics > Camera & Photo > Accessories > Lens Accessories > Adapters & Converters
593	Lakikey Lenovo Yoga 920/910 Case Protective Laptop Case Cover Sleeve Folio for Lenovo Yoga 6 Pro/Yoga 5 Pro 13.9 Inch Brown	Electronics > Computers & Accessories > Laptop Accessories > Bags, Cases & Sleeves > Sleeves
594	White Label WL 4TB 7200RPM 64MB Cache SATA 6.0Gb/s (Enterprise Grade) 3.5" Hard Drive (for Server, RAID, NAS, DVR, Desktop PC) w/1 Year Warranty	Electronics > Computers & Accessories > Data Storage > Internal Hard Drives
595	Harmony Audio Compatible with 2002-2004 Oldsmobile Bravada HA-R65 HA-R35 New Factory Speaker Replacement Upgrade Package with HA-724568 Replacement Harness	Electronics > Car & Vehicle Electronics > Car Electronics > Car Audio > Speakers > Coaxial Speakers
596	BOWEIRUI C41N1533 (15.2V 52Wh 3450mAh) Laptop Battery Replacement for Asus Q524U Q534U Q534UX Q534UX-BHI7T19 ZenBook Flip UX560UQ UX560UX Zenfone Flip UX560UX UX560UX-FJ020R Series 0B200-02010200	Electronics > Computers & Accessories > Laptop Accessories > Batteries
597	HandStands iSnug Armband for iPod 5G, 5.5G (Black)	Electronics > Portable Audio & Video > MP3 & MP4 Player Accessories > Cases
598	Fotodiox Pro WonderPana GO Underwater Kit Compatible with GoPro HERO3+ and HERO4 Underwater Housing Case	Electronics > Camera & Photo > Accessories > Filters & Accessories > Filter Sets
599	Soundcore Spirit X Bluetooth Sports Headphones (Renewed)	Electronics > Headphones, Earbuds & Accessories > Headphones & Earbuds > Earbud Headphones
600	Gathere External Hard Drive, 1TB Hard Drive External Portable HDD USB 3.1 for PC, Mac, Desktop, Laptop 2TB-Silver (2TB-YOP-A1)	Electronics > Computers & Accessories > Data Storage > External Hard Drives
601	Canon EOS Rebel X SLR Film Camera w/ Canon EF 35-80mm f/4-5.6 III Lens	Electronics > Camera & Photo > Film Photography > Film Cameras > SLR Cameras
602	Webcam with Microphone and Privacy Cover, 1080P HD USB Web Cameras for Computers with Tripod, Streaming Webcam for PC Desktop Laptop MAC, Zoom/ Skype/Facetime, Video Conferencing/Calling/Gaming	Electronics > Computers & Accessories > Computer Accessories & Peripherals > Audio & Video Accessories > Webcams & VoIP Equipment > Webcams
603	JoyeGirly Anime Merch Set 8pcs Keychains with 100pcs Anime Stickers for Laptop Skateboard	Electronics > Computers & Accessories > Laptop Accessories > Skins & Decals
604	JR Sport RS600 6-Channel Universal FM Receiver w/o Crystal	Electronics > Home Audio > Home Theater > Receivers & Amplifiers > Receivers
605	Geekria QuickFit Replacement Ear Pads for Sony MDR-XB450, XB450AP, XB550AP, XB650BT WH-XB700 Headphones Ear Cushions, Headset Earpads, Ear Cups Cover Repair Parts (Black)	Electronics > Headphones, Earbuds & Accessories > Earpads
606	Avenger PLL321S-2 0.1 dB Universal Single Linear Ku Band Satellite Dish LNB LNBF	Electronics > Television & Video > Accessories > Satellite Equipment
607	Sully Silicone Skins Compatible with Arlo Pro (4 pcs Gray) - for Arlo Pro and Pro 2 Pro2 Wireless Free Camera Protective Case - Arlo Pro Smart Security Accessories VMA4200B - Perfect Fitting	Electronics > Security & Surveillance > Accessories > Surveillance Housing & Mounting Brackets
608	Razer RZ04-02910100-R3U1 Nari Ultimate 7.1 Surround Sound Wireless Gaming Headset for Xbox ONE Bundle with Deco Gear Wood Headphone Display Stand Secure Tabletop Holder/Gaming Headset Hanger	Computers
609	PC USB 2.0 Game Controller for Windows XP Vista	Computers
610	JTD Wireless Stereo Music Speaker Bluetooth Wireless Speaker, High Definition Audio, 10W Two Acoustic Drivers, Rechargeable Battery (Silver)	Electronics > Portable Audio & Video > Portable Speakers & Docks > Portable Bluetooth Speakers
611	Retevis RT81 Walkie Talkies Battery, Compatible with TYT MD-390 MD-UV390 RT81 RT81V RT50 RT8 Two Way Radios, 2200mAh, Original Li-ion Replacement Battery(1 Pack)	Electronics > Portable Audio & Video > CB & Two-Way Radios > Accessories > Batteries
612	Canon RF 24-105mm f/4L is USM Lens (2963C002) + Filter Kit + Backpack + 64GB Card + Card Reader + Flex Tripod + Memory Wallet + Cap Keeper + Cleaning Kit + Hand Strap + More (Renewed)	Electronics > Camera & Photo > Accessories > Digital Camera Accessories > Accessory Kits
613	Juland Universal TV Remote Replacement Compatible for Roku Tv Remotes, with 4 Convenient Shortcut Buttons for All Roku TV Models (NOT Compatible with Roku Stick or Roku Box)	Electronics > Television & Video > Accessories > Remote Controls
614	Cooler Master Devastator 3 Gaming Keyboard & Mouse Combo, 7 Color Mode LED Backlit, Media Keys, 4 DPI Settings, Model:SGB-3000-KKMF1-US	Electronics > Computers & Accessories > Computer Accessories & Peripherals > Keyboards, Mice & Accessories > Keyboard & Mouse Combos
615	DMS 59 to Dual DVI Adapter Cable, DMS 59 Pin Male to Two DVI 24+5 Female Converter Full HD 1080P Gold-Plated Dual Monitor Y Splitter	Electronics > Computers & Accessories > Computer Accessories & Peripherals > Cables & Accessories > Cables & Interconnects > DVI
616	Hitech - 4 Pack Ni-MH Replacement AA Batteries For Solar Lights and Other Devices - 2000mAh: Highest Capacity Solar Battery on Amazon	Electronics > Camera & Photo > Accessories > Batteries & Chargers > Batteries > Camera Batteries
617	Silicone Case Cover for Galaxy Buds 2019/ Buds Plus 2020,Full Body Protections with Carabiner,Anti-Lost & Shockproof Soft Skin Compatible with Samsung Buds/Buds Plus,Support Wireless Charging White	Electronics > Headphones, Earbuds & Accessories > Cases
618	Powerextra 2 Pack Li-ion High Capacity 1500mAh Rechargeable Replacement Batteries for GoPro Hero 4 and GoPro AHDBT-401, AHBBP-401	Electronics > Camera & Photo > Accessories > Batteries & Chargers > Batteries > Camera Batteries
619	Motorola 56531 Multi Unit Charger / Cloning Station	Electronics > Portable Audio & Video > CB & Two-Way Radios > Accessories > Battery Chargers
620	Targus Screen Protector	Electronics > Computers & Accessories > Tablet Accessories > Screen Protectors
621	LG Nano 9 Series 65” Alexa built-in 4k Smart TV (3840 x 2160), 120Hz Refresh Rate, AI-Powered 4K, Dolby Vision (65SM9000PUA, 2019)	Electronics > Television & Video > Televisions > LED & LCD TVs
622	Norinoya 50PCS Stickers for Laptop Water Bottle Hydro Flask Cute,Waterproof,Aesthetic,Trendy Stickers for Teens,Girls	Electronics > Computers & Accessories > Laptop Accessories > Skins & Decals > Decals
623	Pro-Ject Phono Box USB V MM/MC Phono/Line Preamp (Black)	Electronics > Home Audio > Home Theater > Receivers & Amplifiers > Preamplifiers
624	Lexar 16 GB JumpDrive S33 USB 3.0 Flash Drive 5-Pack (80GB Total)	Electronics > Computers & Accessories > Data Storage > USB Flash Drives
625	ProMaster 67mm Variable ND, Neutral Density Filter, (Model 9552)	Electronics > Camera & Photo > Accessories > Filters & Accessories > Neutral Density Filters
626	Polk Audio DSW PRO 400 8-Inch Powered Subwoofer (Single, Black)	Electronics > Home Audio > Speakers > Subwoofers
627	Desk Edge Power Strip with USB Ports Desktop Clamp Power Outlets Mountable Under Desk Power Socket 6'56 Feet Power Cord ETL Certified (Black)	Electronics > Accessories & Supplies > Power Strips & Surge Protectors > Power Strips
628	Battery Eliminator, Power Supply, AC to DC, 3V, 5V, 6V, 7.5V, 9V, 12V Outputs 2 AMPS Regulated DC Power	Electronics > Power Accessories > Power Converters
629	Brother Tzes651 Tze Extra-Strength Adhesive Laminated Labeling Tape, 1-Inch W, Black On Yellow	Electronics > Accessories & Supplies > Office Electronics Accessories > Labeling Tapes
630	ILLUMISHIELD Screen Protector Compatible with Toshiba Satellite Radius 14 inch (2015)(2-Pack) Clear HD Shield Anti-Bubble and Anti-Fingerprint PET Film	Electronics > Computers & Accessories > Laptop Accessories > Screen Protectors
631	TNP 12 AWG Speaker Wire - Banana Plug Cable, 10FT Male-to-Male - High-Performance Speaker Cable Banana Plugs with 24k Gold Plated Connector Tips for Home Theater System	Electronics > Television & Video > Accessories > Cables > Speaker
632	20 PCS Light Hanger Hooks,String Light Hooks with Safety Buckle Design,Screw-in Hooks for Hanging Wire,Plants,Wind Chimes,Plastic,Black	Electronics > Accessories & Supplies > Cord Management > Cable Straps
633	Dynamo & Solar Radio with Light	Electronics > Portable Audio & Video > Radios > Shortwave Radios
634	Artibox Cartoon Case Compatible with Airpod 1st/2nd Generation, 3D Kawaii Shockproof Protective Case Cover with Cute Keychain Best Gift for Women Girls Kids (SDQ-Blue)	Electronics > Headphones, Earbuds & Accessories > Cases
635	Portabook Deluxe Multifunctional Book and Laptop Stand (Silver)	Electronics > Computers & Accessories > Laptop Accessories > Stands
636	Palytte 2pack Headphones 3.5 mm, Earphones with Microphone Stereo Earbuds with Remote Noise Cancelling Headsets Compatible for Galaxy S8 S7 S6 and Android Smartphones	Electronics > Computers & Accessories > Tablet Accessories > Bags, Cases & Sleeves > Cases
637	Kodak FZ45BK PIXPRO 16MP Digital Camera Black Bundle with Lexar 64GB High-Performance 800x UHS-I SDHC Memory Card Blue Series	Electronics > Camera & Photo > Digital Cameras > Point & Shoot Digital Cameras
638	ASRock Rack EPC612D4U-8R uATX Server Motherboard LGA 2011 R3 Intel C612	Electronics > Computers & Accessories > Computer Components > Internal Components > Motherboards
639	1TB 2TB External Hard Drive Portable Hard Drive USB 3.0, Hard Drive External Storage for PC, Laptop, PS4, Xbox one, Mac(A-2TB-Black)	Electronics > Computers & Accessories > Data Storage > External Hard Drives
640	GESON RM-155Pro AM FM Radio Portable Mini USB Speaker MP3 Music Player SupportMicro SD/TF Auto Scan Save LED Display USB Transmit Data and Sound Card Function, Rechargeable BL-5C Battery (Blue)	Electronics > Portable Audio & Video > Radios > Personal Radios
641	MSI Pro Series Intel X299 LGA 2066 DDR4 USB 3.1 SLI ATX Motherboard (X299 SLI Plus)	Electronics > Computers & Accessories > Computer Components > Internal Components > Motherboards
642	Zing 561-222 MPB1 Medium Pouch (Black/Blue)	Electronics > Camera & Photo > Bags & Cases > Camera Cases
643	Flashpoint Rechargeable Lithium-Ion Battery Pack for XPLOR 600 PRO (AD600Pro) Flash (28.8V, 2600mAh) - Godox WB26	Electronics > Camera & Photo > Accessories > Flash Accessories > Battery Packs
644	Handbag Case for Samsung Galaxy Tab S8+/S7+/S7 FE 12.4", Techcircle Folio Stand Crossbody Wallet Case with Pen Holder & Card Slots Thin Pocket, Built-in Hand Strap & Removable Shoulder Strap, Coffee	Electronics > Computers & Accessories > Tablet Accessories > Bags, Cases & Sleeves > Cases
645	zimaboard PCIe to M.2 NVME SSD Adapter Card 32Gbps M Key/B Key PCIe4.0 X1 X4 Adapter Server Desktop PC Support SATA NGFF	Electronics > Computers & Accessories > Computer Accessories & Peripherals > Memory Card Accessories > Memory Card Adapters
646	Cooler Master MasterKeys Pro S White LED Mechanical Gaming Keyboard, Cherry MX Red, TenKeyless (Small)	Electronics > Computers & Accessories > Computer Accessories & Peripherals > Keyboards, Mice & Accessories > Keyboards
647	The Decal Guru 2045-MAC-12M-W Dandelion Hearts Decal Vinyl Sticker, White, 12" MacBook	Electronics > Computers & Accessories > Laptop Accessories > Skins & Decals
648	Systor Systems 1:1 SATA Hard Disk Drive/Solid State Drive (HDD/SSD) Clone Duplicator/Sanitizer (150MB/s) 3.5 inches SYS201HS	Electronics > Computers & Accessories > Computer Components > Internal Components
649	Panduit CJ6X88TGWH Category-6A 8-Wire TG-Style Jack Module, White	Electronics > Computers & Accessories > Computer Accessories & Peripherals > Cables & Accessories > Cables & Interconnects > Ethernet Cables > Cat 6 Cables
650	TDK Electronics NC100 Noise Cancellation Headphone (Metallic Silver/black)	Electronics > Headphones, Earbuds & Accessories > Headphones & Earbuds > Over-Ear Headphones
651	Kinobo Kazuki USB Webcam for Skype/Windows Vista / 7/8 & Built-in USB Microphpone	Electronics > Computers & Accessories > Computer Accessories & Peripherals > Audio & Video Accessories > Webcams & VoIP Equipment > Webcams
652	ienza Replacement UC-E4, UC-E15, UC-E19 USB Cable Photo Transfer Cord for Nikon Digital SLR DSLR D610 D90 and More (See List of Compatible Models)	Electronics > Camera & Photo > Accessories > Cables & Cords
653	Anti-Glare 15" POS Touch Screen Protector (2 Pack) for Touch Dynamic Breeze with Anti-Fingerprint Properties for Various Point of Sale Touch Screens.	Electronics > Camera & Photo
654	RUNNLY USB Microphone Gaming Condenser Microphone with Tripod Stand Recording Microphone for Recording Vocals, Podcasting, Streaming, Gaming, Compatible with Mac Laptop Windows Computer	Electronics > Computers & Accessories > Computer Accessories & Peripherals > Audio & Video Accessories > Computer Microphones
655	FRANCINE COLLECTION - CROCO ROLLER - BROWN 17.3"	Electronics > Computers & Accessories > Laptop Accessories > Bags, Cases & Sleeves > Briefcases
656	Dell [Windows 11 Home] 2021 Inspiron 5000 2 in 1 Laptop, 14" Touchscreen, Intel Core i3-1115G4 Processor, 12GB RAM, 256GB PCIe SSD, Remote for Work, Webcam, Wi-Fi 6, HDMI, Type-C, Backlit KB	Electronics > Computers & Accessories > Computers & Tablets > Laptops > Traditional Laptops
657	Fall Thanksgiving Backdrop Autumn Pumpkin Rustic Door Brick Wall Leaves Harvest Photography Background Autumn Maple Leaves Baby Kids Portrait Photoshoot Studio Props 8x6FT	Electronics > Camera & Photo > Lighting & Studio > Photo Studio > Backgrounds
658	Godox 22cm x 90cm 8.6"x 35.4" Strip Beehive Honeycomb Grid Softbox Bowens Mount for Godox Flash Light and Other Studio Flash Light	Electronics > Camera & Photo > Lighting & Studio > Lighting > Lighting Controls & Modifiers > Soft Boxes
659	Power Strip Tower with Surge Protector 8AC Outlets 4 USB Ports, 6.5ft Extension Cord Safemore Charging Plug Extender for Indoor,Office,Shops,Home(White)	Electronics > Accessories & Supplies > Power Strips & Surge Protectors > Power Strips
660	WISAGI Waterproof Housing Case for GoPro Hero7 Black Hero6 Hero5, 45m Underwater Protective Case Shell with Bracket Accessories	Electronics > Camera & Photo > Underwater Photography
661	Reolink RLC-410WS 4MP Super HD 2.4/5Ghz Dual Band Wi-Fi Wireless Security IP Camera, Fixed Bullet with 16GB Micro SD	Electronics > Camera & Photo > Video Surveillance > Surveillance Cameras > Bullet Cameras
662	Blackmagic Design Teranex Mini - Optical to HDMI (SFP Optical Module not included) (CONVNTRM/MA/OPTH)	Electronics > Television & Video > Accessories > Video Converters
663	6-Pack PCIe Riser Cable VER 006 or Ver006C PCI-E 16x to 1x Powered Riser Adapter Card USB 3.0 Extension Cable 6pin MOLEX to SATA Power Cable - GPU Riser Adapter - Ethereum Mining ETH Miner Cable rig	Electronics > Computers & Accessories > Computer Accessories & Peripherals > Computer Cable Adapters > USB-to-VGA Adapters
664	ineo 2.5 inch USB 3.1 Gen2 Type C Rugged Waterproof & Shockproof External Hard Drive Enclosure for 9.5mm & 7mm SATA HDD SSD [C2580c]	Electronics > Computers & Accessories > Computer Accessories & Peripherals > Hard Drive Accessories > Enclosures
665	XIAOLIN Watch Charging Adapter,Type C Charger Adapter Compatible with Garmin Fenix 6 6S 6X Pro, Fenix 5 5S 5X, Approach S60 X10 etc + 3.3ft USB C Cable 3A Fast USB Type C Cable	All Electronics
666	Fintie 3 Packs Screen Protector Case Compatible with Amazfit GTR3 Pro & GTR3, Soft TPU Plated Bumper Full Cover Protective Cases [Scratch-Proof], Black/Clear/Silver	Electronics > GPS, Finders & Accessories > GPS System Accessories > Cases
667	ECODA 22Khz Switch	Electronics > Television & Video > Accessories > Satellite Equipment
668	Insten 349453 10 To 24-Inch Tilt Swing Arm for Wall Mount Tv	Electronics > Television & Video > Accessories > TV Mounts, Stands & Turntables > TV Wall & Ceiling Mounts
669	Opteka 6.5mm + 70-300mm Lens Kit with 64GB for Nikon D5500, D5300, D5200, D5100, D3400, D3300, D3200 and D3100 Digital SLR Cameras	Electronics > Camera & Photo > Accessories > Digital Camera Accessories > Accessory Kits
670	Timpano TPT-1400 2 Ohms 1400 Watts Full Range Car Audio Amplifier Class D Amp	Electronics > Car & Vehicle Electronics > Car Electronics > Car Audio > Amplifiers > Mono Amplifiers
671	Hoya Micro-Fiber Cleaning Cloth - 8" x 8" - 10 Pack	Electronics > Camera & Photo > Accessories > Cleaning Equipment > Cloths
672	Dasaita Android 11 Car Stereo for Nissan Teana Altima 2012 2013 2014 2015 GPS Navigation Radio with 10.2 Inch Screen 2G Ram Head Unit with Dash kit	Electronics > Car & Vehicle Electronics > Car Electronics > Car Video > In-Dash Navigation
673	Napoer 2 in 1 Phone Camera Lens Kits Clip On 0.45X Super Wide Angle Lens+12.5X Macro Lens for Samsung Galaxy S4 S5 S6 iOS Android Smartphones and Digital Cameras	Electronics > Camera & Photo > Lenses > Camera Lenses
674	Aurosports Compact Pocket Size 12x25 High-Powered Wide-Angle Zoom Monoculars with Hand Strap	Electronics > Camera & Photo > Binoculars & Scopes > Monoculars
675	AirFIT Ear Hooks for AirPods Headphones Secure Slide-in Ear Hook Holder Over-Ear Loops | Sport Exercise Accessories for AirPods 1 & 2 or EarPods Earphones Earbuds, Grey, 2 Pair	Electronics > Headphones, Earbuds & Accessories > Earpads
676	Kenwood DMX4707S 6.8" Capacitive Touch screen Digital Multimedia Receiver with Apple CarPlay & Android Auto (does not play CDs) | Plus Kenwood CMOS-130 Rearview Camera with Universal Mounting Hardware	Electronics > Car & Vehicle Electronics > Car Electronics > Car Audio > Car Stereo Receivers
677	Adesso Cybertrack H6 4K Ultra HD USB Webcam with Built-in Dual Microphone & Privacy Shutter Cover, Black	Electronics > Computers & Accessories > Computer Accessories & Peripherals > Audio & Video Accessories > Webcams & VoIP Equipment > Webcams
678	MKL Accessories Women's Japanese School Girl Bag	Electronics > Computers & Accessories > Laptop Accessories > Bags, Cases & Sleeves > Messenger & Shoulder Bags
679	VANDESAIL Cat 7 Ethernet Cable 65 Ft, CAT7 LAN Network Cable RJ45 High Speed Patch Cord SFTP Gigabit 10/100/1000Mbit/s Gold Plated Lead	Electronics > Computers & Accessories > Computer Accessories & Peripherals > Cables & Accessories > Cables & Interconnects > Ethernet Cables > Cat 7 Cables
680	Veho VCC-A035-WPC Waterproof Case for MUVI K Series Video Camera (Black)	Electronics > Camera & Photo > Video > Camcorders
681	Prime PB801518 6-Outlet Green Power Strip With 1.5' Cord	Electronics > Accessories & Supplies > Power Strips & Surge Protectors > Power Strips
682	Panasonic BQ-CC87AKBBA eneloop pro Advanced Individual Battery Charger with Portable Charging Technology, Black	All Electronics
683	Fujifilm S8200 16.2 Megapixel Digital Camera (Black) 16303557 + 32GB SDHC Class 10 Memory Card + 4 AA NiMH Rechargeable Batteries with Charger + Carrying Case + HDMI Cable + Memory Wallet + Table Top Tripod, Lens Cleaning Kit, LCD Protector + USB SDHC Reader	Electronics > Camera & Photo > Accessories > Digital Camera Accessories > Accessory Kits
684	BlackBerry PlayBook Pop! Case	Electronics > Computers & Accessories > Tablet Accessories > Bags, Cases & Sleeves > Cases
685	Hughes Autoformers RSP-30-PWD, Replacement Surge Protection for 30 Amp Power Watchdog	Electronics > Accessories & Supplies > Power Strips & Surge Protectors > Surge Protectors
686	Almond Electric HP Proliant DL 360 G4 Server	Electronics > Computers & Accessories > Servers
687	Tiffen 4x5.65 Bronze Glimmer Glass Filter 1	Electronics > Camera & Photo > Accessories > Filters & Accessories > Effects Filters
688	CERRXIAN 90 Degree Right Angle 3.5mm Male to Male Jack 4 Pole Extension Aux Audio Coiled Spiral Cable	Electronics > Home Audio > Home Audio Accessories > Cables > Stereo Jack Cables
689	WARRANTECH RMX-200 REPAIR MASTER XchangeCARD WARRANTY SERVICE PLAN	All Electronics
690	Eagle Cell PAIPADMINISPSTBLBK Advanced Rugged Armor Hybrid Combo Case with Kickstand for iPad Mini - Retail Packaging - Blue/Black	Electronics > Computers & Accessories > Tablet Accessories > Bags, Cases & Sleeves > Cases
691	HP 128GB SX330 Class 10 U3 SDXC Flash Memory Card, Read Speeds up to 95MB/S (HFSH128-U3)	Electronics > Computers & Accessories > Computer Accessories & Peripherals > Memory Cards > SD Cards
692	Polaroid Originals i-Type Two-Pack Film Set (1 Color + 1 B&W)	Electronics > Camera & Photo > Film Photography > Film
693	Micro-USB Portable Emergency Charger For Cell Phones, Bluetooth Headsets	Electronics > Headphones, Earbuds & Accessories > Headphones & Earbuds
694	Cobra XRS 9640 Ultra Performance12 Band Radar/Laser Detector	Electronics > Car & Vehicle Electronics > Vehicle Electronics Accessories > Radar Detectors
695	AirPods Leather Case Cover with Keychain, Genuine Leather Portable Full Protective Shockproof Case Cover for Apple AirPods 1 Case & Airpods 2 case Support Wireless Charging	Electronics > Headphones, Earbuds & Accessories > Cases
696	Leupold	Electronics > Camera & Photo > Binoculars & Scopes > Binoculars
697	8mp USB Camera Module for Computer Wide Angle PC Camera 3.6mm Lens Webcam Board Mini UVC USB2.0 Lightburn Camera IMX179 USB with Camera 4K USB Security CCTV Camera for Raspberry Pi Mac Jetson Nano	Electronics > Computers & Accessories > Computer Components > Single Board Computers
698	Zoom Q2HD Handy HD Video Recorder	Electronics > Camera & Photo > Video > Camcorders
699	Power Supply Adapter, 12V 2A Power Cord for YN300Air, YN300III YN216, Led Strips SMD	Electronics > Power Accessories > AC Adapters
700	Phottix Professional Light C-Stand and Boom 32cm (PH88230)	Electronics > Camera & Photo > Lighting & Studio > Lighting > Booms & Stands
701	CHS 8 Inch 0.12” Width Self - Locking Design Serration Industrial Nylon Cable Ties, UV Resistant 120 Pounds Tensile Strength Ultra Strong Plastic Black Heavy Duty Reusable Zip Ties for Home and Work	Electronics > Accessories & Supplies > Cord Management > Cable Ties
702	Beyution New Replaced Samsung Remote Home-Theater Blu-Ray Tv Remote Ah59-02402A for Samsung Hte4500Za Hte6730Wza Hte5500Wza-Same As Original	Electronics > Television & Video > Accessories > Remote Controls
703	Cognisys Shutter Cable for Canon D Series	Electronics > Camera & Photo > Accessories > Digital Camera Accessories > Shutter Release Cords
704	Acer Spin 5 SP513-52N-58WW, 13.3" Full HD Touch, 8th Gen Intel Core i5-8250U, Amazon Alexa Enabled, 8GB DDR4, 256GB SSD, Convertible, Steel Gray	Electronics > Computers & Accessories > Computers & Tablets > Laptops > 2 in 1 Laptops
705	VEKEFF Replacement Ear Cushions Pad Earpads Covers for Plantronics Voyager Focus UC B825 Binaural Headset Headphone	Electronics > Headphones, Earbuds & Accessories > Earpads
706	Belkin AC 900 DB Wi-Fi Dual-Band AC Plus Gigabit Router (F9K1117)	Electronics > Computers & Accessories > Networking Products > Routers
707	VELCRO Brand Fire Retardant Cable Ties | 50pk ONE-WRAP FR Cable Straps for Contractors, Installers or Home Use | 8 Inch PreCut Cable Management Ties | Cranberry	Electronics > Accessories & Supplies > Cord Management > Cable Ties
708	NVMe PCIe M.2 2280 Solid State Drive, Gen3 x4 M.2 SSD Solid State Storage(Read/Write Speed up to 3,000/1700 MB/s) High Performance Hard Drive Desktop Laptop with SSD 128/256/512GB/1TB (256GB)	Electronics > Computers & Accessories > Computer Components > Internal Components
709	Marvo SG-201 USB 2.0 Powered Multimedia Computer Speakers With Surround Subwoofer Heavy Bass for PC/Laptops/Computer (Red)	Electronics > Computers & Accessories > Computer Accessories & Peripherals > Audio & Video Accessories > Computer Speakers
710	Maxjoy for AirPods Case Cover with Lock, Floral Air Pod Case Hard Protective Shockproof iPod Cover for Women Men with Keychain Lock Clip Compatible AirPod 2nd 1st Gen Charging Case 2&1	Electronics > Headphones, Earbuds & Accessories > Cases
711	USA with Screwdriver: US Layout Laptop Keyboard for Asus ZenBook UX510 UX510U UX510UA UX510UW V510UX V510U 0KNB0-610TUS00 MP-13K93US-G50 Black Frameless	Electronics > Computers & Accessories > Computer Components > Laptop Replacement Parts
712	Jienk 2Pcs DB25 Male to RJ45 Modular Adapter, DB25 to RJ45 Female Jack Ethernet Adapter	Electronics > Computers & Accessories > Computer Accessories & Peripherals > Computer Cable Adapters > Serial Adapters
713	Bainna Vehicle Backup Camera 170° Wide View Angle with 6M RCA Video Cable and 1.5M Power Wire 12V Universal Car Front/Side/Rear View Camera	Electronics > Car & Vehicle Electronics > Car Electronics > Car Safety & Security > Vehicle Backup Cameras
714	Speck SkinTight Silicone Case for iPod mini (Pink)	Electronics > Portable Audio & Video > MP3 & MP4 Player Accessories > Cases
715	Tram 1590970351650 Nmo 3/4" Hole Mount with Cable & SMA Male Connector, 5.00in. x 5.00in. x 1.00in.	Electronics > Home Audio > Home Audio Accessories > Connectors & Adapters
716	Waterproof dustproof Clear Transparent Silicone Keyboard skin Covers guard For Cherry G80 3000 G80-3000LSCEU G80-3000 3494	Electronics > Computers & Accessories > Computer Accessories & Peripherals > Keyboards, Mice & Accessories > Keyboard & Mice Accessories > Keyboard Skins
717	OrigAudio Flowers Fold n' Play Speakers	Electronics > Computers & Accessories > Computer Accessories & Peripherals > Audio & Video Accessories > Computer Speakers
718	CSEXCEL® New Laptop Battery [Li-ion 9-Cell 7800mAh/87WH] for Dell XPS M1330 1330 Dell 13 1318 Fits 312-0844 312-0566 312-0567 TT485 WR050 C601H PU556 NT349 HG307 UM225 UM226 XT832	Electronics > Computers & Accessories > Laptop Accessories > Batteries
719	ASUS ROG Strix Z370-G Gaming LGA1151 (Intel 8th Gen) DDR4 DP HDMI M.2 Z370 Micro ATX Motherboard with onboard 802.11ac WiFi, Gigabit LAN and USB 3.1	Electronics > Computers & Accessories > Computer Components > Internal Components > Motherboards
720	Seasonic Topre REALFORCE RGB AEAX01 USB Wired 108-Key Keyboard	Electronics > Computers & Accessories > Computer Accessories & Peripherals > Keyboards, Mice & Accessories > Keyboards
721	Native Union Gripster Case for iPad Mini with Retina Display (GMINI-Gry-PL-R)	Electronics > Computers & Accessories > Tablet Accessories > Bags, Cases & Sleeves > Cases
722	Amalen Ultimate Earphones, Hi-Res HiFi Earbuds, Noise Cancelling in-Ear Headphones, Micro-Dynamic Driver Ergonomic Comfort-Fit Headset NG30	Electronics > Headphones, Earbuds & Accessories > Headphones & Earbuds > Earbud Headphones
723	Sans Digital EliteSTOR 24 Bay 6G SAS/SATA to SAS JBOD with SAS Expander Rackmount (ES424X6+BS)	Electronics > Computers & Accessories > Computer Accessories & Peripherals > Hard Drive Accessories > Enclosures
724	4K 3 Port Hdmi Switch,3 Ports Hdmi Switch,4K Hdmi Switch Full HD 4K 1080P 3D Hdmi Switch 3 in 1 Out,Hdmi Pigtail,Hdmi Switch 4K Hdmi Splitter for TV Projector Computer Monitor Audio	Electronics > Home Audio > Home Audio Accessories > Distribution > Selector Switch Boxes
725	New Replacement Keyboard Keycaps Keys,Full Set of US Replacement Keycaps QWERTY for MacBook Pro 13.3"/16" A2251 A2289 A2141 2019 2020 Year EMC 3348 EMC3349 3456	Electronics > Computers & Accessories > Computer Components > Laptop Replacement Parts
726	CowboyStudio Photography Clamp Studio Clamp with Spigot - A-280	Electronics > Camera & Photo > Lighting & Studio > Lighting > Mounting Hardware
727	USB-C Network Adapter Hub with 3-USB 3.0 Ports and 1-Gigabit RJ-45 LAN Port. Silver Aluminum with Padded Metal Travel Case, Compatible with Devices containing USB C Ports, by BNZ Products	Electronics > Computers & Accessories > Networking Products > Hubs
728	Rode VideoMic with Rycote Lyre Suspension System and Fuzzy Windbuster Kit	Electronics > Camera & Photo > Accessories > Professional Video Accessories > Microphones
729	120W Laptop Charger for Chicony A120A007L A12-120P1A A120A010L AC Adapter 19.5V 6.15A 120W Laptop Power Supply for MSI GE60 GE70 Gaming PC	Electronics > Computers & Accessories > Laptop Accessories > Chargers & Adapters
730	LiuShan Compatible with Jumper EZpad 6 Pro Case,PU Leather Slim Folding Stand Cover for 11.6" Jumper EZpad 6 Pro 2 in 1 Tablet/Jumper EZpad 6s Pro Window 10 Tablet PC,Red	Electronics > Computers & Accessories > Tablet Accessories > Bags, Cases & Sleeves > Cases
731	OPSO [MFi Certified Lightning to USB Sync Charger Cable Cord Compatible Apple/iPhone 12/12 Mini/12 Pro/12 Pro Max/11 Pro Max/X/XS/XR/8/7/6 SE,iPad 2 3 4 Mini Air Pro,iPod,3.3 Feet / 1m (White)	Electronics > Computers & Accessories > Computer Accessories & Peripherals > Cables & Accessories > Cables & Interconnects > Lightning Cables
732	Senter Band for Xiaomi Haylou Solar LS05 Band,22mm Soft Silicone Sport Replacement Strap Band Compatible with Xiaomi Haylou Solar LS05 Smart Watch	Electronics > Wearable Technology > Clips, Arm & Wristbands
733	Cases for Earbuds,Aneuzs Earphone Carry Cases 5 Pack Headphone Storage Bag with Zipper and Carabiner for Smartphone Earphone USB Cable,SD Cards,Small Round Pocket & Square Little Travel Cases	Electronics > Headphones, Earbuds & Accessories > Cases
734	UpBright 3V DC AC Adapter Compatible with Department 56 52256 56.52256 5225-6 5652256# UD-0612B UD-0608C Dept 56 Brite Lites Products Christmas Heritage Village 3VDC 700mA 1250mA Power Supply Charger	Electronics > Power Accessories > AC Adapters
735	WinnerEco 3.5mm Jack Plug Car Cassette Tape Adapter Cassette Mp3 Player Converter	Electronics > Portable Audio & Video > MP3 & MP4 Player Accessories > Cassette Player Adapters
736	GutReise 11 Connectors DC Power Cable + USB Switch Extension Cable,Extension Cord with On/Off Power Switch for Fans,Dash Camera,Bluetooth Speakers,Shaver,LED Strips	Electronics > Computers & Accessories > Computer Accessories & Peripherals > Cables & Accessories > Cables & Interconnects > USB Cables
737	Monoprice 1.5ft Premium 2 RCA Plug/2 RCA Plug M/M 22AWG Cable - Black - (105346)	Electronics > Television & Video > Accessories > Cables > RCA
738	Western Digital 2TB WD Blue SN570 NVMe Internal Solid State Drive SSD - Gen3 x4 PCIe 8Gb/s, M.2 2280, Up to 3,500 MB/s - WDS200T3B0C	Electronics > Computers & Accessories > Data Storage > Internal Solid State Drives
739	Chamberlain NDIS Wireless Indoor/Outdoor Portable Intercom	Electronics > Security & Surveillance > Home Security Systems
740	Dell Inspiron 3511 Laptop, 15.6 Inch Touch Display, Intel Core i5-1035G1 Processor, 8GB RAM, 512GB SSD, Intel UHD Graphics, Wi-Fi, Bluetooth, Windows 11 Home in S Mode, Bundle with JAWFOAL	Electronics > Computers & Accessories > Computers & Tablets > Laptops > 2 in 1 Laptops
741	CellMACs Tri-Fold Leather Carrying Case Cover Folio Stand for ASUS Transformer Pad Infinity TF700 TF700T TF700KL - Brown	Electronics > Computers & Accessories > Tablet Accessories
742	ndliulei New AC DC Jack Power Plug in Charging Port Connector Socket with Wire Cable Harness Replacement for HP Pavilion DV7-4000 DV7T-4000 605364-001	Electronics > Computers & Accessories > Computer Components > Laptop Replacement Parts
743	HQRP AC Adapter Compatible with Wahl Shaper-8061 Wh-97617-100-cd, 4000 4400 7029 7035 7060 7352 7353 7355 7356 7357 7367 7388 7397 8061 785805 Razor/Shaver Power Cord Charger + Euro Plug Adapter	Electronics > Computers & Accessories > Laptop Accessories > Chargers & Adapters
744	Kustom cycle parts Aftermarket Saddlebag Speaker Wiring Kit. Made Wire. Universal fit for All Motorcycles. Plug and Play. Harley Davidson. Made in The USA (CCA Copper Clad Aluminum)	Electronics > Car & Vehicle Electronics > Vehicle Electronics Accessories > Audio & Video Accessories > Speaker Systems
745	Westone Alpha Adventure 6.5mm Mirco Driver In-Ear Earphones - IPX Weather Resistant with 3 AWACS Reflective Cable and Microphone	Electronics > Headphones, Earbuds & Accessories > Headphones & Earbuds > Earbud Headphones
746	Amcrest 5MP Security Camera System, 4K 16CH (8-Port) PoE NVR, (8) x 5-Megapixel IP67 Weatherproof Dome POE IP Cameras, Pre-Installed 3TB Hard Drive, NV4116E-D1188EW8-3TB (White)	Electronics > Security & Surveillance > Surveillance Video Equipment > Surveillance DVR Kits
747	Honeywell Intrusion LTE-L3A	Electronics > Security & Surveillance > Home Security Systems
748	MOVSSOU E7 Active Noise Cancelling Headphones Bluetooth Headphones Wireless Headphones Over Ear with Microphone Deep Bass, Comfortable Protein Earpads, 30 Hours Playtime for Travel/Work, Sky Blue	Electronics > Headphones, Earbuds & Accessories > Headphones & Earbuds > Over-Ear Headphones
749	32GB Micro SD Memory Card SDXC SDHC TF Flash Class 10 For Android Camera Phone by Proenex	Electronics > Computers & Accessories > Computer Accessories & Peripherals > Memory Cards > Micro SD Cards
750	Universal 9.5mm SATA 2nd SSD HDD Hard Drive Optical Bay Caddy Frame Tray for Dell Inspiron 17 3721 3737 17R 5721 5737	Electronics > Computers & Accessories > Computer Accessories & Peripherals > Hard Drive Accessories > Enclosures
751	Leviton 40833-BER Coupler Binding Post RED Stripe Black	Electronics > Home Audio > Home Audio Accessories > Connectors & Adapters
752	Pyle Waterproof Wireless HD Backup Camera, Night Vision Illumination, LCD Display Screen, with Built-in Rechargeable Battery, Black. (PLCMH6)	Electronics > Car & Vehicle Electronics > Car Electronics > Car Safety & Security > Vehicle Backup Cameras
753	FUJIFILM Finepix XP140 with 4K & WiFi, Water-Proof, Shock-Proof Rugged Outdoor, 16.4 MP BSI-CMOS Sensor, 5X Optical Zoom, Digital Camera Bundle	Electronics > Camera & Photo > Digital Cameras > Point & Shoot Digital Cameras
754	Britek#FK3200 Professional Photography 3200w Fluorescent Lighting Kit with 2 Fluorescent Light Bank+2 Softbox+16 Fluorescent Lamp+2 Giant Light Stand+2 Carrying Bag	Electronics > Camera & Photo > Lighting & Studio > Lighting > Lighting Controls & Modifiers > Soft Boxes
755	High Power 1500W Power Inverter DC 12V to AC 110V Modifled Sine Wave Power Inverter with AC Ports and Dual 5V 2.1A USB Ports （Red） (1500W) (1500w)	Electronics > Car & Vehicle Electronics > Vehicle Electronics Accessories > Audio & Video Accessories
756	Samsung ATIV Book 9 12.2 Inch Laptop (Intel Core M-5Y31, 8 GB, 256 GB SSD, Windows 10, Imperial Black, 12.in WQXGA Display) NP930X2K-S02US	Electronics > Computers & Accessories > Computers & Tablets > Laptops
757	Amphenol 4-Way Digital Coaxial Splitter MoCA 2.5 ABS314H	Electronics > Television & Video > Accessories > Satellite Equipment > Splitters
758	Leaderadjo messenger bag shoulder bag for 13 inch laptop of genuine leather in vintage style for men and women…	Electronics > Computers & Accessories > Laptop Accessories > Bags, Cases & Sleeves > Messenger & Shoulder Bags
759	Neewer® NW-598 DV Camera Recording Microphone Photography Interview Shotgun MIC Microphone for Canon Nikon Sony Olympus Pentax Panasonic and Other HDSLRs DV Camcoders	Electronics > Camera & Photo > Accessories > Professional Video Accessories > Microphones
760	ProAm USA SimpleSLIDER Compact Camera Slider Dolly	Electronics > Camera & Photo > Video > Camera Supports & Stabilizers > Camera Sliders
761	Kingston 8 GB microSDHC Class 4 Flash Memory Card SDC4/8GB,Black	Electronics > Computers & Accessories > Computer Accessories & Peripherals > Memory Cards > Micro SD Cards
762	Sager NP8961 0.78 Inches Thin & Light Gaming Laptop, 16.1 inches FHD 144Hz Narrow Bezel Display, Intel Core i7-8750H, RTX 2060 6GB DDR6, 16GB RAM, 250GB NVMe SSD + 1TB HDD, Windows 10 Home	Electronics > Computers & Accessories > Computers & Tablets > Laptops > Traditional Laptops
763	Sony Minidisc Walkman Player and Recorder MZ-R700	Electronics > Portable Audio & Video > Digital Voice Recorders
764	HQRP Kit AC Power Adapter and DC Coupler Compatible with Panasonic Lumix DMC-FZ100 DMC-FZ150 Digital Camera Plus Euro Plug Adapter	Electronics > Computers & Accessories > Tablet Accessories > Chargers & Adapters
765	New 15.6" Laptop LED LCD Screen with Glossy Finish and HD WXGA 1366 x 768 Resolution for HP Pavilion Models: G6-1D16DX, G6-2123us, G6T-1D00, G6-1C35DX, G6-1D28DX	Electronics > Computers & Accessories > Laptop Accessories > Replacement Screens
766	Nikon AF-P DX NIKKOR 70-300mm f/4.5-6.3G ED VR Lens W/Basic Lens Bundle, UV Filter, Lens Pouch + Xpix Lens Handling Kit	Electronics > Camera & Photo > Accessories > Digital Camera Accessories > Accessory Kits
767	HEWLETT PACKARD 1TB MDL Sata 7.2K RPM 1YR Warr HDD	Electronics > Computers & Accessories > Computer Components > Internal Components
768	BOWER 0.5x Wide Angle lens HD WITH MACRO 58MM (Silver)	Electronics > Camera & Photo > Lenses > Camera Lenses > SLR Camera Lenses
769	Garmin 010-01960-00 GT20-TM Transducer	Electronics > Car & Vehicle Electronics > Marine Electronics > Fish Finders & Depth Finders
770	commountain Two Wire Earpiece with Mic for Motorola Radios R2 BRP40 BPR40D CP100D CP200 CP200D CP185 CLS1410 CLS1110 DTR650 RDU4100 RDU4160D RMU2040 RMU2080D CLS 1410 RDU RMU, Surveillance Headset	Electronics > Portable Audio & Video > CB & Two-Way Radios > Accessories > Headsets & Microphones
771	Galaxy Tab A 8.0 2018 Case, T387 Case, APOLL PU Leather Ultra Slim Lightweight Folio Flip Stand Anti-Scratch Cover with Pocket for Samsung Galaxy Tab A 8.0 2018 Release Model SM-T387, Platinum Marble	Electronics > Computers & Accessories > Tablet Accessories > Bags, Cases & Sleeves > Cases
772	Lightning to HDMI Adapter for iPhone/iPad, COVS Lightning Hub 5 in 1 USB Camera OTG Adapter 1080p Digital AV SD TF Card Reader and Charging Port Compatible with Projector/Monitor and More USB Device	Electronics > Computers & Accessories > Computer Accessories & Peripherals > Computer Cable Adapters > DVI-HDMI Adapters
773	LETSHUOER Z12 14.8mm Planar Magnetic Driver IEMs, Gold Edition HiFi in-Ear Earphones with CNC Machined Aluminum Alloy Ear Cavities (3.5mm Jack) (Black +Gold Color Without Neck Strap)	Electronics > Headphones, Earbuds & Accessories > Headphones & Earbuds > Earbud Headphones
774	Vintage Leather Bound Book Design Black Portfolio Cover for Amazon Kindle Fire ((Full Color 7" Multi-touch Display, Wi-Fi)) + Vangoddy Trademarked Live Laugh Love Wrist band!!!	Electronics > eBook Readers & Accessories > Covers
775	SanDisk ImageMate 12-in-1 USB 2.0 Flash Memory Card Reader SDDR-89-A15	Electronics > Computers & Accessories > Computer Accessories & Peripherals > Memory Card Accessories > Memory Card Readers
776	Geekria Shield Case Compatible with Sony WHCH520, WH1000XM5, WH1000XM4, WHCH710N, W-CH700N, MDRM1ST Headphones, Replacement Protective Hard Shell Travel Carrying Bag with Cable Storage (US Flag)	Electronics > Headphones, Earbuds & Accessories > Cases
777	SnowTing 20pcs Pre-Cut 18650 Battery Wraps Cover Movie Series Protective Sleeve Heat Shrink Wrap - 10 Styles with High Quality Transparent Box	Electronics > Car & Vehicle Electronics > Vehicle Electronics Accessories > Vehicle Audio & Video Installation > Amplifier Installation > Heat-Shrink Tubing
778	MYHGRC Replacement Samsung Soundbar Remote for All Samsung Home Theater System HW-T450 HW-T510 HW-T550 HW-Q60T HW-T510 HW-M450 HW-M430/ZA HW-M360 HW-M550 HW-M370 HW-M370/ZA HW-M4500 HW-M4501 and More	Electronics > Television & Video > Accessories > Remote Controls
779	2 Pack 5dB SC Fiber Optic Attenuator, Single Mode Fixed in-Line Fiber Attenuator, SM SC/UPC Male to Female, dB Options: 3dB, 5dB, 7dB, 10dB	Electronics > Television & Video > Accessories > Cables > Optical
780	Lenovo ThinkBook 13s Business Notebook with 13.3" WQXGA (2560x1600) Touchscreen, 11th Gen i7-1165G7 Processor, 16GB DDR4, 512GB SSD, Thunderbolt 4, WiFi 6, HD Webcam, Intel Evo, and Windows 10 Pro	Electronics > Computers & Accessories > Computers & Tablets > Laptops > Traditional Laptops
781	A.B Crew Stylish Double Blades USB Powered 2-Mode Speed Ultra-Quiet Mini Desk Fan with PU Leather Strap (White)	Electronics > Computers & Accessories > Computer Accessories & Peripherals > USB Gadgets > USB Fans
782	HQRP Phone Battery Compatible with Panasonic KX-TG2420B KX-TG2420W KX-TG2421W KX-TG2422W KX-TG2432PK KX-TG2632PK KX-TGA570S KX-TGA571S Cordless Telephone	Electronics > Accessories & Supplies > Telephone Accessories > Batteries
783	Universal Remote Replacement for Samsung TV Remotes BN59-01259B BN59-01260A BN59-01259E BN59-01259D and 4K UHD 6 Series 7 Series UN43 NU50 NU55 NU65 NU75 KS Models with 3 Years Warranty	Electronics > Television & Video > Accessories > Remote Controls
784	SoundLogic Wireless Earbuds- Rechargeable Bluetooth Earbuds with Built-in Microphone	Electronics > Headphones, Earbuds & Accessories > Headphones & Earbuds > Earbud Headphones
785	TENQ FBI Style Covert Acoustic Air Tube Headset/Earpiece Mic for Motorola Radio HT750 HT1250 PR860 PRO5150 PRO5350 GP328 GP360 GP380 GP640 GP1280 Two Way Radio Walkie Talkie	Electronics > Portable Audio & Video > CB & Two-Way Radios > Accessories > Headsets & Microphones
786	Newmowa® Jaws Flex Clamp Mount + 8-Joint Adjustable Neck for Gopro HD Hero, Hero2, Hero3, Hero3+, Hero4 Session, Gopro Hero+LCD and SJ4000, SJ5000 Action Camera	Electronics > Camera & Photo > Accessories > Professional Video Accessories > Stabilizers
787	SoulBay 6V AC Power Adapter for ProForm Elliptical Trainer Bike 290 585 ZR3 400LE XP 400r 440 490 600 CSX 210 215 234 235 Crosstrainer 6 Volt 2Amps Regulated Replacement Power Cord, ETL Listed	Electronics > Power Accessories > AC Adapters
788	Gitzo GT3840C Series 3 Basalt Compact Tripod,Black	Electronics > Camera & Photo > Tripods & Monopods > Complete Tripods
789	SOLEEJOY Cable Ties Reusable, 8-Inch Straps for Cord, Multi-purpose Hook and Loop Cable Ties for Wire Wrap Management and Organization, Assorted Colors ( Pack of 30 ) (RCM-C01)	Electronics > Accessories & Supplies > Cord Management > Cable Ties
790	New RJ9 to QD Adapter Cable RJ-9 Quick Disconnect Cable Coil Cord Compatible with Plantronics M12 QD Headsets Connects to Cisco Models 7940 7941 7942 7945 7960 7961 7962 7965 7970 7975	Electronics > Accessories & Supplies > Telephone Accessories > Headsets
791	COOLSTART Q6WBT1011 Factory OEM KEY FOB Keyless Entry Remote Alarm Replace	Electronics > Car & Vehicle Electronics > Car Electronics
792	Trendy Wag Case for New iPad 2017/2018 9.7 inch Hand Strap Kickstand 5th Generation Shockproof Cover	Electronics > Computers & Accessories > Tablet Accessories > Bags, Cases & Sleeves > Sleeves
793	Creative ZEN Stone Plus Skin 3 in 1 Pack (Black, Blue, Pink)	Electronics > Portable Audio & Video > MP3 & MP4 Player Accessories > Cases
794	ASUS C422AQ monitior	Electronics > Computers & Accessories > Monitors
795	AC Adapter for Mustek MP-72 MP72 MP-73 MP73 PL-510 PL510 PL-207A PL207A PL-607 PL607 Portable DVD Player Ac Dc Adapter Power Supply Cord Plug	Electronics > Computers & Accessories > Tablet Accessories > Chargers & Adapters
796	NewPower99 Battery Kit for Samsung Galaxy Tab S2 8.0 SM-T710, SM-T713, SM-T715, SM-T719 with Tools, Video Instructions, Long Life Battery	Electronics > Computers & Accessories > Tablet Replacement Parts > Batteries
797	QFX PBX-61129 Rechargeable 12" Bluetooth Pa Party Sound System with Stand	Electronics > Portable Audio & Video > Portable Speakers & Docks > Portable Bluetooth Speakers
798	DOCTOR WHO TARDIS 4" DECAL STICKER FOR IPAD SHIRT LAPTOP MACBOOK DAVID TENNANT DALEK DR.	Electronics > Computers & Accessories > Laptop Accessories > Skins & Decals
799	HP Pavilion Sleekbook 14" Laptop /Intel i3-2375M /4GB DDR3 /500GB Hard Drive /webcam /bluetooth /Win 8 (Sparkling Black)	Electronics > Computers & Accessories > Computers & Tablets > Laptops > Traditional Laptops
800	Melonboy Magnetic Charging Cable(6-Pack,1ft/3.3ft/6.6ft/6.6ft/10ft/10ft), Nylon Braided Magnetic Phone Charger, 3 in 1 Magnetic Cable Compatible with Micro USB, Type C and Other	Electronics > Computers & Accessories > Computer Accessories & Peripherals > Cables & Accessories > Cables & Interconnects > USB Cables
801	StarTech.com 2.5in Tool-less USB 2.0 to IDE SATA External Hard Drive Enclosure	Electronics > Computers & Accessories > Computer Accessories & Peripherals > Hard Drive Accessories > Enclosures
802	Okularis® 10x25mm Compact Binoculars with Protective Rubber Armoring, Soft Case and Strap	Electronics > Camera & Photo > Binoculars & Scopes > Binoculars
803	K-Musculo Apollo23 - IEEE 1394 FireWire 6 Pin Female to USB Male Adapter	Electronics > Computers & Accessories > Computer Accessories & Peripherals > Computer Cable Adapters > Firewire Adapters
804	eDragon NEMA 5-15P to Standard Roj Power Cord, Black, 18/3 (18AWG 3 Conductor) SVT, 10 Amp / 125 Volt, 6 Foot - 5 Pack	Electronics > Home Audio > Home Audio Accessories > Cables > Power Cords
805	SODIAL(TM) USB Cup/Mug Warmer Heater Pad + 4 Port USB Hub	Electronics > Computers & Accessories > Networking Products > Hubs
806	V7 Vertical Ergonomic Trackball Mouse, Wireless 6 Button Auto-Speed Dpi, Ergo - Optical - Wireless - 2.40 GHz - No - 1200 dpi - Trackball - 6 Button(s)	Electronics > Computers & Accessories > Computer Accessories & Peripherals > Keyboards, Mice & Accessories > Mice
807	7x5ft Mr Onederful Backdrop Boy Happy 1st Birthday Photography Background Banner Gold Black Bow Tie Little Man Wonderful Boys 1st Birthday Baby Shower Party Supplies Decorations	Electronics > Camera & Photo > Lighting & Studio > Photo Studio > Backgrounds
808	TWAYRDIO 144/430MHz Two Way Radio SMA Male Antenna Built-in Light VHF/UHF Short Handheld Radio Antenna for Yaesu VX-3R VX-6R FT1XD Walike Talkie 2pcs	Electronics > Portable Audio & Video > CB & Two-Way Radios > Accessories > Antennas
809	DVD-R	Electronics > Computers & Accessories > Computer Accessories & Peripherals > Blank Media > DVD-R
810	Asus P5QPL-VM EPU/Core 2 Quad/Intel G41/FSB 1333/2DR2-1066(OC)/GMA4500/GbE/7.1-HD Audio/HDMI/DVI/VGA/MATX Motherboard	Electronics > Computers & Accessories > Computer Components > Internal Components > Motherboards
811	VIYOYA 14.0 Inch Laptop Privacy Screen Filter-[16:9 Aspect Ratio]- Anti-Glare Anti-Scratch Blocks 97% UV, Anti-spy Screen Protector Information Protection Film for Widescreen Laptop Notebook	Electronics > Computers & Accessories > Laptop Accessories > Screen Protectors
812	2PCS Keyboard Cover Skin for Lenovo ideaPad 5 15.6", Lenovo Yoga 7i 15.6" 16", Lenovo ideaPad Flex 5 5i 15.6, Lenovo ideaPad 3i 15, Lenovo ThinkBook 15 G2 G3 15P, ideaPad Flex 5 15IIL05 2-in-1 15.6"	Electronics > Computers & Accessories > Computer Accessories & Peripherals > Keyboards, Mice & Accessories > Keyboard & Mice Accessories > Keyboard Skins
813	eMachines ET1352-01 Desktop (Black) (Discontinued by Manufacturer)	Electronics > Computers & Accessories > Computers & Tablets > Desktops > Towers
814	DSTE DMW-BLH7 Li-ion Battery and Micro USB Charger Suit for Panasonic Lumix DMC-GM1 DMC-GM1D DMC-GM1K DMC-GM1KD DMC-GM1KEB	Electronics > Camera & Photo > Accessories > Batteries & Chargers > Batteries > Camera Batteries
815	Westinghouse - 32" Class - LED - 720p - HDTV (WD32HB1120)	Electronics > Television & Video > Televisions > LED & LCD TVs
816	Sony DSLR Alpha SAL85F28 85mm F2.8 Camera Lens Kit	Electronics > Camera & Photo > Lenses > Camera Lenses
817	CDIU50V USB & 3.5mm Cable by HYPER	Electronics > Car & Vehicle Electronics > Vehicle Electronics Accessories > Audio & Video Accessories
818	The Curbie Gooseneck ipad Floor Stand Kiosk Display Holder 40.2-inch Tall, Adjustable Rotating Bracket Security Lock Enclosure Best Tablet Holder for Business Trade Show Event (8O-8UD7-G2RA)	Electronics > Computers & Accessories > Tablet Accessories > Stands
819	New 4 Viva Elite Blu-ray Replacement Case 15mm Hold 5 Discs (5 Tray)	Home Audio & Theater
820	New iPad 9.7 inch 2017/iPad Air 1 2 Sleeve Case Cover, Abestbox Multi Function Flip Leather Case [Auto Sleep/Wake] Card Slots Stand,Hand Wrist Strap for iPad Air1 / Air2/iPad 2017 New (Khaki)	Electronics > Computers & Accessories > Tablet Accessories > Bags, Cases & Sleeves > Cases
821	V7 E17PS 17" LCD Monitor with Speakers (Silver)	Electronics > Computers & Accessories > Monitors
822	158-193mm ID Orion Pinpoint Telescope Focusing Mask	Electronics > Camera & Photo > Accessories > Telescope & Microscope Accessories > Telescope Accessories
823	Venezia Serena Cross-Body Bag Color: Black/Cognac	Electronics > Computers & Accessories > Laptop Accessories > Bags, Cases & Sleeves > Messenger & Shoulder Bags
824	VikTck USB-C Superdrive External DVD/CD-RW Burner Writer Player for Laptop Notebook PC Desktop Computer,High Speed Data Transfer Support Windows XP/Vista/7/8/2000,Mac	Electronics > Computers & Accessories > Computer Components > External Components > Optical Drives > CD & DVD Drives
825	Netgear WGU624 Double 108 Mbps Wireless A+G Router	Electronics > Computers & Accessories > Networking Products > Routers
826	TriGear TG 2000W 2000 Watt Step Up Down Voltage Transformer Converter AC 110 / 220 V or 110 / 220 Volt	Electronics > Power Accessories > Power Converters
827	Soliom-S800 Solar Panel Power Supply, Pan tilt Security Outdoor Camera Solar Panel S800-4G Compatible	Electronics > Camera & Photo > Video Surveillance > Surveillance Cameras > Bullet Cameras
828	Dolgix 64gb Compact Flash (Cf) Card - 133x	Electronics > Computers & Accessories > Computer Accessories & Peripherals > Memory Cards > CompactFlash Cards
829	QBAOTE Hidden Camera, Spy Camera, Hidden Camera, Spy Camera Pen, Spy Pen Camera, Pen Camera, Spy Pen, Spy Cam, Nanny Cam	Electronics > Camera & Photo > Video Surveillance > Surveillance Cameras > Hidden Cameras
830	HGST - WD Ultrastar DC HC520 HDD | HUH721212ALE600 | 12TB 7.2K SATA 6Gb/s 256MB Cache 3.5-Inch | ISE 512e | 0F30144 | Helium Data Center Internal Hard Disk Drive (Renewed)	Electronics > Computers & Accessories > Data Storage > Internal Hard Drives
831	Ownest Compatible with Samsung Galaxy Buds and Buds+ Case Soft Silicone with Cute Flower Keychain Shockproof Cover Case for Girls Woman Galaxy Buds/ Buds Plus- White	Electronics > Headphones, Earbuds & Accessories > Cases
832	VideoSecu Tilting Wall Mount Plasma LCD HDTV Bracket for Sanyo DP37647 LMU-TK40C1 LMU-TK40C2 LMU-TK40D2 42LM4WPN-(CE42LM4WPN) DP42647 DP42848 DP42647 PDP42H2W DP46848 DO50747 DP52848 MP502B	Electronics > Television & Video > Accessories > TV Mounts, Stands & Turntables > TV Wall & Ceiling Mounts
833	Rangale CPU Cooling Fan for Dell Inspiron 15 5570 5575 P75F 15-5570 I5575-A214SLV-PUS Vostro (2021) 3400 3401 3405 3500 3501 Series Laptop 07MCD0	Electronics > Computers & Accessories > Computer Components > Internal Components > Fans & Cooling > CPU Cooling Fans
834	GoodQbuy 3' 2-Wire Coil Earbud Audio Mic Surveillance Kit is Compatible with Motorola Two-Way Radio 2-Pin GP300 CP200 PR400 CLS1110	Electronics > Portable Audio & Video > CB & Two-Way Radios > Accessories > Headsets & Microphones
835	Sony UPC-10S014x6 Paper Cartridge (UP-DP10 Photo Printer)	Electronics > Sony > All Sony Camera & Photo
836	Incase Sports Armband Pro - Black	Electronics > Portable Audio & Video > MP3 & MP4 Player Accessories > Armbands
837	iPad 9.7 Screen Protector Tempered Glass ACEGUARDER for iPad 9.7 inch/iPad Pro 9.7 / iPad Air/iPad Air 2 High Definition/Scratch Resistant 1 Pack	Electronics > Computers & Accessories > Tablet Accessories > Screen Protectors
838	Cat6 RJ45 Keystone Coupler 2-Pack, Ethernet Keystone Jack Inline Coupler Female to Female Connector for Cat7/Cat6/Cat5e/Cat5 Cable -White	Electronics > Home Audio > Home Audio Accessories > Connectors & Adapters
839	TRENDnet 4-Channel HD PoE Network Video Recorder, Up to 6TB Storage, 720P, Continuous Recording, Easy Install, Advanced Playback, VGA/HDMI, IOS, ONVIF, IPv6 Compliant, TV-NVR104,Silver	Electronics > Security & Surveillance > Surveillance Video Equipment > Surveillance Video Recorders
840	Leze - Ultra Thin Silicone Keyboard Cover Skin Protector for Corsair Strafe/Strafe RGB Mechanical Gaming Keyboard - Clear	Electronics > Computers & Accessories > Computer Accessories & Peripherals > Keyboards, Mice & Accessories > Keyboard & Mice Accessories > Keyboard Skins
841	iSound Leather Portfolio Case for iPad 2G/3G/4G (red)	Electronics > Computers & Accessories > Tablet Accessories > Bags, Cases & Sleeves > Cases
842	Tripp Lite SMART2200SLT SmartPro - UPS - AC 120 V - 1.6 kW - 2200 VA - RS-232, USB - 7 output connector(s)	Electronics > Computers & Accessories > Monitors
843	iGadgitz Slim PU Leather Shell Case Cover for New Amazon Kindle 2014 7th Generation - Black	Electronics > eBook Readers & Accessories > Covers
844	LENTION Palm Rest Cover for MacBook Pro (15-inch, 2016 2017 2018 2019) with Thunderbolt 3 Ports, Protective Vinyl Decal Skin Sticker with Trackpad Protector (Space Gray)	Electronics > Computers & Accessories > Laptop Accessories > Skins & Decals
845	Peplink Pepwave MAX BR1 4G LTE Mobile Router (MAX-BR1-LTE-E-T)	Electronics > Computers & Accessories > Networking Products > Routers
846	dCables Flip ultraHD 8G HDMI Cable - HD Video Cable for Flip ultraHD 8G	Electronics > Television & Video > Accessories > Cables > HDMI Cables
847	PcProfessional Screen Protector (Set of 2) for LG Gram 13 inch 13Z950 13.3" Laptop High Clarity Anti Scratch	Electronics > Computers & Accessories > Laptop Accessories > Screen Protectors
848	Genius GXP-200.4D 2400 Watts-MAX Compact Car Full Range Amplifier 4 Channel Class-D 2-Ohm Stable	Electronics > Car & Vehicle Electronics > Car Electronics > Car Audio > Amplifiers > Multichannel Amplifiers
849	3FT AC Power Cord Compatible with PS5 / PS4 / PS3, Xbox One S/X, Xbox Series X/S, HP OfficeJet Envy Canon Pixma Printer, Samsung LG Toshiba TCL TV	Electronics > Home Audio > Home Audio Accessories > Cables > Power Cords
850	AWO BL-FU310B / 5811118436-SOT Replacement Bare Lamp Bulb for OPTOMA EH500,X600,DH1014,DH1017	Electronics > Television & Video > Accessories > Projector Accessories > Bulbs
851	Wolverine WS58V2 Portable Wireless Outdoor-Indoor Dual Band Twin Speakers (Charcoal)	Electronics > Home Audio > Speakers
852	KitDive Aluminium Diving Grip for UW Camera housings Ver.II	Electronics > Camera & Photo > Underwater Photography > Underwater Lighting > Parts & Accessories
853	Cable Management Ties, Wire Storage, USB Cable Organizer wrap for Headphone, Belt Universal Coil Winder Line Buckles Cable Drop Clip for Cable Key Ring/Earphone Holder (Set of 3) (Black)	Electronics > Accessories & Supplies > Cord Management
854	Kindle Fire Natural Wood Bamboo Cover	Electronics > Computers & Accessories > Tablet Accessories > Bags, Cases & Sleeves > Cases
855	One Hundred Ice Gaming Case	Electronics > Computers & Accessories > Computer Components > External Components > Computer Cases
856	Kastar Battery 2X for Fujifilm NP-50 BC-50 BC-45W Fuji FinePix F50FD F60FD F70EXR F80EXR F100FD F200EXR F300EXR F500EXR F600EXR F770EXR F800EXR F900EXR Real 3D X20 XF1 XP100 XP150 XP160 XP170 XP200	Electronics > Camera & Photo > Accessories > Batteries & Chargers > Battery Chargers
857	Youngerfoto 14 Packs Backdrop Muslin String Clips Holders with Spring Clamps, Multifunctional Props for Photo Studio Video Photography	Electronics > Camera & Photo > Lighting & Studio > Photo Studio > Background Support Equipment
858	Low-Profile microSD Card Adapter for Raspberry Pi	Electronics > Computers & Accessories > Computer Accessories & Peripherals > Memory Card Accessories > Memory Card Adapters
859	EXPC GL75 Leopard 10SDR-636 by_MSI 17 Inch Gaming Laptop (i7-10750H, 32GB RAM, 512GB NVMe SSD + 1TB HDD, GTX1660Ti 6GB, 17.3" FHD 144Hz 3ms, Windows 10) Professional Gamer Notebook Computer	Electronics > Computers & Accessories > Computers & Tablets > Laptops > Traditional Laptops
860	Premium Anti-Glare Matte 9H Tempered Glass Screen Protector for Garmin DriveSmart 61 LMT-S LMT-D 61LMT-D 61LMT-S GPS	Electronics > GPS, Finders & Accessories > GPS System Accessories > Screen Protector Foils
861	FatBoy Tripods Elevate 2 Section	Electronics > Camera & Photo > Tripods & Monopods > Complete Tripods
862	Samlex America SDC-23 20 Amp 24v DC to 12v DC Converter	Electronics > Power Accessories > Power Converters
863	SPF85H - Samsung SPF-85H Digital Photo Frame Photo Viewer, Audio Player, Video Player - 8 LCD	Electronics > Camera & Photo > Lighting & Studio > Photo Studio > Storage & Presentation Materials > Digital Picture Frames
864	ViewSonic OMNI VX2418-P-MHD 24 Inch 1080p 1ms 165Hz Gaming Monitor with Adaptive Sync, Eye Care, HDMI and DisplayPort, Black	Electronics > Computers & Accessories > Monitors
865	VCELINK Stereo Audio Adapter, 6.35mm (1/4 inch) Male to 3.5mm (1/8 inch) Female Nickel Plated Headphone Jack, 3 Pack	Electronics > Headphones, Earbuds & Accessories > Adapters
866	Xtenzi Car Radio Wire Harness Compatible with Mazda CD DVD Navigation in-Dash - XT7903-21	Electronics > Car & Vehicle Electronics > Vehicle Electronics Accessories > Vehicle Audio & Video Installation > Radio Wiring Harnesses
867	WiFi Antenna Adapter USB Wireless Network Card Dual Band (5.8G/433Mbps+2.4G/150Mbps) High Gain Antenna 802.11b/g/n WLAN Dongle for Laptop Desktop PC,Support Windows XP/Vista/7/8/10,Mac OS X	Electronics > Computers & Accessories > Networking Products > Network Adapters > USB Network Adapters
868	REASUN Case for Galaxy Tab A7 Lite 8.7 Inch 2021, PU Leather Card Slots Cover Multi-Angle Stand Shell Protective Case for Samsung Galaxy Tab A7 Lite 8.7 2021 SM-T220 SM-T225 SM-T227, Two Wolves	Electronics > Computers & Accessories > Tablet Accessories > Bags, Cases & Sleeves > Cases
869	Power on Demand Solar Fusion	Electronics > Portable Audio & Video > CB & Two-Way Radios > Accessories > Batteries
870	Window Intercom Dual-Way Intercommunication Microphone and Speaker Bank Window Intercom Glass Window Microphone Anti-Interference Noise Free for Business/Bank/Office/Hospital Counter	Electronics > Security & Surveillance > Home Security Systems
871	Aluratek Dual Speaker Portable Bluetooth Stereo Speakers Strong Bass Powerful Volume True Wireless Stereo Technology Hands-Free Talking 2x3W Wireless Speaker Pair with Phones, Tablets, TVs and PCs (ABDS02F)	Electronics > Portable Audio & Video > Portable Speakers & Docks > Portable Bluetooth Speakers
872	Professional Grade 8" Speaker gaskets One Pair	Electronics > Home Audio > Home Audio Accessories > Speaker Parts & Components > Speaker Repair
873	LOVPOI GPS Navigation for Truck Car, 9 inch Trucker GPS for Semi Truck 2023 Map, GPS Truck Drivers Commercial, GPS Navigation System for Trucks, Free Lifetime Map Updates, Spoken Driver Alerts	Electronics > Car & Vehicle Electronics > Car Electronics > Car Video > In-Dash Navigation
874	Benmiuko 13.3 inch Small IPS Monitor CCTV Portable PC hdmi Monitor LCD Display 1920x1080 Full HD Video Security Surveillance Monitor Security Camera Display Screen AV/BNC/VGA/USB Multi-Function	Electronics > Security & Surveillance > Surveillance Video Equipment > Security Monitors & Displays
875	Seahorse SE920FML,YL Protective Equipment Cases (Yellow)	Electronics > Camera & Photo > Bags & Cases > Camera Cases
876	Evecase Ultra Portable Carrying Neoprene Sleeve Case Bag for 8.9'' Amazon Tablet: 2014 Fire HDX 8.9 Tablet/Kindle Fire HDX 8.9'' / All New Kindle Fire HD 8.9 inch Tablet (Orange)	Electronics > Computers & Accessories > Tablet Accessories > Bags, Cases & Sleeves > Sleeves
877	151494 Velcro ONE-WRAP Strap, 3/4" x 75', Black	Electronics > Accessories & Supplies > Cord Management > Cable Straps
878	Kikkerland Acorn Speaker, Large	Electronics > Portable Audio & Video > Portable Speakers & Docks > Portable Bluetooth Speakers
879	[2 Pack] XunyLyee Screen Protector for Fire HD 7/Fire HD 7 Kids Edition, [2.5D Round Edges] Tempered Glass Film for Fire HD 7 Tablet [7th Generation/9th Generation, 2019 and 2017] [Easy Installation]	Electronics > Computers & Accessories > Tablet Accessories > Screen Protectors
880	inRobert 75mm FD7010H12S Video Card Fan Replacement for ASUS Dual GTX 1050 RX 460 Graphic Card	Electronics > Computers & Accessories > Computer Components > Internal Components > Fans & Cooling > Graphics Card Fans
881	ASUS 2020 Flagship VivoBook Flip 14 Thin and Light 2 in 1 Laptop 14” FHD Touchscreen AMD 8-Core Ryzen 7 4700U (Beat I7-10510U) 20GB RAM 1TB SSD Backlit Fingerprint Win10 + Wireless Mouse	Electronics > Computers & Accessories > Computers & Tablets
882	Pioneer AVH-1300NEX Multimedia DVD Receiver with 6.2" WVGA Display/Apple CarPlay/Built-in Bluetooth/SiriusXM-Ready/AppRadio Mode +	Electronics > Car & Vehicle Electronics > Car Electronics > Car Audio > Car Stereo Receivers
883	Yashica MF-1 Snapshot Art 35mm Film Camera Turquoise + Energizer AA Batteries (4 Pack)+ Case + Cloth	Electronics > Camera & Photo > Film Photography > Film Cameras > Point & Shoot Film Cameras
884	MZ-7PD256Z 840 Pro-Series 256GB 2.5 SATA III SSD	Electronics > Computers & Accessories > Computer Components > Internal Components
885	Skar Audio VVX-8v3 D2 8" 800 Watt Max Power Dual 2 Ohm Car Subwoofer	Electronics > Car & Vehicle Electronics > Car Electronics > Car Audio > Subwoofers > Component Subwoofers
886	Lexar JumpDrive FireFly 16 GB USB 2.0 Flash Drive LJDFF16GASBNA (Red)	Electronics > Computers & Accessories > Data Storage > USB Flash Drives
887	StarTech.com 1394MM1 1 Feet IEEE-1394 Firewire Cable 6-6 M/M	Electronics > Computers & Accessories > Computer Accessories & Peripherals > Cables & Accessories > Cables & Interconnects > Firewire Cables
888	HP 15 Premium Laptop Computer 15.6" FHD IPS Touchscreen Display 10th Gen Intel Quad-Core i5-1035G1 (Beats i7-8550U) 12GB DDR4 1TB SSD WiFi Webcam Win 10 + HDMI Cable	Electronics > Computers & Accessories > Computers & Tablets > Laptops > Traditional Laptops
889	PcProfessional Screen Protector (Set of 2) for 2014 2015 2016 2017 Ford Mustang 8" SYNC 3 AppLick My Ford Touch Screen Display Navigation System Anti Glare Anti Scratch Filters UV	Electronics > GPS, Finders & Accessories > GPS System Accessories > Screen Protector Foils
890	MMOBIEL Ear Pads Cushions Compatible with Sony MDR-10RBT / 10RNC / 10R Protein Leather (Black)	Electronics > Headphones, Earbuds & Accessories > Earpads
891	Panasonic Lumix DMC-FZ1000 4K QFHD/HD 16X Long Zoom Digital Camera (Black) 32GB Bundle 8PC Accessory Kit Includes SanDisk Extreme 32GB SDHC Memory Card (SDSDXN-032G-G46), Carrying Case + More	Electronics > Camera & Photo > Digital Cameras > Point & Shoot Digital Cameras
892	USB C Extension Cable for Nintendo Switch, ZHIHUM 【Thunderbolt 3+6ft】 Charging, Video & Audio & Data Transfer Extender Cord Compatible Nintendo Switch, MacBook Pro, USB-C HUB, Type C Devices	Electronics > Computers & Accessories > Computer Accessories & Peripherals > Cables & Accessories > Cables & Interconnects > USB Cables
893	Geekria QuickFit Protein Leather Replacement Ear Pads for Sony WH-XB900N Headphones Ear Cushions, Headset Earpads, Ear Cups Repair Parts (Blue)	Electronics > Headphones, Earbuds & Accessories > Earpads
894	Lenovo 2023 Newest IdeaCentre 3i Desktop, Intel Core i7-12700 (12-core) Processor, 64GB RAM, 2TB SSD, 2TB HDD, Intel UHD Graphics 770, USB Calliope Keyboard & Wired Mouse, Wi-Fi 6, Windows 11 Home	Electronics > Computers & Accessories > Computers & Tablets
895	dCables Nikon CoolPix S70 USB Cable - USB Computer Cord for CoolPix S70	Electronics > Computers & Accessories > Computer Accessories & Peripherals > Cables & Accessories > Cables & Interconnects > USB Cables
896	SADES SA716 Multi-Platform Gaming Headset - for PC, Playstation 4, Xbox One, Nintendo Switch, VR, Android, with 3.5 mm Wired Connection, Highly Breathable Ear Cups	All Electronics
897	IO Crest 2 Port Parallel 1 Por Serial PCIe x1 Card, PCI Express to DB25 and DB9 with Low Bracket, Support SPP / PS2 / EPP/ECP Modes RS232 / RS485 / RS422 and Centronics Interface SI-PEX50103	Electronics > Computers & Accessories > Computer Components > Internal Components > I/O Port Cards
898	Monoprice HDMI Extender Using Cat5e or CAT6 Cable, Extend Up to 98-Feet (108121)	Electronics > Television & Video > Accessories > Cables > HDMI Cables
899	Motorola MU354R - 35 Mile Range Bluetooth TalkaboutÂ 2-Way Radio, SINGLE	Electronics > Portable Audio & Video
900	HK Army Paintball Barrel Camera Mount	Electronics > Camera & Photo > Accessories > Tripod & Monopod Accessories > Camera Mounts & Clamps
901	JINGNENGTE BP-828 battery for Canon VIXIA HF G30, XA20, XA25 HF200, HG20, HG21, XA10, XA20, XA25, XA30, XA35 Camcorder BP-820	Electronics > Camera & Photo > Accessories > Batteries & Chargers > Batteries > Camcorder Batteries
902	Reusable Cinch Straps 1”x 12” Premium Multipurpose Quality Hook and Loop Safety Straps (12 Pack)	Electronics > Accessories & Supplies > Cord Management
903	SF Cable, 15ft USB 2.0 A Male to A Female Extension Cable, Black	Electronics > Computers & Accessories > Computer Accessories & Peripherals > Cables & Accessories > Cables & Interconnects > USB Cables
904	16GB 2X8GB RAM Memory for Tyan S Series S5512GM2NR, S5512WGM2NR, S5512GM4NR, S5510G2NR-LE, S5512G2NR-LE Black Diamond Memory Module 240pin PC3-10600 1333MHz DDR3 ECC UDIMM Upgrade	Electronics > Computers & Accessories > Computer Components > Internal Components > Memory
905	Magenta Eva Durable Protective Cover Cube with Mesh Pocket for Sony Cybershot Point and Shoot Digital Camera	Electronics > Camera & Photo > Bags & Cases > Camera Cases
906	TomTom GO 620 GPS 6" Touch Screen (US-CAN-MEX) with Hardshell Case and Dash Mount	Electronics > Wearable Technology: Running Watches & Devices
907	Magnavox MAT976KB MSNTV Plus with Terminal and Keyboard	Electronics > Computers & Accessories > Computer Accessories & Peripherals > Keyboards, Mice & Accessories > Keyboards
908	Vantage Point UL01-B Articulating Wall Mount for 10" to 30" Displays (Black)	Electronics > Television & Video > Accessories > TV Mounts, Stands & Turntables > TV Wall & Ceiling Mounts
909	2GB (2 X 1GB) Memory Compatible for Dell PowerEdge 400SC PC3200 DDR ECC DIMM RAM (PARTS-QUICK Brand)	Electronics > Computers & Accessories > Computer Components > Internal Components > Memory
910	jWIN iLuv i222 Stereo Bluetooth Backphone with Built in Control Function for iPod Touch, Classic, Nano, 5G 30 GB, 60 GB, 80 GB, Nano 2G, and Shuffle	Electronics > Headphones, Earbuds & Accessories > Headphones & Earbuds > Earbud Headphones
911	MightySkins Skin Compatible with Apple iPad Pro Smart Keyboard 12.9" (2018) - Birch Grain - Protective, Durable, and Unique Vinyl Decal wrap Cover - Easy to Apply, Remove - Made in The USA	Electronics > Computers & Accessories > Laptop Accessories > Skins & Decals
912	Navionics GPS Service Platinum South Alaska MSD/SD Nautical Chart on SD/Micro-SD Card - MSD/915P-2	Electronics > Car & Vehicle Electronics > Marine Electronics > Marine GPS Chartplotters
913	Green Onions Supply RT-SPMS307 Crystal Oleophobic Screen Protector for 10.8" Microsoft Surface 3	Electronics > Computers & Accessories > Tablet Accessories > Screen Protectors
914	Mobile Edge Corporate Briefcase- 16-InchPC/17-InchMac fits all iPad generations including iPad4	Electronics > Computers & Accessories > Laptop Accessories > Bags, Cases & Sleeves > Briefcases
915	QIUQIU Nylon Cover Pouch Bag Sleeve for Amazon Kindle Paperwhite/Voyage/All-New Kindle(8th Generation, 2016)/Kindle Oasis E-Reader (Dark Gray)	Electronics > eBook Readers & Accessories > Sleeves
916	Rokinon RKHD8MV-C HD 8mm t/3.8 Fisheye Fixed Lens for Canon with De-clicked Aperture and Removable HoodWide-Angle Lens	Electronics > Camera & Photo > Lenses > Camera Lenses
917	12V 18Ah NB AGM Battery Replaces 12DD-18, CB12170, CP12-17, CP12-18, GP12170, GP12180, GPL12180, EVX-12170, 12VA17, 12VA18, BD18-12, DH12170, DH12180, DM12-17, DM12-18, DMU12-17, DMU12-18, D12180	Electronics > Computers & Accessories > Computer Accessories & Peripherals > Uninterruptible Power Supply (UPS)
918	Starter Basic Project Kit with Tutorial Jumper Wires Breadboard Modules Sensors Power Supply for Arduino UNO R3 (without UNO R3 controller)	Electronics > Computers & Accessories > Computer Components > Single Board Computers
919	Haier LE22C2380 22-Inch 1080p 60Hz LED HDTV	Electronics > Television & Video > Televisions > LED & LCD TVs
920	Headphone Adapter for iPhone Lightning to 3.5mm Audio Apple Splitter Dongle Jack AUX Adaptador para Dual Earphone Port 3 in 1 Phone and Charge Charger Earbud 13 12 11 Pro Max Mini Xs Se 7 X 8 Plus	Electronics > Headphones, Earbuds & Accessories > Adapters
921	American Sound Connection ASC GM2X12AVECL Compatible with Chevy Silverado or GMC Sierra HD Crew Cab Truck 2001-2006 Dual 12" Subwoofer Underseat Sub Box Speaker Enclosure	Electronics > Car & Vehicle Electronics > Car Electronics > Car Audio > Subwoofers > Subwoofer Boxes & Enclosures
922	Kay Dee Designs Flower Shower Love Embroidered Tea Towel	Electronics > Headphones, Earbuds & Accessories > Headphones & Earbuds > Earbud Headphones
923	YouthCamp EF10 Adjustable comfort headband Headphone for 3.5mm plug stereo sound.Extremely Soft Ear Pad, Noise Cancelling Headset -Black/Coffee	Electronics > Headphones, Earbuds & Accessories > Headphones & Earbuds > On-Ear Headphones
924	eTopxizu Kids Case for All-New Amazon Fire 7 2019, Shock Proof Light Weight Convertible Handle Stand Protective Cover for kids for Amazon Fire 7 2019 Release (9th Generation) Tablet, Blue	Electronics > Computers & Accessories > Tablet Accessories > Bags, Cases & Sleeves > Cases
925	HQRP 10ft AC Power Cord Compatible with Marantz SR7002 SR7005 SR7007 SR7008 SR7009 SR7400 AV Surround Receiver Mains Cable, UL Listed	Electronics > Home Audio > Home Audio Accessories > Cables > Power Cords
926	C2G/Cables to Go 20686 HD15 VGA M/M Mini Gender Changer (Coupler)	Electronics > Computers & Accessories > Computer Accessories & Peripherals > Cables & Accessories > Cables & Interconnects > VGA Cables
927	XShields© (5-Pack) Tablet Screen Protectors for Filemate Clear X4 (Ultra Clear)	Electronics > Computers & Accessories > Tablet Accessories > Screen Protectors
928	Invision Compatible Wireless Headphones and DVD Remote Control Combo	Electronics > Television & Video > Accessories > Remote Controls
929	Athena WS-60 Wall-Mountable 3-Way Front/Center Speaker, Aluminum (Single) (Discontinued by Manufacturer)	Electronics > Home Audio > Speakers
930	Headphone Stand Hanger, Universal Earphone Headset Holder Mount Aluminum Headphones Hook Favored by Gaming Players	All Electronics
931	NOYITO Mini TPA3118 Digital Audio Amplifier Board Class D Mono 60W DC8-24V Power Supply	Electronics > Home Audio > Home Theater > Receivers & Amplifiers > Amplifiers
932	Tectra 2X NP-BN1 NPBN1 Battery + LED USB Charger for Sony Cyber-Shot DSC-QX10 QX30 QX100 DSC-TF1 DSC-TX10 TX20 TX30 DSC-W530 DSC-W570 DSC-W650 DSC-W800 DSC-W83	Electronics > Camera & Photo > Accessories > Batteries & Chargers > Batteries > Camera Batteries
933	ColorYourLife Bundle of Canvas Fabric Tablet laptop Sleeve Case Bag for iPad Air 2 iPad Air / 9 inch Barnes & Noble NOOK HD+ / Tablet / Notebook with 2 Stylus Pens and Microfiber Cleaning Cloths (Colorful Bohemian pattern, 9.5 inch)	Electronics > Computers & Accessories > Laptop Accessories > Bags, Cases & Sleeves > Sleeves
934	UpBright 42V AC/DC Adapter Compatible with Mee-Go Model A11E/11B 36V 7.5Ah 280Wh 36VDC Lithium Li-ion Battery 350W 8.5" Wheel Folding Electric Scooter MeeGo A11E 11B 42VDC Power Supply Cord Charger	Electronics > Power Accessories > AC Adapters
935	Red Crown Gas 5" Round Vinyl Sticker Decal Cars Trucks Vans Walls Laptop	Electronics > Computers & Accessories > Laptop Accessories > Skins & Decals
936	Crypto-Fosho - Holographic Bitcoin Sticker, BTC Coin Vinyl Sticker - 3" by 3" Crypto Gear, Perfect for Laptop, Window, Vehicle, Home, Office, Dorm and More!	Electronics > Computers & Accessories > Laptop Accessories > Skins & Decals
937	Plantronics S11 Replacement Headset	Electronics > Accessories & Supplies > Telephone Accessories > Headsets
938	AM FM Pocket Radio Portable Mini Digital Tuning Radio with Earphone and Rechargeable Battery LCD Display for Walk (Black)	Electronics > Portable Audio & Video > Radios > Personal Radios
939	VideoSecu Low Profile TV Wall Mount for LG 42" 47" 42LM5800 42LM6200 42LS3400 42LS5700 42LS5750 42LN5700 42LN5300 42LN5400 42LA6200 42LN5200 47LN5700 47LA6200 47LN5400 47LN5790 47LN5200 MP146B BG8	Home Audio & Theater
940	Kanto YU4 Desktop Speakers (Pair) Bundle with Kanto SUB8 8" Subwoofer - Matte Black	Electronics > Home Audio > Speakers > Bookshelf Speakers
941	Observer SPM-100-T8 Speaker Mic for Tait TP8110 8115 8120 8135 8140 9300 9400	Electronics > Portable Audio & Video > CB & Two-Way Radios > Accessories > Headsets & Microphones
942	Strategic Printing Los Angeles Rams Wireless Insignia Design Earbuds	All Electronics
943	ASUS PA279Q 27" WQHD 2560x1440 AH-IPS DP Input, Daisy-Chain DP Output HDMI DVI-D Ergonomic Back-lit LED Monitor	Electronics > Computers & Accessories > Monitors
944	Serene CentralAlert Wireless Notification System	Electronics > Security & Surveillance
945	Ram Mount Cradle Holder for the Garmin Colorado 300, 400c, 400i and 400t	Electronics > GPS, Finders & Accessories > GPS System Accessories > Vehicle Mounts
946	Jecobb Tiamat V1 Earpads, Replacement Ear Cushion Cover with Protein Leather & Memory Foam for Razer Tiamat V1 Headset ONLY (Black)	Electronics > Headphones, Earbuds & Accessories > Earpads
947	RIOTORO CR488 Mid-Tower Case with Window	Electronics > Computers & Accessories > Computer Components > External Components > Computer Cases
948	GelaSkins Protective Skin for iPod touch 2G, 3G (Rooted in Earth)	Electronics > Portable Audio & Video > MP3 & MP4 Player Accessories > Cases
949	Speck Products CandyShell Case for 16GB iPod Touch 5	Electronics > Portable Audio & Video > MP3 & MP4 Player Accessories > Cases
950	Acer TravelMate P2 Business Laptop, 14" FHD IPS, Intel Core i5-8250U, 8GB DDR4, 256GB SSD, 10 Hrs Battery, Win 10 Pro, TPM 2.0, Mil-Spec, Fingerprint Reader, TMP214-51-55FM	Electronics > Computers & Accessories > Computers & Tablets > Laptops > Traditional Laptops
951	Hp 15-Dy1051Wm Laptop Intel Core i5 1.00 GHz 8GB Ram 256GB Windows 10 Home (Renewed)	Electronics > Computers & Accessories > Computers & Tablets > Laptops > Traditional Laptops
952	Boston Acoustics P442 24-Inch Aluminum On-Wall Speaker (Discontinued by Manufacturer)	Electronics > Home Audio
953	Neewer 58MM Ultra Slim ND2-ND400 Fader Neutral Density Adjustable Lens Filter for Camera Lens with 58MM Filter Thread Size, Made of Optical Class	Electronics > Camera & Photo > Accessories > Filters & Accessories > Neutral Density Filters
954	Sylvania 5.1 CH Blu Ray DVD Player, Home Theater System, Supports BD-Live	Electronics > Television & Video > Home Theater Systems
955	Sennheiser SDW 5036 (507020) - Single-Sided (Monaural) Wireless Dect Headset for Desk Phone Softphone/PC & Mobile Phone Connection Dual Microphone Ultra Noise Cancelling, Black	Electronics > Accessories & Supplies > Telephone Accessories > Headsets
956	HDMI to RCA Cable, 1080P 5ft/1.5m HDMI Male to 3-RCA Video Audio AV Cable Connector Adapter Transmitter for TV HDTV DVD	Electronics > Television & Video > Accessories > Cables > RCA
957	PC Expanion Multi-user Network Computing Terminal (OS L100)	Electronics > Computers & Accessories > Computer Accessories & Peripherals > Hard Drive Accessories > Enclosures
958	Kids Camera, Mini Children's Camera with 12 Mega Pixels, Children's Photography for Girls and Boys, Small Gift with Cartoon Soft Silicone case(Pink)	Electronics > Camera & Photo > Digital Cameras > Point & Shoot Digital Cameras
959	Geekria QuickFit Replacement Ear Pads for AKG N60NC Wire Headphones Earpads, Headset Ear Cushion Repair Parts (Dark Grey)	Electronics > Headphones, Earbuds & Accessories > Earpads
960	YEYIAN Blade 2101 Gaming PC Case, Acrylic Mid Tower ATX/Micro ATX, 1 RGB LED Fans, SPCC Chassis, Metal Mesh Air Flow, 3 USB/Audio Ports, 16.33"x7.08"x18.85", ROHS CE Certified, Black	Electronics > Computers & Accessories > Computer Components > External Components > Computer Cases
961	New VR17 Replacement Remote Control fit for VIZIO TV E320ND E371ND E420ND E470ND E550ND E422VA E322VL E472VL E552VL M261VP VXV6222	Electronics > Television & Video > Accessories > Remote Controls
962	2Pcs LTE Filter Improves Antenna Amplifier Signals - LTE Filter for TV Antenna Signal Purifier,4G /5G Filter Reduce Interference from Cell Phones Towers（ Frequency Range 5-695Mhz ）	Electronics > Television & Video > Accessories > Antennas > TV Antennas
963	Ultra Thin Slim Mini Shield Camera Sticker Slide Shutter Metal Webcam Cover Privacy Protection(1pc-Metal Oval,Pink)	Electronics > Computers & Accessories > Computer Accessories & Peripherals > Audio & Video Accessories > Webcams & VoIP Equipment > Webcams
964	Replaced Remote Control Compatible for LG 47LD450UA 37LS5600 26LK330 60PK550UD 32LD452B 42LK450-UH LED LCD HDTV	Electronics > Television & Video > Accessories > Remote Controls
965	THE CIMPLE CO - Mini Wire Cable Clips, Electrical Wire Cable Clip, 1/10 in (3 mm) Screw Clip and Fastener, Black (100 Pieces per Bag)	Electronics > Accessories & Supplies > Cord Management > Cable Straps
966	{4pcs Pack}2.5" Hard Drive Caddy Tray for Dell PowerEdge Server - T440 T640 R330 R430 T430 R630 T630 R730 R730XD R830 R930 for G176J and 0G176J	Electronics > Computers & Accessories > Computer Components > Internal Components
967	Egghead Heavy Duty Kids’ Headphone w/Tangle-Free Cord, Blue	Electronics > Headphones, Earbuds & Accessories > Headphones & Earbuds > Over-Ear Headphones
968	Dell Latitude 5520 15.6" FHD Touchscreen Business Laptop, Intel i7-1185G7 vPro Processor, 64GB RAM, 1TB SSD, IR Camera, RJ45, SD Card Reader, Thunderbolt 4, Backlit Keyboard, Wi-Fi 6, Windows 11 Pro	Electronics > Computers & Accessories > Computers & Tablets > Laptops > Traditional Laptops
969	Bestshoot (2 Pack) Eyecup Eye Cup Eyepiece Viewfinder Compatible with Nikon D3400 D5500 D3300 D5100 D3200 D3100 D3000 D5200 D5300 D5000 DSLR Camera Replaces DK-24 Black	Electronics > Camera & Photo > Accessories > Viewfinders
970	Audio Technica Portable Wireless Speaker AT-SP65XBT, Black	Electronics > Portable Audio & Video > Portable Speakers & Docks > Portable Bluetooth Speakers
971	OmniMount NC200T Black Tilt Mount for 37-90 inch Flat Panels	Electronics > Television & Video > Accessories > TV Mounts, Stands & Turntables > TV Wall & Ceiling Mounts
972	HQRP AC Adapter for PROFORM STRIDECLIMBER 650 Elliptical Exerciser PFEL058070 PFEL058071 PFEL058072 Power Supply Cord [UL Listed] + Euro Plug Adapter	All Electronics
973	Tripod Adapter, Camera Tripod Screw Adapter,1/4 to1/4 Screw Converter,1/4 to 3/8 Tripod Screw Adapter, Camera Strap Screws, 1/4 D-Ring Camera Screw, 3/8 to 1/4 Tripod Adapter, 20 PCS	Electronics > Camera & Photo > Accessories > Tripod & Monopod Accessories > Camera Mounts & Clamps
974	Band for Garmin Instinct 2S, Soft Silicone Replacement Watch Band Strap for Garmin Instinct 2S / Instinct 2S Solar (No Tracker)	Electronics > GPS, Finders & Accessories > Sports & Handheld GPS > Running GPS Units
975	Neewer® 13-21-31mm AF Auto Focus ABS Macro Extension Tube Set for Canon DSLR Cameras Such as 5D Mark II III, 1D Mark II III IV,7D 10D 20D 30D 40D 50D 300D 350D 400D 500D 550D 700D	Electronics > Camera & Photo > Accessories > Lens Accessories > Extension Tubes
976	Pmallcity 1080P Full HD PC Webcam, USB Security Camera with Built-in Microphone Plug & Play for Desktop, Computer Camera for Video Streaming, Conference, Gaming, Online Classes	Electronics > Computers & Accessories > Computer Accessories & Peripherals > Audio & Video Accessories > Webcams & VoIP Equipment > Webcams
977	Bossi Doubleshot PBT Keycaps for Mechanical Keyboard with Cherry MX Switches, OEM Profile. 104 PBT Keycaps Set - Green (Only Keycaps)	Electronics > Computers & Accessories > Computer Accessories & Peripherals > Keyboards, Mice & Accessories > Keyboards
978	Detectorcatty HDMI Male to Female Connector with USB 2.0 Charger Cable Spliter Adapter Extender	Electronics > Home Audio > Home Audio Accessories > Connectors & Adapters
979	Case Compatible with Twelve South AirFly | Wireless Transmitter to Use Wireless, Hard Travel Carrying Storage Box Fit for Charger and USB Cable (Bag Only)	Electronics > Portable Audio & Video > Digital Voice Recorders
980	8-Channel Fusion NVR System with 4K (8MP) IP Cameras 4 / White	Electronics > Security & Surveillance > Surveillance Video Equipment > Surveillance DVR Kits
981	ZITAY Dtap to DC Camera Power Cable 19.5V Output Compatible for Sony FX9 FX6 Via VMount Battery Power Supply	Electronics > Camera & Photo > Accessories > Cables & Cords
982	Toshiba 50" Class 1080p LED TV	Electronics > Television & Video > Televisions > LED & LCD TVs
983	20V 7.5A 150W AC Adapter Charger for Asus ADP-150CH B ADP-150CH BB A18-150P1A 0A001-00081500 0A001-00081600 ROG Strix Scar III G531GD G531GT ROG Strix G731GT ROG Strix G GL531GT Laptop Charger	Electronics > Computers & Accessories > Laptop Accessories > Chargers & Adapters
984	Dell XPS 13 2021 Premium 13.3" FHD Touchscreen Laptop Computer, 4-Core Intel Core i5-10210U 1.60 GHz, 8GB RAM, 512GB SSD, Backlit Keyboard, No DVD, Webcam,Wi-Fi,Bluetooth, Windows 10, TMLTT Mousepad	Electronics > Computers & Accessories > Computers & Tablets
985	EFOHANA C41N1809 Laptop Battery Replacement for Asus UX562FD-EZ058T UX562FDX-EZ040T ZenBook Flip 15 UX562FD-EZ073T 0B200-03070000 15.4V 57Wh 3740mAh	Electronics > Computers & Accessories > Laptop Accessories > Batteries
986	Keyboard for Samsung Tablet,Universal Slim Portable Bluetooth Keyboard for Android,Compatible with Samsung Galaxy Tab Tablets and More Bluetooth Enable Android Devices,White	Electronics > Computers & Accessories > Computer Accessories & Peripherals > Keyboards, Mice & Accessories > Keyboards
987	VILTROX DG-NEX AF Auto-Focus Macro Extension Tube for Sony NEX E-Mount Camera NEX 3/3N/5/5N/5R/A6000/A6300, Full Frame A7 A7S/A7SII A7R/A7RII A7II	Electronics > Camera & Photo > Accessories > Lens Accessories > Extension Tubes
988	Aviation Connector Power Plug, 10 Set GX12 2/3/4/5/6Pin 12mm Aviation Plug Male and Female Metal Socket Connector	Electronics > Home Audio > Home Audio Accessories > Connectors & Adapters
989	SEDNA - 3.5" SATA Trayless Hot Swap Mobile Rack for 2.5" SATA SSD / HDD	Electronics > Computers & Accessories > Computer Accessories & Peripherals > Hard Drive Accessories > Enclosures
990	Leviton 40837-BWE QuickPort Banana Jack Adapter, Gold-Plated with Black Stripe, White	Electronics > Home Audio > Home Audio Accessories > Connectors & Adapters
991	Voir Bicycle Holder Mount Stand Bracket Compatible with DJI Mavic2 Smart Controller	Electronics > Camera & Photo > Accessories > Tripod & Monopod Accessories > Camera Mounts & Clamps
992	(2) PCS Square Speaker Jack Terminal Cup Screw Speaker SUBWOOFER Box TCSB	Electronics > Home Audio > Home Audio Accessories > Connectors & Adapters
993	Telex PH-88 Single Light Headphone	Electronics > Headphones, Earbuds & Accessories > Headphones & Earbuds > Earbud Headphones
994	Kailh Box Switch Royal Switch for Cherry mx Mechanical Keyboard(10 PCS)	Electronics > Computers & Accessories > Computer Accessories & Peripherals > Keyboards, Mice & Accessories > Keyboards
995	Active Mini DisplayPort 1.2 to HDMI 2.0 Adapter – 4K 60hz HDR – 2K 144hz – 1080P 240hz – for Monitors, TVs, PCs, MacBooks, Projectors – Thunderbolt 2 Compatible	Electronics > Computers & Accessories > Computer Accessories & Peripherals > Computer Cable Adapters > DVI-HDMI Adapters
996	TiMOVO Screen Protector Compatible for All-New Kindle Paperwhite 2018, HD Clarity/Anti-Fingerprint/Anti-Scratch Tempered Glass Screen Protecto Film Fit Kindle Paperwhite 2018 Tablet - Clear	Electronics > Computers & Accessories > Tablet Accessories > Screen Protectors
997	M-Edge Platform Jacket for Sony Reader Pocket Edition (Genuine Leather--Jade Green)	Electronics > eBook Readers & Accessories > Covers
998	50pcs American Movies Avatar：The Way of Water Stickers，Cool Water Bottle Laptops Motorcycle Bicycle Skateboard Luggage Decal Graffiti Patches for Boy Girl Kid Adult (AFD)	Electronics > Computers & Accessories > Laptop Accessories > Skins & Decals > Decals
999	MightySkins Skin Compatible with Amazon Echo Dot (2nd Gen) - Sour Candy | Protective, Durable, and Unique Vinyl Decal wrap Cover | Easy to Apply, Remove, and Change Styles | Made in The USA	Electronics > Computers & Accessories > Laptop Accessories > Skins & Decals
1000	Silicone Ear Tips for AirPods Pro,Anti Slip Replacement Soft Silicone Earphone Tips for AirPods Pro(AirPods 3),2 Pairs,Large,White	Electronics > Headphones, Earbuds & Accessories > Earpads
1001	2018 HP 17 17.3in TouchScreen HD+ (1600x900) Business Laptop - 8th Gen Intel Quad-Core i5-8250U, 12GB DDR4, 1TB HDD, AMD Radeon 530, DVD, Backlit Keys, WiFi AC, RJ45, Windows 10 (Renewed)	Electronics > Computers & Accessories > Computers & Tablets > Laptops > Traditional Laptops
1002	Nikon Z50 Compact Mirrorless Digital Camera with Flip Under Selfie/Vlogger LCD, Body	Electronics > Camera & Photo > Digital Cameras > Mirrorless Cameras
1003	USB Type C Adapter[2-PACK], CableCreation USB C Male to USB 3.0 A Female Connector,Support OTG Function, Compatible with Macbook/Pro, ChromeBook Pixel, Nexus 5X/6P, Galaxy S10/S9 &More,Silver Aluminum	Electronics > Computers & Accessories > Computer Accessories & Peripherals > Computer Cable Adapters > USB-to-USB Adapters
1004	Skinit Decal Gaming Skin for PS4 Controller - Officially Licensed NHL Dallas Stars Camo Design	Computers
1005	Todiys CPU Cooling Fan for HP Envy 15-K 15T-K 17-K 17T-K Series 17-K011NR 17-K073CA 17-K081NR 17-K150NR 17-K151NR 17-K153NR 17-K170CA 17-K211DX 17-K214NR 17-K224NR 17-K234NR 17-K250CA 17-K273CA	Electronics > Computers & Accessories > Computer Components > Internal Components > Fans & Cooling > CPU Cooling Fans
1006	Samsung BN94-07278A Main Board for PN51F5300BFXZA	Electronics > Television & Video > Accessories > Television Replacement Parts
1007	Casea Packing Cute Penguin Style Silicone Case Cover Skin For Apple iPod Nano 7 7G 7TH	Electronics > Portable Audio & Video > MP3 & MP4 Player Accessories > Cases
1008	Gearonic Clear Smart Cover -Secure Lock Designed PC Back Cover Case for New iPad/iPad 2 (5020CPUIB)	Electronics > Computers & Accessories > Tablet Accessories > Bags, Cases & Sleeves > Cases
1009	MightySkins Skin Compatible with Fat Shark Dominator V3 - Star Rays | Protective, Durable, and Unique Vinyl Decal wrap Cover | Easy to Apply, Remove, and Change Styles | Made in The USA	Electronics > Computers & Accessories > Laptop Accessories > Skins & Decals
1010	2022 Updated Digital TV Antenna to 480 Miles Range	Electronics > Television & Video > Accessories > Antennas > TV Antennas
1011	24 Pieces Charger Cable Saver, Silicone Flexible Cable Wire Protector, Mouse Cable Protector, Suit for All Cellphone Data Lines (Black, Pink, Blue, Green)	Electronics > Accessories & Supplies > Cord Management > Cable Sleeves
1012	Seville Classics Airlift Elevated Premium Tempered Glass Ergonomic 21" W x 9" D Monitor Stand Riser Storage for PC, iMac Computer, Laptop, Printer, Small LED/LCD Television, Black	Electronics > Computers & Accessories > Computer Accessories & Peripherals > Monitor Accessories > Monitor Stands
1013	V7 CK0A1-4N6P Standard USB Keyboard Combo	Electronics > Computers & Accessories > Computer Accessories & Peripherals > Keyboards, Mice & Accessories > Keyboard & Mouse Combos
1014	New! Toyota Avalon, Lexus, 8 Inch Lifetime Cloth Speaker Repair Kit, CLSK-8M (Single)	Electronics > Home Audio > Home Audio Accessories > Speaker Parts & Components > Speaker Repair
1015	FILMCITY Camera Cage for Lumix GH4 / GH3 and A7 / A7r / A7s (FC-A7G34) | Cage with Top Handle and Accessories	Electronics > Camera & Photo > Accessories > Professional Video Accessories > Stabilizers
1016	DGL DGL-100-HRP Candeez Ultra Comfort Earphones	Electronics > Headphones, Earbuds & Accessories > Headphones & Earbuds > Earbud Headphones
1017	UZAHSK Multi USB Charger Cable 2Pack [4A,10ft ] 4 in 1 USB Fast Charging Cable with IP/Type C/Micro USB Ports Adapter for Phone 13/12/11/X/8/7/6/Samsung/Pixel/HTC/LG/Huawei/Sony/Tablets. (2-Grey)	Electronics > Computers & Accessories > Computer Accessories & Peripherals > Cables & Accessories > Cables & Interconnects > USB Cables
1018	Deal4GO BA39-01382A LCD Cable LVDS Video Screen Cable Replacement for Samsung Chromebook 11 XE500C13 S3 Nobel 11 LCD Cable	Electronics > Computers & Accessories > Computer Components > Laptop Replacement Parts
1019	LFOTPP Car Navigation Screen Protector for 2019 2020 2021 Hyundia Velsoter N 8-Inch, Clear Tempered Glass Infotainment Display In-Dash Center Touch Screen Protector	Electronics > GPS, Finders & Accessories > GPS System Accessories > Screen Protector Foils
1020	Spectrum Telescope (ST9312G) Solar Eclipse Filter Fits: Celestron 8” and Meade 8” Schmidt-Cassegrain; Celestron: 8” Newtonians, C8, C8+, Celestar 8, NexStar 8/8i/8SE	Electronics > Camera & Photo > Accessories > Telescope & Microscope Accessories > Telescope Accessories > Filters
1021	Gigs Over The Ear Headphones with Mic and Volume Control, Stereo Sound Lightweight Adjustable Foldable Headset for Cellphones Smartphones iPhone iPod Laptop and PC	Electronics > Headphones, Earbuds & Accessories > Headphones & Earbuds
1022	Sony KF-E50A10 Rear Projector TV Assembly with OEM Bulb and Original Housing	Electronics > Television & Video > Accessories > TV Replacement Lamps
1023	Leviton 41AW2-100 GigaMax 5E 110-Style Wiring Block, Wall Mount with Legs, Cat 5E, 100-Pair	Electronics > Home Audio > Home Audio Accessories > Distribution > Wall Plates & Connectors
1024	NICEYRIG Rosette Mount Adapter (M6 Thread Diameter 31.8mm) Applicable for DSLR Camera Cage, Handle, Wooden Handgrip, Rig	Electronics > Camera & Photo > Accessories > Professional Video Accessories > Stabilizers
1025	Sena SMH10-D-01SM Snowmobile Bluetooth Headset / Intercom with Boom and Wired Microphone (Dual)	Electronics > Car & Vehicle Electronics > Vehicle Electronics Accessories > Audio & Video Accessories > Bluetooth Headsets
1026	Stand Up Desk Store Clamp-On Adjustable Height Desk Shelf Monitor Stand (60" Wide)	Electronics > Computers & Accessories > Computer Accessories & Peripherals > Monitor Accessories > Monitor Stands
1027	HCHY Glitter Bling Series for MacBook Pro 13 inch Case 2020-2016 Release A2338 M1 A2289 A2251 A2159 A1989 A1706 A1708,Cute Glitter Sparkle Bling PU Leather Hard Shell Case.(Purple Sparkling)	Electronics > Computers & Accessories > Laptop Accessories > Bags, Cases & Sleeves > Hard Shell Cases
1028	DARKIRON V3 Pc Gaming Headset with Microphone and Volume Control for Tablet, Computer (White)	Electronics > Computers & Accessories > Computer Accessories & Peripherals > Audio & Video Accessories > Computer Headsets
1029	USB Fan Mini Personal Desk Fan, 4" (Black)	Electronics > Computers & Accessories > Computer Accessories & Peripherals > USB Gadgets > USB Fans
1030	Sony NEX-F3/B NEXF3 NEX-F3 16.1 MP Compact System Camera Body Only (Black) New in Open Box	Electronics > Camera & Photo > Digital Cameras
1031	Tab A 10.1 Case, WITCASE Ultra-Slim and Ultra-light PU Leather Folio Case Stand Cover With Smart Cover Auto Wake / Sleep Feature for Samsung Galaxy Tab A SM-T580N/T585N 10.1" 2016 Tablet (Brown)	Electronics > Computers & Accessories > Tablet Accessories > Bags, Cases & Sleeves > Cases
1032	VideoSecu Swivel Tilt TV Wall Mount for Most Emerson 19" 22" 24" 26" 28" 29" LE190EM3 LD190EM2 LE220EM3 LED24A45RQ LD260EM2 LC260EM2A LD280EM4 LE290EM4F LE290EM4 TV with Removable Mount Adaptor WS2	Electronics > Television & Video > Accessories > TV Mounts, Stands & Turntables > TV Wall & Ceiling Mounts
1033	Columbia Backcountry 10x25 Pocket Roof Prism Binocular	Electronics > Camera & Photo > Binoculars & Scopes > Binoculars
1034	VectorTech 2 Pack OEM Wired 3.5mm White Headset with Microphone, Volume Control and Call Answer End Button [EO-EG920BW] for Samsung Galaxy S6 Edge+ / S6 / S5, Note 5/4 / Edge in Bulk Packaging	Electronics > Headphones, Earbuds & Accessories > Headphones & Earbuds > Earbud Headphones
1035	Mediasonic USB 3.0 2.5" / 3.5" SATA Hard Drive Docking Station Support SATA 3 / UASP (HND1-SU3)	Electronics > Computers & Accessories > Computer Accessories & Peripherals > Hard Drive Accessories > Enclosures
1036	PWR+ 12 Ft Long 3 Prong Cable for Computer PC Monitor TV PS4 Pro - C13 to NEMA 5-15P Power Cord	Electronics > Home Audio > Home Audio Accessories > Cables > Power Cords
1037	Beats by Dr. Dre Pro High-Performance Studio Headphones (Black) Bundle with Custom Designed Zorro Sounds Instrument Cloth	Electronics > Headphones, Earbuds & Accessories > Headphones & Earbuds > Over-Ear Headphones
1038	Binsiton Sport Bands Compatible with Fitbit Versa/Fitbit Versa 2 for Men Women,Soft Silicone Strap Waterproof Replacement Wristbands for Fitbit Versa/Versa 2/Versa SE/Versa Lite Bands Smartwatch	Electronics > Wearable Technology > Arm & Wristband Accessories > Replacement Bands
1039	NewPower99 Battery Replacement Kit with Battery, Video Instructions and Tools for Magellan RoadMate 1424	Electronics > GPS, Finders & Accessories > GPS System Accessories > Batteries
1040	Lymoc Single Earbud Bluetooth Earpiece Clip-on v5.0 Wireless Headsets Stereo Handsfree for Cell Phone Noise Cancelling Earphones w/Mic for Trucker Driver Office Workout (White)	Electronics > Headphones, Earbuds & Accessories > Headphones & Earbuds > Earbud Headphones
1041	HP Nvidia Quadro Nvs 290 256MB PCIEX1 Crd	Electronics > Computers & Accessories > Computer Components > Internal Components > Graphics Cards
1042	Bowens RD-6210 Bowens S-Type Adaptor Ring (Black)	Electronics > Camera & Photo > Accessories > Flash Accessories > Adapter Rings
1043	1.25" Format 6.8mm-16mm Zoom Telescope Eyepiece	Electronics > Camera & Photo > Accessories > Telescope & Microscope Accessories > Telescope Accessories > Eyepieces
1044	Hitachi CP-X3011N 3LCD Projector Assembly with Original Bulb Inside	Electronics > Television & Video > Accessories > TV Replacement Lamps
1045	17.3”laptop Privacy Screen Protector Filter(16:9 Aspect Ratio)Measure Carefully	Electronics > Computers & Accessories > Laptop Accessories > Screen Protectors
1046	ASUS TUF Gaming Laptop, 15.6” IPS Full HD, AMD Quad-Core Ryzen 5 3550H, 16GB DDR4 Memory, 256GB SSD, Nvidia GeForce GTX 1650, RGB Backlit Keyboard, Webcam, BT, Windows 10 + CUE Accessories	Electronics > Computers & Accessories > Computers & Tablets > Laptops > Traditional Laptops
1047	2X Two-Way Radios Battery with Clip for BP-210, Icom IC-V8, IC-V82, IC-A6, IC-A24, IC-T3H, IC-A6E, IC-A24E, IC-F3GS, IC-F11, IC-F21, IC-U82, IC-F3GT, IC-F22SR, BP-210N, IC-F12, IC-F22, IC-F31GT	Electronics > Portable Audio & Video > CB & Two-Way Radios > Accessories > Batteries
1048	CACHÉ KIT788 Bundle with Car Stereo Installation Kit for Buick Enclave 2008 – 2012 in Dash Mounting Kit, Harness, Antenna Adapter for Double or Single Din Radio Receivers (4 Item)	Electronics > Car & Vehicle Electronics > Vehicle Electronics Accessories > Car Dash Mounting Kits
1049	Hilitchi 520Pcs 2.5mm Pitch 2 3 4 5 Pin Male & Female Plug Housing and Male/female Pin Header Crimp Terminals Connector Kit Perfectly Compatible with JST SM	Electronics > Home Audio > Home Audio Accessories > Connectors & Adapters
1050	120 Inch Projection Screen 16:9 HD Portable Anti-Crease Foldable Indoor Outdoor Projector Movie Screen, Free Hooks	Electronics > Television & Video > Accessories > Projector Accessories > Projection Screens
1051	Sonicwall Power Supply	Electronics > Computers & Accessories > Computer Components > Internal Components > Internal Power Supplies
1052	Dell 5050 SFF Desktop Intel i7-6700 UP to 4.00GHz 32GB DDR4 New 1TB NVMe SSD + 2TB HDD Built-in AX200 Wi-Fi 6 BT Dual Monitor Support Wireless Keyboard and Mouse Win10 Pro (Renewed)	Electronics > Computers & Accessories > Computers & Tablets > Desktops > Towers
1053	TAIFU 19V AC Adapter for NETGEAR Nighthawk X6 X8 X10 - X10 AD7200 R9000 AC5300 Tri-Band Quad-Stream Wi-Fi Router (R8500) AD2003D00 AD2003F10 Type 007LF 332-10634-01 332-10631 Power Supply(NOT for 12V)	Electronics > Power Accessories > AC Adapters
1054	Lenovo Newest IdeaCentre AIO 3 Business Desktop Computer 23.8” FHD Display AMD 4-Core Ryzen 3 4300U(Beat I5-8365U) 32GB RAM 1TB SSD 720P Webcam DVD WiFi Bluetooth Windows 10 Pro | 32GB Tela USB Card	Electronics > Computers & Accessories > Computers & Tablets > Desktops > All-in-Ones
1055	iCozzier 15-15.6 inch Thri-Sidepocket Laptop Sleeve with Handle&Shoulder Strap Electronic Organizer Briefcase for 15.6” Ultrabook/Notebook/MacBook-Grey	Electronics > Computers & Accessories > Laptop Accessories > Bags, Cases & Sleeves > Briefcases
1056	Hello Kitty Bag Protective Sleeve Case for Ipad 2 3 4 / iPad Air / iPad Air2 Google Nexus Hp Touchpad Motorola Xoom, Smasung Galaxy Tab 10.1V, and any 10.1inch or less Tablet (BLUE)	Electronics > Computers & Accessories > Tablet Accessories > Bags, Cases & Sleeves > Sleeves
1057	Kodak EasyShare MX1063 10.3MP 3X Optical/5x Digital Zoom HD Camera (Silver)	Electronics > Camera & Photo > Digital Cameras > Point & Shoot Digital Cameras
1058	Humminbird 411190-1 ICE Helix 5 Chirp GPS G2 All Season	Electronics > Car & Vehicle Electronics > Marine Electronics > Fish Finders & Depth Finders
1059	Acer Iconia Tab 10 A3-A20FHD-K8KK 10.1-Inch Full HD Tablet	Electronics > Computers & Accessories > Computers & Tablets > Tablets
1060	iCasso Compatible with MacBook Air 13 inch Case 2019 2018 Release A1932 with Touch ID Retina Display, Plastic Hard Shell Case and Keyboard Cover - Palm Leaves	Electronics > Computers & Accessories > Laptop Accessories > Bags, Cases & Sleeves > Hard Shell Cases
1061	WD Blue 2TB Mobile Hard Disk Drive - 5400 RPM SATA 6 Gb/s 128MB Cache 2.5 Inch 7mm - WD20SPZX WD Recertified (Renewed)	Electronics > Computers & Accessories > Data Storage > Internal Hard Drives
1062	ePhoto Photography Vidoe Lighting Kit ChromaKey Green Blak White 10x20 Screen Video Lighting Kit by ePhotoInc HKZ05	Electronics > Camera & Photo > Lighting & Studio > Lighting > Lighting Controls & Modifiers > Umbrellas
1063	TV Lamp BP96-01394A / BP96-01073A / BP96-00826A / BP96-01099A for AKAI PT50DL14 / SAMSUNG HLR4264WX/XAC, HLR4656W, HLR4664WX/XAC, HLR5056WX, HLR5056WX/XAA, HLR5064WX/XAC, HLR5066W, HLR5066WX/XAA, HLR5066WX/XAC, HLR5067W1X/XAA, HLR5078W, HLR5078WX/XAA	Electronics > Television & Video > Accessories > Projector Accessories > Bulbs
1064	Sony VAIO VGN-AR320E 17" Laptop (Intel Core 2 Duo 1.66 GHz T5500 Processor, 2 GB RAM, 160 GB Hard Drive, DVD RW Drive, Vista Basic)	Electronics > Computers & Accessories > Computers & Tablets > Laptops > Traditional Laptops
1065	5x Battery Pack Case Cover Shell KIT for Xbox 360 Controller White Us New	Electronics > Home Audio > Home Audio Accessories > Connectors & Adapters
1066	DSTE Replacement for 2X NP-120 Battery + DC109 Travel and Car Charger Adapter Compatible Casio Exilim EX-S200 EX-S300 EX-Z31 EX-Z680 EX-Z690 EX-ZS10 EX-ZS12 EX-ZS15 EX-ZS20 EX-ZS26 ZS30	Electronics > Camera & Photo > Accessories > Batteries & Chargers > Battery Chargers > Camera
1067	Spider Camera Holster Spider-Pro Hand Strap, Black	Electronics > Camera & Photo > Bags & Cases > Binocular, Camera & Camcorder Straps
1068	Gateway XHD3000 30" Widescreen HD LCD Monitor	Electronics > Computers & Accessories > Monitors
1069	Wristband Alarm, Alarm Wristband Outdoor Running Wrist, Personal Alarm with Flashing Light, High Decibel Wristband Alarm Outdoor for Kid Elderly Women Girl (Batteries not Included)	Electronics > Security & Surveillance > Horns & Sirens
1070	Solo New York Millennia Slim Case for iPad Air (PRO256-4BB24)	Electronics > Computers & Accessories > Tablet Accessories > Bags, Cases & Sleeves > Cases
1071	DETUOSI Slim Case Compatible with Lenovo Smart Tab M10 10.1" 2018 (Model: TB-X605F),【NOT Fit for Tab M10 2019 (TB-X505F)/ M10 FHD Plus 10.3 2020 (TB-X606F)】, Leather Tri-Fold Stand Cover, Deepblue	Electronics > Computers & Accessories > Tablet Accessories > Bags, Cases & Sleeves > Cases
1072	PHILIPS Momentum 326M6FJSB 32” Class IPS LED Monitor, Free Sync, 2560x1440, 5ms, Xbox Ready, VGA, DP, (2) HDMI	Electronics > Computers & Accessories > Monitors
1073	Gigabyte AORUS GeForce RTX 2080 Xtreme WATERFORCE WB 8G Graphics Card, Pre-Installed Waterblock, 8GB 256-Bit GDDR6, GV-N2080AORUSX WB-8GC Video Card	Electronics > Computers & Accessories > Computer Components > Internal Components > Graphics Cards
1074	Gioteck XC-M Micro USB to HDMI Cable (Android) - Not Machine Specific	Electronics > Television & Video > Accessories > Cables > HDMI Cables
1075	UpBright 5V AC/DC Adapter for Leader Impression i10a-LE i10aLE 110A-LE 8 G 9.7 Inch 8GB i7 i10a-LE i7A i10A GS30 9.7" Android Tablet PC DC5V 2500mA 5VDC 2.5A 5.0V Power Supply Cord Battery Charger	Electronics > Computers & Accessories > Tablet Accessories > Chargers & Adapters
1076	7 inch TFT LCD Digital Car Rear View Monitor with Waterproof Car Rear View Camera Combo	Electronics > Car & Vehicle Electronics > Car Electronics > Car Safety & Security > Vehicle Backup Cameras
1077	AC Adapter Works with Merit Fitness 725E 715E Elliptical Trainer Exercise Power Supply	Electronics > Power Accessories > AC Adapters
1078	Lorex 4K Indoor/Outdoor Ultra HD Motion Detected Wired Security Surveillance Add-On Bullet Camera - with IR Night Vision and Long Range	Electronics > Camera & Photo > Video Surveillance > Surveillance Cameras > Bullet Cameras
1079	Vktech Photography Mini Portable Tripod Desk for Camera Camcorder DSLR New	Electronics > Camera & Photo > Tripods & Monopods > Complete Tripods
1080	Replacement for Toshiba Remote 32LF221U19 43LF421U19 43LF621U19 49LF421U19 50LF621U19 55LF621U19 TF-50A810U19, Feature with Learning Function to Control Device All in One (No Voice Control)	Electronics > Television & Video > Accessories > Remote Controls
1081	4D Magic - 135 Plus - Stereo Camera	Electronics > Camera & Photo > Film Photography > Film Cameras > SLR Cameras
1082	Replaced Remote Control Compatible for Samsung LNT2332HX/XAA BP59-00125A LN32R81BD LN32S81BX/STR HLS5087WXXAA HLT5076SX/XAA Plasma LCD LED HDTV TV	Electronics > Television & Video > Accessories > Remote Controls
1083	CAMVATE HD Rod Clamp Lock HDMI Protector for Sony A6500 Camera - 1426	Electronics > Television & Video > Accessories > Cables
1084	Gary Fong New Cloud Collapsible Lightsphere Flash Diffuser for The Nikon SB-300, SB-400, SB-600, SB-700, SB-800, SB-900, SB-910 Speedlites	Electronics > Camera & Photo > Accessories > Flash Accessories > Diffusers
1085	Cowboystudio Dedicated Lens Hood for Canon EF 50mm f/1.8 II Lens, Similar to Canon ES-62	Electronics > Camera & Photo > Accessories > Lens Accessories > Lens Hoods
1086	Wangdd22 MAX7219 Dot Matrix Module For Arduino Microcontroller 4 In 1 Display with 5pin Line	Electronics > Computers & Accessories
1087	iPad Mini 4 Case, Style4U Slim Fit Dual Layer Hybrid Armor Protective Case Cover for Apple iPad Mini 4 with 1 Stylus [Green]	Electronics > Computers & Accessories > Tablet Accessories
1088	VisionTek VTK9250128P Xtasy 9250 128MB Ddr Pci	Electronics > Computers & Accessories > Computer Components > Internal Components > Graphics Cards
1089	Sony PEGA-UC500 USB Cradle for CLIE PEG-S Series	Electronics > Computers & Accessories > Computer Accessories & Peripherals > Cables & Accessories > Cables & Interconnects > USB Cables
1090	Shiyi Cute Ice Cream Style Cable Protector Cable Bites Protectors Silicone USB Cable Protectors for USB Charging Earphone Case Cover, 1 PC Random Color	Electronics > Computers & Accessories > Computer Accessories & Peripherals > Cables & Accessories > Cables & Interconnects > USB Cables
1091	TREE.NB PA5212U-1BRS PABAS283 Battery for A40 A50 C40 C50 Z50	Electronics > Computers & Accessories > Laptop Accessories > Batteries
1092	152Pcs Mixed Anime Stickers,Popular Stickers for Laptop, Cute Anime Stickers,Waterproof Stickers for Water Bottle,Phone,Skateboard,Teen Sticker Vinyl Durable Decal	Electronics > Computers & Accessories > Laptop Accessories > Skins & Decals > Decals
1093	Archos 7 160 GB Internet Tablet	Electronics > Computers & Accessories > Computers & Tablets > Tablets
1094	USB C to HDMI VGA Audio Adapter,avedio links USB 3.1 Type C To 1080P VGA 4K HDMI Digital AV Adapter Video Converter Compatible With Macbook Pro 2017,Google Chromebook Pixel,DELL,LG HDTV Samsung S8/S8+	Electronics > Computers & Accessories > Computer Accessories & Peripherals > Computer Cable Adapters > USB-to-VGA Adapters
1095	Alpine Electronics BBX-F1200 4 Channel Amplifier	Electronics > Car & Vehicle Electronics > Car Electronics > Car Audio > Amplifiers > Multichannel Amplifiers
1096	FriendlyARM NanoPi M4B 2GB DDR3 Rockchip RK3399 SoC 2.4G & 5G Dual-Band WiFi,Support Android and Ubuntu, AI and deep Learning	Electronics > Computers & Accessories > Computer Components > Single Board Computers
1097	C-130 airborne drop Laptop Skin	Electronics > Computers & Accessories > Laptop Accessories > Skins & Decals
1098	Dotop New Camera Super Clamp Tripod for Holding LCD Monitor DSLR Camera DV	Electronics > Camera & Photo > Accessories > Tripod & Monopod Accessories > Camera Mounts & Clamps
1099	Gitzo GT1541 Series 1 4-Section Mountaineer Carbon Fiber Tripod, Maximum Height 52.76", Supports 17.64 lbs.	Electronics > Camera & Photo > Tripods & Monopods > Complete Tripods
1100	Manfrotto 3007KIT Table Top Tripod Kit with Table Tripod, Ball Head, Extension, and Bag	Electronics > Camera & Photo > Tripods & Monopods > Complete Tripods
1101	abcGOODefg 3' 2-Wire Coil Earbud Audio & Mic for Kenwood TK-280 TK-380 TK-480 TK-5210 TK-5310 TK-54000	Electronics > Portable Audio & Video > CB & Two-Way Radios
1102	Noarks-GeBox(TM) 360 Degree Rotating Stand Lovely Sleeping Owl Painting Leather Case for Apple iPad 2 iPad 3 and New iPad 4 (Cute Sleeping Owls)	Electronics > Computers & Accessories > Tablet Accessories
1103	Bluetooth Headphones Wireless Earbuds Noise Cancelling with 4 Built-in Microphones Bass for Music and Clear Calls Watarproof IPX5 Earphones	Electronics > Headphones, Earbuds & Accessories > Headphones & Earbuds > Earbud Headphones
1104	Zalman Fatal1ty FS-C77 CPU Cooler with Red LEDs (Socket 478, 775, 754, 939, 940)	Electronics > Computers & Accessories > Computer Components > Internal Components > CPU Processors
1105	Genuine Victor 7010 Black and Red Ribbons for Aurora, Canon, Casio, Innovera, Sharp, TI and Victor calculators. Includes Bonus AdvantageOP Custom Metal Retractable Pen - Bundle of 3	All Electronics
1106	TOLUOHU Case for AirPod 2nd/1st, Air Pods 1/2 Cover for Girls Kids, Candy Kids +Boba Tea Cute Fashion Cartoon Fun Food Design, Funny Protective Shockproof Keychain for AirPods 2&1 Cases 2 Packs	Electronics > Headphones, Earbuds & Accessories > Cases
1107	Olort 6.6 Ft Micro-USB Charger for Samsung Galaxy Tab A 10.1"(2016) SM-T580, Tab A 8.0 SM-T350, 387, 290; Tab A 9.7" 7.0"; Tab S2, S, Tab E, 3, 4 SM-T810/560/377/530 Tablet Charger Adapter	Electronics > Computers & Accessories > Tablet Accessories > Chargers & Adapters
1108	Theater Solutions TS50C in Ceiling Speakers Surround Sound Home Theater 5 Speaker Set	Electronics > Home Audio > Speakers > Ceiling & In-Wall Speakers
1109	Aula Befire Illuminated Keyboard USB 3-Colors LED Backlit Light Up Multi-Media Games Gaming Keyboard	Computers
1110	SallyBest® 7'' TFT Color LCD Screen 2 Video Input Car Rear View Headrest Monitor for Car Rearview Cameras, Car DVD, Serveillance Camera, STB, Satellite Receiver and Other Video Equipment	Electronics > Car & Vehicle Electronics > Car Electronics > Car Video > Headrest Video
1111	**Bulk of 5** Fotodiox Universal 1/4"-20 Cold Shoe Accessory Mount - Flash Bracket Replacement Cold Shoe	Electronics > Camera & Photo > Accessories > Tripod & Monopod Accessories
1112	2 Pack - PANSAT 4X1 DiSEqC 2.0 FTA Switch with Weather Cover	Electronics > Computers & Accessories > Networking Products > Switches
1113	Lomography Diana F+ Medium Format Camera with Flash	Electronics > Camera & Photo > Film Photography > Film Cameras > Medium & Large-Format Cameras
1114	Orion 6mm Explorer II 1.25" Eyepiece	Electronics > Camera & Photo > Binoculars & Scopes > Telescopes
1115	Hummingbird Networks Brand Compatible/Replacement for Dell 407-BBOU SFP+ 10GbE SR Multimode Fiber	Electronics > Computers & Accessories > Networking Products > Network Transceivers
1116	CSE® New Laptop Battery for HP 4710s 4510s 4515s 4510 4710 Series HP Probook 4510s 4710s Series - 12 Months Warranty [Li-ion 6-Cell 5200mAh/56WH]	Electronics > Computers & Accessories > Laptop Accessories > Batteries
1117	BIOSTAR V6802XA52 GeForce 6800XT 512MB 256-bit GDDR2 AGP 4X/8X Video Card DVI/VGA/S-Video	Electronics > Computers & Accessories > Computer Components > Internal Components > Graphics Cards
1118	Vello FlexFrame Softbox for Portable Flash (8 x 12)	Electronics > Camera & Photo > Accessories > Flash Accessories > Diffusers
1119	Rivo 4 Port SATA III PCIe 3.0 X1 Controller Card, PCI Express to SATA 3.0 6G, Marvell 88SE9215, Black	Computers
1120	ANTOP Dual-Omni-Directional Outdoor HDTV Antenna Exclusive Smartpass Amplifier &4G LTE Filter,Enhanced VHF/UHF Reception,27ft	Electronics > Computers & Accessories > Laptop Accessories > Bags, Cases & Sleeves > Messenger & Shoulder Bags
1121	Tokina FiRIN 20mm f/2 FE MF Lens for Sony E	Electronics > Camera & Photo > Lenses > Camera Lenses > SLR Camera Lenses
1122	Pioneer DMH-C5500NEX 8" Amazon Alexa When Paired with Pioneer Vozsis App, Android Auto, Apple CarPlay, Bluetooth, HD Radio - Modular Solutions Digital Media Receiver	Electronics > Car & Vehicle Electronics > Car Electronics > Car Audio > Car Stereo Receivers
1123	Audio-Technica ATH-AP2000TI Closed-Back Headphones, Black	Electronics > Headphones, Earbuds & Accessories > Headphones & Earbuds > Over-Ear Headphones
1124	SmartDisk USB SmartMedia Flash Reader	Electronics > Computers & Accessories > Computer Accessories & Peripherals > Memory Card Accessories > Memory Card Readers
1125	Utilitech 2.0-Sone 70-CFM White Bathroom Fan ENERGY STAR	All Electronics
1126	Nannday Solar Panel, High Efficiency 20W New Flexible Polycrystalline Solar Panel Charger Outdoor Waterproof for Car Laptops	All Electronics
1127	Cute Sloth Vinyl Decal Sticker from Blue Cannon Trading Company. Perfect for VSCO Girls, Water Bottles, laptops, notebooks, etc.	Electronics > Computers & Accessories > Laptop Accessories > Skins & Decals
1128	JBL Venue Series Stage 6-Inch 3-Way Speaker (Discontinued by Manufacturer)	Electronics > Home Audio > Speakers > Floorstanding Speakers
1129	TDK Media 61611 8.5GB DVD+R Double Layer 8X Spindle, 50 Pack	Electronics > Computers & Accessories > Computer Accessories & Peripherals > Blank Media > DVD+R
1130	FreeTalk EveryMan Wireless Headset and Microphone for Skype Calls (5195)	Electronics > Computers & Accessories > Computer Accessories & Peripherals > Audio & Video Accessories > Computer Headsets
1131	Vantec 2.5" SATA SSD to USB 3.1 Gen 2 Type C Enclosure with Type C to C Cable (NST-204C3-SV), Pocket Size, Silver	Electronics > Computers & Accessories > Computer Accessories & Peripherals > Hard Drive Accessories > Enclosures
1132	Oregon Scientific DS6688-R 3MP ThinCam Digital Camera (Red)	Electronics > Camera & Photo > Digital Cameras > Point & Shoot Digital Cameras
1133	Samsung 128GB EVO Plus UHS-i Class 10 Micro SDXC Card with Adapter up to 80MB/s (MB-MC128D)	Electronics > Computers & Accessories > Computer Accessories & Peripherals > Memory Cards > Micro SD Cards
1134	New NS-RC03A-13 Remote Control for Insignia LCD TV NS-24E340A13 NS-46L240A13 NS-55L260A13	Electronics > Television & Video > Accessories > Remote Controls
1135	Four Halcyon 1700 mAH Lithium Ion Replacement Battery and Charger Kit for Canon Rebel T5i Digital SLR Camera and Canon LP-E8	Electronics > Camera & Photo > Accessories > Digital Camera Accessories > Accessory Kits
1136	1080P HD Home Security IP Wifi Dome Camera, Compatible with Alexa, PTZ Surveillance System with Motion Tracker, Night Vision, Encrypted Cloud Service, Historical Video Playback with YI IoT APP	Electronics > Camera & Photo > Video Surveillance > Surveillance Cameras > Dome Cameras
1137	New LCD Screen Protector for Apple iPod Nano 4th Generation	Electronics > Portable Audio & Video > MP3 & MP4 Player Accessories > Screen Protectors
1138	Black/Red Neoprene Anti-Slip Camera Neck Shoulder Strap for Canon, Fujifilm, Nikon, Olympus, Panasonic, Pentax, Samsung, Sony + JB Microfiber Lens Cleaning Cloth	Electronics > Camera & Photo > Accessories > Accessory Bundles
1139	Replacement Remote for DENON RC-1219 AVR-X4400H RC-1211 AVR-X4300H Standard v1	Electronics > Television & Video > Accessories > Remote Controls
1140	HK-Part Fan Replacement for Dell Inspiron G3 G3-3579 3779 G5 5587 CPU + Gpu Cooling Fan DP/N 0TJHF2 0GWMFV	Electronics > Computers & Accessories > Computer Components > Internal Components > Fans & Cooling > CPU Cooling Fans
1141	Eagle Tech ET-CS2LSU2-BK 2.5-Inch SATA to USB Portable HDD Enclosure w/Built-in USB Cable (Leather Edition)	Electronics > Computers & Accessories > Computer Accessories & Peripherals > Hard Drive Accessories > Enclosures
1142	SPECTRONIQ 5.1CH 300WATT HOME THEATER SYSTEM	Electronics > Television & Video > Home Theater Systems
1143	Bose SoundDock Series II Digital Music System (Red)	Electronics > Portable Audio & Video > Portable Speakers & Docks > Audio Docks
1144	Monoprice 6 Outlet Power - 6 Feet - Yellow | Box, 540 Joules Metal with Cord	Electronics > Accessories & Supplies > Power Strips & Surge Protectors > Power Strips
1145	Sabio External Storage Enclosure DM1U	Electronics > Computers & Accessories > Computer Accessories & Peripherals > Hard Drive Accessories > Enclosures
1146	Leviton AEC65 Architectural Edition Powered by JBL 6.5-Inch In-Ceiling Speaker, White	Electronics > Home Audio > Speakers > Ceiling & In-Wall Speakers
1147	22 inch Beauty Dish Soft Light Metal Reflector in Bright White Color with 30 deg Metal Honeycomb Grid for BOWENS Gemini Esprit Flash + 3 Deflectors (White, Gold and Silver) + 3 Diffuser Socks. Complete Package.	Electronics > Camera & Photo > Lighting & Studio > Lighting > Lighting Controls & Modifiers > Reflectors
1148	Samsung Galaxy A6 Plus Sm-A605GN Dual Sim 32 GB 4 GB RAM - Black	Electronics > samsung_tradein
1149	TiMOVO Case Compatible with iPad Pro 11" 2018 with Pencil Holder [Support Apple Pencil Charging], Trifold Stand Soft TPU Back Protective Cover with Auto Wake/Sleep for iPad Pro 11 Inch 2018, Black	Electronics > Computers & Accessories > Tablet Accessories > Bags, Cases & Sleeves > Cases
1150	Zeikos ZE-CA68B Large Camera Case For Canon EOS Rebel SL1, T1i, T2i, T3, T3i, T4i, T5, T5i, T6i, T6s, EOS 60D, EOS 5Ds, EOS 5D Mark III, EOS 6D, EOS 7D, EOS 7D Mark II & Nikon D3000 D3100 D3200	Electronics > Camera & Photo > Bags & Cases > Camera Cases
1151	ARCTIC MX-4 - Thermal Compound Paste for Coolers | Heat Sink Paste | Composed of Carbon Micro-Particles | Easy to Apply | High Durability - 4 Grams	Electronics > Computers & Accessories > Computer Components > Internal Components > Fans & Cooling > Thermal Paste & Pads
1152	Acase(TM Slim Capacitive Stylus for Apple iPad 16GB, 32GB, 64GB WiFi + 3G, iPad 2, iPhone, iPod, Motorola Xoom, Samsung Galaxy, BlackBerry Playbook (Silver)	Electronics > Computers & Accessories > Tablet Accessories
1153	Intel NUC NUC7i5BNK Mini PC/HTPC, Intel Dual-Core i5-7260U Upto 3.4GHz, 8GB DDR4, 256GB SSD, WiFi, Bluetooth, Thunderbolt 3, 4k Support, Dual Monitor Capable, Windows 10 Pro (8 Ram + 256GB SSD)	Electronics > Computers & Accessories > Computers & Tablets > Desktops > Minis
1154	AD Tech - Google Nexus 7 Tablet Keyboard Case with Mirco-USB connector(Not Compatible With Coby Kyros, Kindle Fire & Blackberry PlayBook) (Black)	Electronics > Computers & Accessories > Tablet Accessories > Bags, Cases & Sleeves > Cases
1155	Lsgoodcare Silicone Replacement Earplug Earmold Earbuds (Left and Right) for Two-Way Radio Air Acoustic Coil Tube Audio Kit Walkie Talkie Earpiece Headset	Electronics > Portable Audio & Video > CB & Two-Way Radios > Accessories > Headsets & Microphones
1156	Samsung Galaxy Watch 5 (40mm, WiFi + 4G LTE) 1.2" Super AMOLED Smartwatch GPS Bluetooth w/ Advanced Sleep Coaching, Bioactive Sensor, Water Resistant R905U (Generic Charger, Pink Gold) (Renewed)	Electronics > Wearable Technology > Smartwatches
1157	Puruichen 15 Inch Portable Monitor 1920x1080 Screen with HDMI/DC/USBC(Power) Interafce,60hz Refrash Rate,External Monitor for Laptop PC Phone Mac Xbox PS5/PS4 Switch	Electronics > Computers & Accessories > Monitors
1158	Acer Aspire V 13 V3-371-57JZ 13.3-Inch Laptop (Platinum White)	Electronics > Computers & Accessories > Computers & Tablets > Laptops > Traditional Laptops
1159	ION Block Rocker Max Bluetooth Speaker, Black (Renewed)	Electronics > Portable Audio & Video > Portable Speakers & Docks > Portable Bluetooth Speakers
1160	Vivitar ViviCam X327 - Digital camera - compact - 10.1 Mpix - optical zoom: 3 x - supported memory: MMC, SD, SDHC	Electronics > Camera & Photo > Digital Cameras > Point & Shoot Digital Cameras
1161	URBAN DEZIRE 17 Inch Genuine Leather Briefcase Satchel Shoulder Messenger Rugged Vintage Laptop Bag	Electronics > Computers & Accessories > Laptop Accessories > Bags, Cases & Sleeves > Messenger & Shoulder Bags
1162	Ramtech Adjustable Bike GPS Handlebar Cart Mount for Bicycle, Compatible with Garmin Oregon 200 300 400t 400i 400c 450 450t 550 550t 600 600t 650 650t 700 750 750t Handheld GPS, BHMS	Electronics > GPS, Finders & Accessories > GPS System Accessories > Vehicle Mounts
1163	Samsung NX Mini 20.5MP CMOS Smart WiFi & NFC Mirrorless Digital Camera with 9mm Lens and 3" Flip Up LCD Touch Screen (White)	Electronics > Camera & Photo > Lenses > Camera Lenses > Mirrorless Camera Lenses
1164	Yasoca HD reversing Camera Rear View License Plate reversing Camera Universal Pickup SUV 170 ° Perfect Angle Night Vision ip86 Waterproof 1080HD Car Backup Camera	Electronics > Car & Vehicle Electronics > Car Electronics > Car Safety & Security > Vehicle Backup Cameras
1165	SANUS in-Wall TV Power and Cable Management Kit	Electronics > Home Audio > Home Audio Accessories > Cables > Power Cords
1166	New Replace Remote Control fit for Vizio Sound Bar 1023-0000148 XRS321-C SB2821-D6 SB2920-C6 SB3820-C6 SB3820X-C6 SB3821-C6 SB3821-D6 SB3830-C6M SS2520-C6 SS2521-C6 SB2821D6 SB2920C6 SB3820C6	Electronics > Television & Video > Accessories > Remote Controls
1167	AMP 64GB SaberTooth-Z 40-pin Mini 1.8-inch IDE PATA ZIF SSD Upgrade	Electronics > Computers & Accessories > Computer Components > Internal Components
1168	New RC-RCA1 Replace Remote Control Compatible for RCA LCD LED TV 26LA30RQD WD11452 46LB45RQ	Electronics > Television & Video > Accessories > Remote Controls
1169	Xantrex PROWATT 3000 INVERTER (14773)	Electronics > Car & Vehicle Electronics > Vehicle Electronics Accessories > Audio & Video Accessories
1170	Tripp Lite Single-Gang 2-Port Universal Keystone Wall Plate, Cat5/6/6a, USB, HDMI, DisplayPort, RCA, White (N080-102)	Electronics > Home Audio > Home Audio Accessories > Distribution > Wall Plates & Connectors
1171	Acer Chromebook 315 15.6" Laptop, Intel Celeron N4000 Processor, 4GB LPDDR4 RAM, 96GB Storage (32GB eMMC + 64GB Flash Drive), 802.11AC WiFi, Bluetooth 5.0, Webcam, Type-C, Silver, Chrome OS	Electronics > Computers & Accessories > Computers & Tablets > Laptops > Traditional Laptops
1172	Seagate Exos X14 ST12000NM0008 12 TB Hard Drive - 3.5" Internal - SATA (SATA/600)	Electronics > Computers & Accessories > Data Storage > Internal Hard Drives
1173	Sensfun 8X6 FT Vinyl Carnival Masquerade Photography Backdrop Purple Green Gold Mardi Gras Mask Photo Backgrounds for Masquerade Party Studio Props	Electronics > Camera & Photo > Lighting & Studio > Photo Studio > Backgrounds
1174	Sensfun 5X7ft Retro Brown Brick Wall Wood Floor Drop Backdrop Vinyl Seamless Vintage Photography Background with Lights Studio Photo Booth Props	Electronics > Camera & Photo > Lighting & Studio > Photo Studio > Backgrounds
1175	Sport Bicycle Bike Mini Fm Tf Mp3 Player Music Speaker Aluminium Alloy Golden Model R802	Electronics > Television & Video > Accessories > Cables > Speaker
1176	AudioQuest SG100 Spades 12 pack Silver	Electronics > Home Audio > Home Audio Accessories > Connectors & Adapters
1177	Sachtler FSB 6 FT MS System Black	Electronics > Camera & Photo > Tripods & Monopods > Complete Tripods
1178	QNAP 8 Bay NAS/iSCSI IP-SAN, Intel Skylake Core i3-6100 3.7 GHz Dual core, 8GB RAM (TVS-882-i3-8G-US)	Electronics > Computers & Accessories > Data Storage > Network Attached Storage
1179	StarTech.com eSATA USB to SATA Hard Drive Docking Station w/ Hub & Card Reader	Electronics > Computers & Accessories > Computer Accessories & Peripherals > Hard Drive Accessories > Enclosures
1180	eMachine E17T4W 17-inch LCD Monitor	Electronics > Computers & Accessories > Monitors
1181	Transcend 32GB SecureDigital SDHC 300x UHS-1 Class 10 Memory Card (2-Pack)	Electronics > Computers & Accessories > Computer Accessories & Peripherals > Memory Cards > SD Cards
1182	DLP LINK 144 Hz Ultra-Clear HD 4 PACK 3D Active Rechargeable Shutter Glasses for All 3D DLP Projectors - BenQ, Optoma, Dell, Mitsubishi, Samsung, Acer, Vivitek, NEC, Sharp, ViewSonic & Endless Others!	Electronics > Television & Video > Accessories > 3D Glasses
1183	Tassia Wheeled Catalog Pilot Case Business 16" Laptop 1680D Nylon Flight Briefcase Bag	Electronics > Computers & Accessories > Laptop Accessories > Bags, Cases & Sleeves > Briefcases
1184	Neewer® Male to Male 14-inch/35.5cm PC Sync Coiled Cable Cord with Screw Lock for Nikon,Canon and Most DSLR Cameras Flash Trigger Transceiver Transmitter Strobe Light	Electronics > Camera & Photo > Accessories > Flash Accessories > Sync & PC Cords
1185	Supra 0.7 Meter USB 2.0 Cable - Type A to B	Electronics > Computers & Accessories > Computer Accessories & Peripherals > Cables & Accessories > Cables & Interconnects > USB Cables
1186	Conair SR14 Shower Radio, Orange	Electronics > Home Audio > Compact Radios & Stereos > Shower Radios
1187	OMAX 40X-2000X USB3 14MP Plan Trinocular Compound Lab Research Microscope with Super Bright LED	Electronics > Camera & Photo > Binoculars & Scopes > Microscopes > Compound Microscopes
1188	HP Envy 17t-ch000 Home & Business Laptop (Intel i7-1165G7 4-Core, 16GB RAM, 512GB PCIe SSD, Intel Iris Xe, 17.3" Touch Full HD (1920x1080), Win 11 Pro) with MS 365 Personal, Hub	Electronics > Computers & Accessories > Computers & Tablets > Laptops > Traditional Laptops
1189	Hopcd Professional Telescope for Astronomy 2MP 70X Zooming USB Digital Computerized Telescope Telescope for Windows Xp, 2000, Vista, Win7, Win8, Win10,Ideal Telescope Adults Astronomy Beginners	Electronics > Camera & Photo > Binoculars & Scopes > Telescopes > Refractors
1190	Sigma 24-70mm f/2.8 DG OS HSM Art Lens for Canon, Sandisk Ultra SDHC 32GB Memory Card, Polaroid 82mm Filter Kit, Lowepro Bag and Accessory Bundle	Electronics > Camera & Photo > Accessories > Digital Camera Accessories > Accessory Kits
1191	Fancy Buying Microsoft Surface Pro 1 Pro 2 Pro RT Power Adapter Charger for Microsoft Surface Pro 1, Pro 2, Surface RT and 10.1 Windows 8 Tablet PC 48W 12V 3.58A	Electronics > Computers & Accessories > Tablet Accessories > Chargers & Adapters
1192	E-Image by Ikan 771CT 4 Section Single Leg Carbon Fiber Tripod 75/100mm Ball	Electronics > Camera & Photo > Tripods & Monopods > Complete Tripods
1193	Manfrotto 131DD Accessory Arm for 4 Heads	Electronics > Camera & Photo > Accessories > Tripod & Monopod Accessories > Camera Mounts & Clamps
1194	HTTX USB 3.0 Adapter - Type A Female to Type B Female Connector Converter Adapter (2-Pack)	Electronics > Computers & Accessories > Computer Accessories & Peripherals > Computer Cable Adapters > USB-to-USB Adapters
1195	ASUS AMD Ryzen AM4 DDR4 HDMI DVI VGA M.2 USB 3.1 MicroATX B350 Motherboard (TUF B350M-PLUS GAMING)	Electronics > Computers & Accessories > Computer Components > Internal Components > Motherboards
1196	Pro-Grade Black Rubberized Speaker Repair Adhesive Glue (1/2 oz) - Dries Black	Electronics > Home Audio > Home Audio Accessories > Speaker Parts & Components > Speaker Repair
1197	Streetwise CLA08R Portable Car Lock Alarm with Remote	Electronics > Security & Surveillance
1198	Express Scribe Pro Transcription Software with USB Foot Pedal	Electronics > Portable Audio & Video > Digital Voice Recorders
1199	HP 2020 Premium Chromebook 11.6" HD Laptop Business & Student, Intel Celeron N3350, 4GB RAM, 32GB eMMC+64GB SD Card, HD Webcam, Bluetooth, Chrome OS, Wireless-AC,WiFi, USB-A&C, w/HubXcel Accessories	Electronics > Computers & Accessories > Computers & Tablets > Laptops > Traditional Laptops
1200	Azza Mid Tower Computer Case Spartan 102E Black/Blue	Electronics > Computers & Accessories > Computer Components > External Components > Computer Cases
1201	Parco Scientific PZF Zoom Stereo 0.7X-4.5X Trinocular Simul-Focal Microscope Head | Includes Pair of 10x Eyepieces	Electronics > Camera & Photo > Binoculars & Scopes > Microscopes > Stereo Microscopes
1202	A/B A+B Switch 1 in - 2 Out 2 Way Stereo Receiver Speaker Set Selector	Electronics > Home Audio > Home Audio Accessories > Distribution > Selector Switch Boxes
1203	3X Olympus SZ-31 MR HIS Camera Premium Clear LCD Screen Protector Cover Guard Shield Film Kits. Exact fit, no Cutting. (3 Pieces by GUARMOR)	Electronics > Camera & Photo > Accessories > Digital Camera Accessories > Screen Protector Foils
1204	Silvery Style Zorro Macsk - Touch Screen for Imac 21.5-Inch	Electronics > Computers & Accessories > Computer Accessories & Peripherals > Monitor Accessories
1205	Pro Trucker Quick Release Antenna Vise Grip Mirror Mount with SO-239 Stud for 3/8" x 24 Threaded Antennas	Electronics > Portable Audio & Video > CB & Two-Way Radios > Accessories > Antennas
1206	BNC T Adapter - T-Shaped Coax Splitter - 1 Male Port to 2 Female Ports, Coaxial Cable Extension - 10 Pack	Electronics > Home Audio > Home Audio Accessories > Connectors & Adapters
1207	3.5mm Jack to USB Charge Power Cable Cord White for Beats by Dre Studio Wireless Headphones Charging Cable for iPod Shuffle 100mm	Electronics > Computers & Accessories > Computer Accessories & Peripherals > Cables & Accessories > Cables & Interconnects > USB Cables
1208	USB Hub, 4-Port USB 3.0 Multi Hub Splitter Expansion, 1.2m Extension Cable, Ultra-Thin Portable High-Speed USB Splitter for Pc Laptops, Desktops, Laptops	Electronics > Computers & Accessories > Networking Products > Hubs
1209	CNR Outlet HDMI to Male VGA Adapter Conveter Cable 5 ft Long Durable	Electronics > Television & Video > Accessories > Cables > HDMI Cables
1210	Tera Grand Display Port to HDMI Video Adapter Converter (DP-VE724)	Electronics > Computers & Accessories > Computer Accessories & Peripherals > Computer Cable Adapters > DVI-HDMI Adapters
1211	Canton GLE Series 476 Floorstanding Speaker - White - Single	Electronics > Home Audio > Speakers > Floorstanding Speakers
1212	Canon Water-Resistant, Durable Camera Backpack/Case (EDC-1), Holds up to 1-2 DSLR or Mirrorless Camera Bodies & 2-3 Lenses with Inner Pocket for Tablet	Electronics > Camera & Photo > Bags & Cases > Camera Cases
1213	BAOFENG BL-5L 3800mAh Extended Battery Compatible with UV-5R RD-5R UV-5RTP UV-5R Plus, Original Pack, Black	Electronics > Portable Audio & Video > CB & Two-Way Radios > Accessories > Batteries
1214	Vanco 280725 HDMI 164-Foot Wall Plate Extender over 2 UTP Cables with IR Control	Electronics > Home Audio > Home Audio Accessories > Distribution > Wall Plates & Connectors
1215	Cmple 6ft IEEE-1394 Firewire iLink Digital Video Cable 6P-6P M/M - Black	Electronics > Computers & Accessories > Computer Accessories & Peripherals > Cables & Accessories > Cables & Interconnects > Firewire Cables
1216	100pcs Kawaii Frog Stickers Vinyl Waterproof Stickers for Laptop,Phone,Skateboard,Water Bottles,Notebook,Gift for Kids KTQW01 0	Electronics > Computers & Accessories > Laptop Accessories > Skins & Decals > Decals
1217	T POWER 19V Charger for Asian Devices ADP DA-60F19 DA60F equiv, POTRANS I.T.E. UP06511190 equiv Power Supply Replacements Spare Charger AC,DC Plug Cord.	Electronics > Computers & Accessories > Laptop Accessories > Chargers & Adapters
1218	KaysCase Manifold Cover Case for Samsung Galaxy Tab 2 7.0 Pad with Multiple Angle Stand (Black)	Electronics > Computers & Accessories > Tablet Accessories > Bags, Cases & Sleeves > Cases
1219	Guran Earphone Strap Magnetic Strong Cord Anti-Lost Sports String - Accessories for Airpods PRO 3 2 1 (Rose Gold)	Electronics > Headphones, Earbuds & Accessories > Cases
1220	SmallRig Camera Wooden Side Hand Grip Accessories for Sigma fp Mirrorless Digital Camera - HPS2675	Electronics > Camera & Photo > Accessories > Digital Camera Accessories > Battery Grips
1221	Leyiyi Cartoon Pirate Ship Backdrop 5x5ft Photography Background Sail Boat Octopus Seaweed Blue Sea Water Children Baby Portraits Studio Props Room Decor	Electronics > Camera & Photo > Lighting & Studio > Photo Studio > Backgrounds
1222	Geekria QuickFit Replacement Ear Pads for Razer Kraken 7.1 Chroma V2 USB Gaming Headset Headphones Earpads, Headset Ear Cushion Repair Parts (Black)	Electronics > Computers & Accessories > Computer Accessories & Peripherals > Cables & Accessories > Cables & Interconnects > USB Cables
1223	ViewSonic VG2732M-LED 27-Inch Ergonomic LED Backlit Monitor (Black)	Electronics > Computers & Accessories > Monitors
1224	Kicker Speaker Bundle - Two Pairs of Kicker 6x8 Inch KS-Series Speakers 41KSC684	Electronics > Car & Vehicle Electronics > Car Electronics > Car Audio > Speakers > Coaxial Speakers
1225	Compatible with Garmin Vivoactive 4S 40mm Band,18mm Soft Waterproof Silicone Sport Watch Band Strap for Garmin Vivoactive 4S/Garmin Vivomove 3S/Garmin Venu 2S Watch (Pink/Sunflower/Flower)	Electronics > Wearable Technology > Clips, Arm & Wristbands
1226	Keyboard Skin Compatible with Acer Aspire, FORITO Keyboard Skins for Acer Aspire E1-511 E5-511 E5-521 E5-531 E5-551 E5-721 E5-731 V3-551 V3-571 V3-572 V3-731 V3-771 V3-772 V5-561 (US Layout) (Rainbow)	Electronics > Computers & Accessories > Computer Accessories & Peripherals > Keyboards, Mice & Accessories > Keyboard & Mice Accessories > Keyboard Skins
1227	FIBARO 857934005218 Door Window Z-Wave Magnetic Opened/Closed Sensor, FGK-107, Dark Brown	Electronics > Security & Surveillance
1228	Lenovo ThinkCentre M92p Mini PC 3238F5U (Intel Core i5 i5-3470T 2.9GHz, 4GB RAM, 500GB 7200RPM HDD, Windows 7 Pro 64-bit)	Electronics > Computers & Accessories > Computers & Tablets > Desktops
1229	Kenneth Cole 556107 Reaction R-Tech Hard Case - Navy Blue	Electronics > Camera & Photo > Bags & Cases > Camera Cases
1230	Replaced Remote Control Compatible for Samsung UN85S9VF UN46F6300AF UN40F6300AF UN85S9VFXZA UN32F6300AF UN46F5500AF TV	Electronics > Television & Video > Accessories > Remote Controls
1231	Gump's grocery 150W DC-DC Boost Converter 10-32V to 12-35V 6A Step Up Power Supply Module	Electronics > Power Accessories > Power Converters
1232	CarFunMarket Upgraded Version Android Head Unit DVD Navigation system Android Auto Carplay USB Dongle Support Iphone and Android Phone	Electronics > Car & Vehicle Electronics > Car Electronics > Car Video > In-Dash DVD & Video Receivers
1233	Lynn Electronics OLG20PYEC-001 Ultra Slim 28 AWG Mini CAT6 Patch Cord, 1 ft. Yellow Optilink Reduced Diameter 28AWG Ethernet Cable with Clear Boots. Made in The USA.	Electronics > Computers & Accessories > Computer Accessories & Peripherals > Cables & Accessories > Cables & Interconnects > Ethernet Cables > Cat 6 Cables
1234	Glyph Studio RAID SR6000 6TB External Hard Drive RAID 0, 1 or JBOD (7200RPM, USB 3, FW800 or eSATA)	Electronics > Computers & Accessories > Data Storage > External Hard Drives
1235	GIGABYTE UD PRO 256GB 64 layer 3D TLC NAND Flash SATA III 2.5" Internal SSD - GP-GSTFS30256GTTD	Electronics > Computers & Accessories > Computer Components > Internal Components
1236	UCEC USB 3.1 Cable - Type C to Micro B Male - for The New Apple 12 Inch Retina MacBook, Nokia N1 Tablet - Black	Electronics > Computers & Accessories > Computer Accessories & Peripherals > Cables & Accessories > Cables & Interconnects > USB Cables
1237	Audiovox GMRS-7000CH, 7-Mile 15x38 Channel GMRS 2-Way Radio w/Wall Charger	Electronics > Portable Audio & Video > CB & Two-Way Radios
1238	Premiere Mounts Adjustable Stand for iPad/Kindle (IPM-300)	Electronics > Television & Video > Accessories > TV Mounts, Stands & Turntables > TV Wall & Ceiling Mounts
1239	Two Black Compact Heavy Duty Speaker Covers for C-Bracket Mounted Outdoor Speakers Size H 10.4" X W 6.7" X D 8.3" - fits Yamaha NS-AW150, Polk Audio Atrium 5, Herdio 5.25 & Pyle 5.25 Speakers	Electronics > Home Audio > Speakers > Outdoor Speakers
1240	Eli Martina® MacBook Air 13'' Leather Sleeve Case, Lightweight Slim Soft Colorful Belt PU Leather Sleeve Pocket Pouch Case Cover Envelope Bag for Apple MacBook Air 13-inch Laptop (Red)	Electronics > Computers & Accessories > Laptop Accessories > Bags, Cases & Sleeves > Sleeves
1241	8 Pack HDMI Angled Adapter Combo Kit, Mini Micro HDMI Male to Female, Vertical Flat 270 Degree Male to Female Converter, 90 Degree Male to Female & Female to Female Connector, 3D 4K Supported Extender	Electronics > Home Audio > Home Audio Accessories > Connectors & Adapters
1242	58mm Metal Lens Filter Adapter Ring for Canon SX70 HS, SX60 HS, SX50 HS, SX40 HS, SX30 is, SX20 is, SX10 is, SX1 is, SX540 HS, SX530 HS, SX520 HS Digital Camera Replaces Canon FA-DC67A Adapter Ring	Electronics > Camera & Photo > Accessories > Lens Accessories > Adapters & Converters
1243	OenFoto Sport Bands Compatible Fitbit Ionic, Adjustable Nylon Wristband Replacement Watch Band Strap Accessory Bracelet for Fitbit Ionic Smart Watch, Large Small	Electronics > Wearable Technology > Arm & Wristband Accessories
1244	VIZIO 65" Class 4K (2160P) Smart LED TV (M656-G4)	Electronics > Television & Video > Televisions > LED & LCD TVs
1245	2GB DDR2 PC2-5300 667MHz PC Memory Ram Module Board for Intel/AMD	Electronics > Computers & Accessories > Computer Components > Internal Components > Memory
1246	Dell High-End PowerEdge R710 Server 2x 2.93Ghz X5670 6C 144GB 6x 2TB (Renewed)	Electronics > Computers & Accessories > Servers
1247	Panasonic Pv-gs16 Mini Dv Digital Video Camcorder	Electronics > Camera & Photo > Lighting & Studio > Lighting > On-Camera Video Lights
1248	Acer Iconia A200-10g16u 10.1-Inch Screen Tablet - Titanium Gray	Electronics > Computers & Accessories > Computers & Tablets > Tablets
1249	Universal Remote Control Compatible for Samsung Blu-Ray DVD Player BD-J5700 BD-FM57C BD-F5100 BD-H5100 BD-J5100 BDJ5700/ZA BDJM57C BD-J5900 BD-HM59 BD-FM51/ZA BD-63/ZA BD-JM51 BDFM57C BD-F5700	Electronics > Television & Video > Accessories > Remote Controls
1250	Zapco ST-204D SQ 2-Channel Full-Range Amplifier	Electronics > Car & Vehicle Electronics > Car Electronics > Car Audio > Amplifiers > Multichannel Amplifiers
1251	Lens Rubber Ring for Canon EF 35mm f/1.4L USM - Camera Accessories Replacement Lens Focus Ring for Canon EF 35mm f/1.4L USM	Electronics > Camera & Photo > Accessories > Lens Accessories
1252	Monocular Telescope 80x100 High Definition Monocular Night Vision Waterproof Telescope Clear BAK4 Prism Telescopes with Smartphone Holder, Tripod for Bird Watching, Hiking, Camping, Concerts	Electronics > Camera & Photo > Binoculars & Scopes > Monoculars
1253	Dell Optiplex 7040 Small Form Factor Desktop with Intel i7, 16GB, 500GB SSD, 2 x 24in Monitors, WiFi, Windows 10 Pro (Renewed)	Electronics > Computers & Accessories > Computers & Tablets > Desktops > Towers
1254	Vizio Tablet Accessory Bundle Case Stylus Earbuds (XMT1008T2)	Electronics > Computers & Accessories > Tablet Accessories
1255	Polaroid PDC 2300Z 2.3MP Digital Camera Kit	Electronics > Camera & Photo > Digital Cameras > Point & Shoot Digital Cameras
1256	Official Samsung HS130 Universal Android 3.5mm Jack Headset Black W/Extra Ear Gel Set Volume & ON/Off Answer Button & OTG to Micro Type Adapter	Electronics > Headphones, Earbuds & Accessories > Headphones & Earbuds > Earbud Headphones
1257	XOTIC PC XPC GF65 Thin by MSI 15 Inch Gaming Notebook (Intel Core i7, 32GB RAM, 1TB NVMe SSD, GTX 1660Ti 6GB, 15.6" FHD 144Hz, Windows 10 Home) Gamer Laptop Computer	Electronics > Computers & Accessories > Computers & Tablets > Laptops > Traditional Laptops
1258	Mediabridge - Coaxial Jumper with F Type Male Connectors - 90 Degree "F" to Straight "F" - 6ft	Electronics > Television & Video > Accessories > Cables > Coaxial Cables
1259	Boogie Board Jot 4.5 LCD eWriter, Blue (JF0220001)	Electronics > Computers & Accessories > Computer Accessories & Peripherals > Input Devices > Graphics Tablets
1260	Belkin F3G006-01 Pro Series VGA Monitor Y Cable	Electronics > Computers & Accessories > Computer Accessories & Peripherals > Cables & Accessories > Cables & Interconnects
1261	Super Strong Cable Ties - Heavy Duty - Black, Self Locking Nylon Zip Ties (100, 12 inch)	Electronics > Accessories & Supplies > Cord Management > Cable Ties
1262	JBL Club 3412- 3/4" Component Tweeter	Electronics > Car & Vehicle Electronics > Car Electronics > Car Audio > Speakers > Coaxial Speakers
1263	TRIPPLITE, 10 FOOT HDMI CABLE M/M	Electronics > Television & Video > Accessories > Cables > HDMI Cables
1264	New Replacement Remote AK59-00104R For Samsung DVD Blu-Ray Player ,BD-C5500 ,BD-P1600	Electronics > Television & Video > Accessories > Remote Controls
1265	VBESTLIFE Portable Headphone Amplifier, 3.5mm Stereo Audio HiFi Earphone Amplifier Mini Headset AMP Adapter with 200mah Lithium Battery for MP3 MP4 Phones Car AUX Computers	Electronics > Headphones, Earbuds & Accessories > Amplifiers
1266	CreatePros MFi Certified Short Lightning to USB Cable Compatible with iPhone, iPad and iPod - 7.5 Inches (19 Centimeters) - Black, 3-Pack	Electronics > Computers & Accessories > Computer Accessories & Peripherals > Cables & Accessories > Cables & Interconnects > Lightning Cables
1267	Sunmns PU leather Drawstring Pouch Bag Compatible with Fujifilm Instax mini 11 9 8 90 70 26 Instant Camera, Instant Film Printer and Kids Camera, Blue	Electronics > Camera & Photo > Bags & Cases > Camera Cases
1268	OPO Opera Theater Horse Racing Glasses Binocular Telescope with Handle (White with Gold Trim) 3X25	Electronics > Camera & Photo > Binoculars & Scopes > Binoculars
1269	DEVMO LCD Display Module, 2.4" ILI9341 240X320 TFT LCD Display with Touch Panel LCD Compatible with Ar-duino UNO MEGA2560	Electronics > Computers & Accessories > Computer Accessories & Peripherals > Cables & Accessories > Cables & Interconnects > Modem Cables
1270	Tizomi Blink Outdoor Mounts with Blink Window Decals, Weatherproof Protective Covers and 360 Degree Adjustable Mounts for Blink Home Security (2 Pack)	Electronics > Security & Surveillance > Accessories > Surveillance Housing & Mounting Brackets
1271	AOICRIE 5Pcs 2S 5A Li-ion Lithium Battery 7.4v 8.4V 18650 Charger Protection Board BMS pcm for li-ion lipo Battery Cell Pack	Electronics > Household Batteries, Chargers & Accessories > Battery Chargers
1272	HP Folio 13-2000 13-Inch LED Ultrabook - Core i5 i5-2467M 4G RAM 128G SSD Windows 7 Professional	Electronics > Computers & Accessories > Computers & Tablets > Laptops > Traditional Laptops
1273	New - Remote Control AKB75595401 Fit for LG Soundbar Player	Electronics > Television & Video > Accessories > Remote Controls
1274	iPad Air 3 (3rd Gen) 2019 Case with Keyboard, Compatible with iPad Pro 10.5 inch 2017, Smart Wireless Bluetooth, 7 Color Backlit, Folio Leather Case, Rose Gold	Electronics > Computers & Accessories > Tablet Accessories > Bags, Cases & Sleeves > Keyboard Cases
1275	TenCloud 3-Pack Straps Compatible with Amazon Halo Band Replacement Adjustable Wristbands Breathable Waterproof Soft Sport Band for Halo Band	Electronics > Wearable Technology > Clips, Arm & Wristbands
1276	eSATAp / eSATA-USB External enclosure, SATA HDD SSD	Electronics > Computers & Accessories > Computer Accessories & Peripherals > Cables & Accessories > Cables & Interconnects > SATA Cables
1277	1.5" LCD 1 GB MP3/MP4 Player - White or Black	Electronics > Portable Audio & Video > MP3 & MP4 Players
1278	CACHÉ KIT804 Bundle with Car Stereo Installation Kit for GMC Sierra 2007 – 2013 in Dash Mounting Kit, Harness, Antenna Adapter for Double or Single Din Radio Receivers (4 Item)	Electronics > Car & Vehicle Electronics > Vehicle Electronics Accessories > Car Dash Mounting Kits
1279	Martin Fields Overlay Plus Screen Protector with Advanced Glass Hard Coating for FujiFilm GFX 50S - Includes Top LCD Protector	Electronics > Camera & Photo > Accessories > Digital Camera Accessories > Screen Protector Foils
1280	HONGC Cover Compatible for iMac 2021 24 inch, Monitor Dust Cover for 2021 Apple iMac 24inch, iMac 24 inch Computer Monitor Dust Covers Screen Protector (Gray)	Electronics > Computers & Accessories > Computer Accessories & Peripherals > Monitor Accessories > Covers
1281	Acer Chromebook 315, Intel Celeron N4000, 15.6" HD Display, 4GB LPDDR4, 64GB eMMC, Gigabit WiFi, Google Chrome, CB315-3H-C4QE	Electronics > Computers & Accessories > Computers & Tablets > Laptops > Traditional Laptops
1282	DSTE Replacement for LI-90B Dual LCD Battery Charger Compatible Olympus SH-50 iHS SH-60 SP-100 Tough TG-1 TG-2 TG-3 XZ-2 ihs TG-Tracker Camera as LI-92B with Type-C and Micro-USB Port	Electronics > Camera & Photo > Accessories > Batteries & Chargers > Battery Chargers > Camera
1283	CM Storm SF-19 Gaming Laptop Cooling Pad with Two 140mm Turbine Fans (SGA-4000-KKNF1)	Electronics > Computers & Accessories > Laptop Accessories > Cooling Pads & External Fans > Cooling Pads
1284	LMP-H130 Premium Compatible Projector Replacement Lamp with Housing for Sony HS50 HS51 HS60 VPL-HS50 VPL-HS51 VPL-HS60 by Watoman	Electronics > Television & Video > Accessories > Projector Accessories > Bulbs
1285	Dell E1920H 19" XGA Wide Monitor (Black)	Electronics > Computers & Accessories > Monitors
1286	OEM Replacement Remote Control for Westinghouse WS-1688 Remote Control Black Original for Smart LED LCD 4K Ultra HD TV WD24HAB101, WD24HN1108, WD19HN1108	Electronics > Television & Video > Accessories > Remote Controls
1287	Twinsun ACK-E18 DR-E18 AC Power Adapter DC Coupler Kit Replacement LP-E17 Battery for Canon EOS Rebel T6i T6s T7i T8i SL2 SL3 77D D200 D250 Kiss RP 8000D 9000D X8i X9i X10i Camera	Electronics > Camera & Photo > Accessories > Batteries & Chargers > Adapters
1288	MR300 Antenna Analyzer,Acogedor MR300 Digital Shortwave Antenna Analyzer Meter Tester 1-60M For Ham Radio for Standing Wave, Impedance, Capacitance,Antenna Graphic Analysis	Electronics > Television & Video > Accessories > Antennas > Radio Antennas
1289	Happybird nook tablet nook color case cover with skin combo-blue set2(105)	Electronics > eBook Readers & Accessories > Covers
1290	Coodio® Samsung Galaxy Note 10.1 Inch 2014 Edition 360 Rotating Stand Leather Cover Built-in Hand Grip Card Holder with Auto Wake Sleep Mode (Blue)	Electronics > Computers & Accessories > Tablet Accessories > Bags, Cases & Sleeves > Keyboard Cases
1291	Cisco-Linksys SRW208 8-port 10/100 Ethernet Switch - WebView	Electronics > Computers & Accessories > Networking Products > Switches
1292	Corsair Memory Vengeance 8GB DDR3 SDRAM Memory Module - 8 GB (2 x 4 GB) - DDR3 SDRAM - 1600 MHz DDR3-1600/PC3-12800 - 240-pin -DIMM Red CMZ8GX3M2A1600C9R	Electronics > Computers & Accessories > Computer Components > Internal Components > Memory
1293	Delkin Devices DD/NB6L Delkin Power Replacement Canon NB6L Battery	Electronics > Camera & Photo > Accessories > Batteries & Chargers > Batteries > Camera Batteries
1294	High Speed 7 Ports USB 2.0 Hub BH-18A with Switch for PC/Laptop (Black) + Worldwideing	Electronics > Computers & Accessories > Networking Products > Hubs
1295	2PCS Computer RGB Color Light Strip Chassis Light with Controller with netic Multicolor RGB Pollution Color Lamp (Small 4Pin Interface))	Electronics > Computers & Accessories > Computer Components > Internal Components > Fans & Cooling > Case Fans
1296	Portable Boombox Music System Boytone	Electronics > Portable Audio & Video > Boomboxes
1297	TRENDnet Mid-Band HPNA Coaxial Network Adapter, Data Transmission rates up to 256Mbps over Distances up to 1600M (5,200 Ft.), TPA-311 (Renewed)	Electronics > Computers & Accessories > Networking Products > Routers
1298	Swann SRNHD-815WB4-US 3MP POE 4 Pack Plain Box Add-On Bullet Camera, White	Electronics > Camera & Photo > Video Surveillance > Surveillance Cameras
1299	Farenheit TI-762B 2-DIN Multimedia Source Unit with Motorized 7-Inch LCD Touch Screen and Bluetooth v2.0	Electronics > Car & Vehicle Electronics > Car Electronics > Car Video > In-Dash DVD & Video Receivers
1300	Sierra Electric JB5411 Universal Battery Charger	Electronics > Household Batteries, Chargers & Accessories > Battery Chargers
1301	Mightyskins Skin Compatible with Samsung Chromebook 3 11.6" - Turquoise Tribal | Protective, Durable, and Unique Vinyl Decal Wrap Cover | Easy to Apply, Remove, and Change Styles | Made in The USA	Electronics > Computers & Accessories > Laptop Accessories > Skins & Decals
1302	New Replacement Battery for Dell Latitude D820 D830 D531 D531N [Li-ion 6-Cell 5200mAh Grey]	Electronics > Computers & Accessories > Laptop Accessories > Batteries
1303	iLive ITB283B Bluetooth Soundbar, 37"	Electronics > Home Audio > Speakers > Sound Bars
1304	Tectra BP-950G BP-955 Battery with USB Port for Canon BP-970 BP-970G BP-975 BP-945 BP-950 BP-955 and EOS C100 C300 C500 GL2 XF100 XF105 XF200 XF300 XH-A1S XH-G1S XL-H1A XL-H1S XL2	Electronics > Camera & Photo > Accessories > Batteries & Chargers > Batteries > Camera Batteries
1305	Monoprice Low Profile 22 lb. Capacity Speaker Wall Mount Brackets (Pair) Black	Electronics > Accessories & Supplies > Mounts > Speaker Mounts
1306	Wireless Bluetooth LED Display Electroplated Earphones,9D HiFi Stereo Sound with Mic,with Charging Case, Binaural Call,Noise Reduction Technology, IPX7 Waterproof, for Sports, for iOS Android (Black)	Electronics > Headphones, Earbuds & Accessories > Headphones & Earbuds > Earbud Headphones
1307	Kensington Technology - Security CLICKSAFE for Non-Standard Slot U675	Electronics > Computers & Accessories > Laptop Accessories > Security Locks
1308	Blank DVDs - DVD-R Falcon Smart White Inkjet Hub Printable 16x 4.7GB 100 Disc Pack	Electronics > Computers & Accessories > Computer Accessories & Peripherals > Blank Media > DVD-R
1309	Verbatim 96909 50 GB 2X Blu-ray Double-Layer Branded Recordable Disc BD-R DL,10-Disc Spindle	Electronics > Computers & Accessories > Computer Accessories & Peripherals > Blank Media > DVD+R
1310	VELOCIFIRE Wireless Vertical Ergonomic Mouse, USB 2.4G, 3 Adjustable DPI Levels 800/1200/1600 and Side Controls(Black)	Electronics > Computers & Accessories > Computer Accessories & Peripherals > Keyboards, Mice & Accessories > Mice
1311	Savage Seamless Background Paper Color Chart	Electronics > Camera & Photo > Lighting & Studio > Photo Studio
1312	Casio 12.1 MP EXILIM HIGH SPEED EX-TR35 HD Camera Pink - International Version (No Warranty)	Electronics > Camera & Photo > Digital Cameras > Point & Shoot Digital Cameras
1313	Alldaymall 2GB Metal Key Shaped USB Flash Drive, 8-Piece (adm-2g-442)	Electronics > Computers & Accessories > Data Storage > USB Flash Drives
1314	ZHIWHIS Mini Portable FM Radio, Stereo LCD Digital Display Tuning Pocket Walkmen Transistor Conference Receiver with Earphone, Small Pocket Radio Operated by AAA Batteries for Walking/Running	Electronics > Portable Audio & Video > Radios > Personal Radios
1315	Batterytec Laptop Battery for ACER Aspire One 725 756 V5-171, ACER TravelMate B113 B113M B113-M, ACER C7 C710 Chromebook, AL12X32 AL12A31 AL12B31 AL12B32.	Electronics > Computers & Accessories > Laptop Accessories > Batteries
1316	Opticron Antique Pocket Telescope 25x50 Brass and Leather	Electronics > Camera & Photo > Binoculars & Scopes > Telescopes > Refractors
1317	CMS 8GB (2X4GB) DDR2 4200 533MHZ ECC Registered DIMM Memory Ram Upgrade Compatible with Sun® Fire T1000, T2000 for Server Only - B45	Electronics > Computers & Accessories > Computer Accessories & Peripherals
1318	SP21 Aviation Connector Φ21mm Plastic Male Plug + Female Connector M21 Extension Cable Wire Outdoor Waterproof IP68 Connectors with Cap Gold Plated 9 Pin for Industrial Device Power Signal	Electronics > Home Audio > Home Audio Accessories > Connectors & Adapters
1319	67mm Black Snap-On Lens Cap for Sigma lens	Electronics > Camera & Photo > Accessories > Lens Accessories > Lens Caps
1320	Stand only Made for Amazon Halo Band , The Halo Band Changing Clip can be held up, Which can Effectively Prevent The Table top from damaging The Amazon Halo Band Due to Liquid Seepage Black	All Electronics
1321	10 Pairs 12V Male & Female 2.1 x 5.5 MM DC Power Jack Plug Adapter Connector for CCTV Camera by MILAPEAK	Electronics > Security & Surveillance > Accessories > Surveillance Camera Cables
1322	MODTEK TRICOLOR BACKLIT USB FULL SIZE COMPUTER KEYBOARD - BLUE RED PURPLE	Electronics > Computers & Accessories > Computer Accessories & Peripherals > Keyboards, Mice & Accessories > Keyboards
1323	Butyl Rubber 6.5" Speaker Surround Repair Kit - 2 Piece, 6.5 Inch	Electronics > Home Audio > Home Audio Accessories > Speaker Parts & Components > Speaker Repair
1324	VGA Male to 3 BNC Male Shielded RGB Video Cable - 6' : 45-5506 by Philmore	Electronics > Computers & Accessories > Computer Accessories & Peripherals > Computer Cable Adapters
1325	USB Computer Speaker，Portable Mini Sound bar for Windows PCs, Desktop Computer and Laptops，Plug and Play，Black	Electronics > Computers & Accessories > Computer Accessories & Peripherals > Audio & Video Accessories > Computer Speakers
1326	Magicue Stage Master Studio 15" Prompter Kit with Hard Case, Black (MAQSTUDIO15KIT)	Electronics > Camera & Photo > Bags & Cases > Camera Cases
1327	Green Extreme BG-E13 Battery Grip for Canon EOS 6D DSLR Camera	Electronics > Camera & Photo > Accessories > Digital Camera Accessories > Battery Grips
1328	Large 60cm Inflatable Giraffe Zoo Animal Blow Up Kids Toy Pool Party Decor Gift	Electronics > Car & Vehicle Electronics
1329	Legrand - Wiremold Kitchen Power Strip, Black Plugmold Power Strip, 5 Foot Under Counter Power Strip, 9 Outlet Plugmold with USB Ports, Legrand Plugmold UBS with Standard 15A, BK20GB506TRUSB	Electronics > Accessories & Supplies > Power Strips & Surge Protectors > Power Strips
1330	Replacement Remote Control for Toshiba DVR620, DVR610, DKVR20KU, 79103680, DKVR60KU	Electronics > Television & Video > Accessories > Remote Controls
1331	MIGHTY SKINS Skin for HP Chromebook x360 14"" (2020) - Solid Blush | Protective, Durable, and Unique Vinyl Decal wrap Cover | Easy to Apply, Remove, and Change Styles | Made in The USA" (HPCHX3601420-Solid Blush)	Electronics > Computers & Accessories > Laptop Accessories > Skins & Decals
1332	Washranp Audio Sound Card 2 in 1 Aluminum Alloy Plug Play Portable External 7.1 Channel Single Hole USB Sound Card with Cable Live Sound Card for Laptop Random Color.	Electronics > Computers & Accessories > Computer Components > External Components > External Sound Cards
1333	Kicker PWRA415 PowerStage Amp & Powered Sub Upgrade for 2015 Jeep Wrangler 4-Dr w/ Base Audio	Electronics > Car & Vehicle Electronics > Car Electronics > Car Audio > Subwoofers > Enclosed Subwoofer Systems
1334	Minolta MNCD38-BL MNCD38 1080p Full HD Dash Camera with 3.2-Inch LCD Screen (Blue)	Electronics > Car & Vehicle Electronics > Car Electronics > Car Video > On-Dash Cameras
1335	Sposato by Sony CWSIC100T 6.5" Home Theater In-Ceiling Speaker, Standard Series (Each, White)	Electronics > Home Audio > Speakers > Ceiling & In-Wall Speakers
1336	Case for All-New Fire HD 10 & 10 Plus Tablet case (10.1",11th Generation, 2021 Released), SDDFRHGH Slim Folio Stand Cover with Auto Wake/Sleep & Multi-Angles Viewing-The Lord Will Flight for You	Electronics > Computers & Accessories > Tablet Accessories > Bags, Cases & Sleeves > Cases
1337	M.2 NVME PS5 SSD Heatsink, Magnesium Aluminum M.2 SSD Heatsink for The PS5 Console, Thermal Pads Included	Electronics > Computers & Accessories > Computer Components > Internal Components > Fans & Cooling > Heatsinks
1338	Jamo 800W 6.5 Inch Active Subwoofer, White	Electronics > Home Audio > Speakers > Subwoofers
1339	TDK Life on Record ST100 Stereo Headphones Blue	Electronics > Headphones, Earbuds & Accessories > Headphones & Earbuds > On-Ear Headphones
1340	Axxess AX-TOYUSB (axtoyusb) for Select Toyota & Lexus OEM USB 30CM	Electronics > Car & Vehicle Electronics > Vehicle Electronics Accessories > Audio & Video Accessories > Auxiliary Input Adapters
1341	Cover-Up Sony PRS-950 Daily Edition Leather Cover Case (Book Style) - Red	Electronics > eBook Readers & Accessories > Covers
1342	E-OnSale Universal Mounts Flush Tilt Dual Hook (1.3" from wall) Flat Screen TV Wall Mount Bracket for 32-65 inch Plasma, LED, and LCD TVs Up To VESA 700x400 and 165lbs, Including 10' Braided High Speed HDMI Cable and Magnetic Bubble Level TV Mount T65	Electronics > Television & Video > Accessories > TV Mounts, Stands & Turntables > TV Wall & Ceiling Mounts
1343	Surface Go Hub, Surface Go 2 Docking Station 4-in-2 USB C 3.5mm Earphones Jack, 4K30HZ HDMI Adapter USB 3.0&USB 2.0 for Microsoft Surface Go 2 Dock Accessories	Electronics > Computers & Accessories > Computer Accessories & Peripherals > USB Hubs
1344	Amphenol CS-SASSASEXT2-000.5 Internal SAS to SAS Extender Cable, SFF-8482 Male/Female, 0.5 m, 1.6', Blue	Electronics > Computers & Accessories > Computer Accessories & Peripherals > Cables & Accessories > Cables & Interconnects > Mini-SAS Cables
1345	M1Surplus MOLLE Style Tan Color Tactical Radio Pouch + Patriot Flag Morale Patch Fits Yaesu VX-170 FT-60R FT-70DR FT250R FT270R VX110 VX120 VX127 VX7R VX8R FTA-550L FT-25R FT-65R FT2DR HT HAM Radios	Electronics > Portable Audio & Video > CB & Two-Way Radios > Accessories > Cases
1346	HP 17.3" HD+ Laptop Business Computer 2022, 11th Gen Intel 4-Core i5-1135G7 Up to 4.2 GHz, 16GB RAM, 128GB PCIe SSD + 1TB HDD, Backlit Keyboard, Webcam, Win 10, w/ 3in1 Accesorries + 2 Year Warranty	Electronics > Computers & Accessories > Computers & Tablets > Laptops > Traditional Laptops
1347	Century Accessory 360 Degree Rotating PU Leather Stand Smart Case Cover for Amazon All New Kindle Fire HD 7" 2nd Gen 2013 Model (Flower - Pink)	Electronics > Computers & Accessories > Tablet Accessories > Bags, Cases & Sleeves > Cases
1348	HP Photosmart R837 7MP Digital Camera with 3x Optical Zoom	Electronics > Camera & Photo > Digital Cameras > Point & Shoot Digital Cameras
1349	Targus USB 3.0 A to A Active Extension Cable, 3 Meters (ACC985USZ)	Electronics > Computers & Accessories > Computer Accessories & Peripherals > Cables & Accessories > Cables & Interconnects > USB Cables
1350	Reiko 35mm Headset with Mic for Phones - Retail Packaging - Black	Electronics > Headphones, Earbuds & Accessories > Headphones & Earbuds
1351	Wiwaplex Cable Organizer Storage Box Plastic Cable Cord Management Box Power Cord Organizer Case with 10Pcs Rubber Ties for Office, Home, Desk Accessories Storage Stationery Supplies	Electronics > Accessories & Supplies > Cable Organizer Bags & Cases
1352	USB Splitter Hub, USB 2.0 Hub Adapter 2 Port USB Ultra Slim Data Hub for Device Charging(Black)	Electronics > Computers & Accessories > Networking Products > Hubs
1353	AudioQuest Golden Gate RCA Male to RCA Male Cable - 16.4 ft. (5m)	Electronics > Television & Video > Accessories > Cables > RCA
1354	Alphacool 18528 tubing AlphaTube HF 13/10 (3/8" ID) - Clear 1m (3,3ft) Retailbox Water Cooling Tubing	Electronics > Computers & Accessories > Computer Components > Internal Components > Fans & Cooling > Water Cooling Systems
1355	UpBright 32V 16V AC/DC Adapter Compatible with HP Photosmart 7760 7450v 7268 7260w 7260v 9680 9670 9650 9600 5850 7760v 7760w 7755 PSC Q5534A Q5763A Q3492A Q3493A Q3500A 1300 1310 1355 Q5587B Printer	Electronics > Power Accessories > AC Adapters
1356	LimoStudio LED Photography Studio Light Octagon Softbox Video Studio Portrait Boom Stand Lighting Kit, AGG1780	Electronics > Camera & Photo > Lighting & Studio > Lighting > Booms & Stands
1357	dCables Nikon CoolPix L30 AV Cable - TV Video Cord for Nikon CoolPix L30	Electronics > Camera & Photo > Accessories > Cables & Cords
1358	TRUMiRR Band Sets for Garmin Venu 2 / Vivoactive 4 Smart Watch, 22mm Solid Stainless Steel Watchband + Mesh Strap Quick Release for Garmin Forerunner 255 Music	Electronics > Wearable Technology > Clips, Arm & Wristbands
1359	12v DC Extension Cord 33ft,5.5mm x 2.1mm Extension Cable Flat 12 Volt Power Supply Adapter for CCTV Security Camera Surveillance Indoor IP Camera Dvr Standalone LED Strip,Car,Male to Female	Electronics > Security & Surveillance > Accessories > Surveillance Camera Cables
1360	MC 5x3ft Sesame Street Brick Wall Photography Backdrops Birthday Party Decoration Photo Booth Background Baby Shower Studio Props Vinyl	Electronics > Camera & Photo > Lighting & Studio > Photo Studio > Backgrounds
1361	Boomphones QS 1.0 Quad Series Convertible Hi-fi Headset Dj Style with Integrated External Boombox (Black) Christmas Gifts(Not PHANTOMS Series)	Electronics > Headphones, Earbuds & Accessories > Headphones & Earbuds > Over-Ear Headphones
1362	dCables Olympus TG-830 iHS HDMI Cable - HD Video Cable for Olympus TG-830 iHS	Electronics > Television & Video > Accessories > Cables > HDMI Cables
1363	Highfly 16CH 1080N DVR CCTV Digital Video Recorder Hybrid 6 in 1(AHD+TVI+CVI+XVI+CVBS+IP) DVR,Support P2P Cloud Remote Access/Motion Detection Email Alert/HDMI Output(No Harddisk)	Electronics > Security & Surveillance > Surveillance Video Equipment > Surveillance Video Recorders
1364	The Decal Guru 2039-MAC-11A-BLA Retro Glasses Decal Vinyl Sticker, Black, 11" MacBook Air	Electronics > Computers & Accessories > Laptop Accessories > Skins & Decals
1365	Black Full-Motion Tilt/Swivel Wall Mount Bracket for Samsung UN22F5000AF 22" inch LED HDTV TV/Television - Articulating/Tilting/Swiveling	Electronics > Television & Video > Accessories > TV Mounts, Stands & Turntables > TV Wall & Ceiling Mounts
1366	MDR-100ABN Earpads Replacement Ear Pads Protein Leather Ear Cushion Repair Parts Compatible with Sony WH-H900N MDR-100ABN Wireless Noise Canceling Over-Ear Headphones (Dark Green)	Electronics > Headphones, Earbuds & Accessories > Earpads
1367	New AKB73735801 AKB73896401 Repace Remote Control fit for LG BLU RAY B0540N BH5140S BP330 BP330N BP530 BP540 BP550 BP550N BP735 BPM33 BPM331 BPM331N BPM53 BPM53N BPM54 BPM54N BPM55 BPM55N UBK90	Electronics > Television & Video > Accessories > Remote Controls
1368	Nautical Anchor Embossed Hard Case for Apple iPod Touch 4, 4G (4th Generation) - Includes DandyCase Keychain Screen Cleaner [Retail Packaging by DandyCase]	Electronics > Portable Audio & Video > MP3 & MP4 Player Accessories > Cases
1369	Lowrance Point-1 GPS Antenna 000-11047-001	Electronics > GPS, Finders & Accessories > GPS System Accessories > Antennas
1370	VideoSecu 700TVL Built-in Effio CCD Infrared Outdoor Dome Security Camera Vandal Armor Day Night Vision Camera with Power Supply, and Power Cable A77	Electronics > Camera & Photo > Video Surveillance > Surveillance Cameras > Dome Cameras
1371	Clarity 52702.000 Expandable Handset For D702, D712 & D722 Amplified Cordless Phones	Electronics > Accessories & Supplies > Telephone Accessories
1372	Anker Lightning to 3.5mm Headphone Jack Adapter, [MFi Certified] 2-in-1 Audio & Lightning Charging Adapter for iPhone 12/12 Mini/12 Pro/12 Pro Max/11/XR/XS/X/8	Electronics > Headphones, Earbuds & Accessories > Adapters
1373	Pixel Timer Remote Control Shutter for Panasonic and Leica Cameras Compatible with Panasonic DMW-RS1	Electronics > Camera & Photo > Accessories > Telescope & Microscope Accessories > Telescope Accessories > Remote Controls
1374	LEDO CASE Premium Genuine Leather Sleeve Banyan for The iPad Mini/iPad Mini with Retina Display - Snug Fit - Travel Case - Burgundy	Computers
1375	SmallHD 701 Lite 7 HDMI On-Camera Monitor	Electronics > Camera & Photo > Lighting & Studio > Video Studio > Video Monitors
1376	Western Digital 5400RPM Ultra ATA/66 30.7GB Hard Drive	Electronics > Computers & Accessories > Computer Components > Internal Components
1377	VIZIO VMT40-55M Universal Motorized Tilt Wallmount (Discontinued by Manufacturer)	Electronics > Television & Video > Accessories > TV Mounts, Stands & Turntables > TV Wall & Ceiling Mounts
1378	RoverOne CCD Car Rear Viewing Backup Camera with Waterproof Night Vision High Definition 170°Viewing Angle for Honda Accord Civic Pilot Odyssey Acura TSX	Electronics > Car & Vehicle Electronics > Car Electronics > Car Safety & Security > Vehicle Backup Cameras
1379	Supersonic Phonetab Sv-85bl 4 Gb Tablet - 7 - Wireless Lan - 3g - 1.20 Ghz -	Computers
1380	Andget USB External DVD Combo CD-RW Burner Drive Red	Electronics > Computers & Accessories > Computer Components > External Components > Optical Drives > CD & DVD Drives
1381	Kensington Pro Fit USB Wired Mid-Size Mouse, Gray	Electronics > Computers & Accessories > Computer Accessories & Peripherals > Keyboards, Mice & Accessories > Mice
1382	XRT122 Replace Remote Control Compatible with VIZIO TV D24h-E1 D32f-E1 D39f-E1 D40f-E1 D43f-E1 D48f-E0 D50f-E1 D55f-E2 D55f-E0 D43f-E2 D39h-D0D50u-D1D55u-D1D58u-D3D65u-D2 E32-C1 E40-C2E40x-C2 E43-C2	Electronics > Television & Video > Accessories > Remote Controls
1383	Micro USB Battery Charger for JVC GR-D70U, GR-D72U, GR-D90U, GR-D93U MiniDV Camcorder	Electronics > Camera & Photo > Accessories > Batteries & Chargers > Battery Chargers > Camcorder
1384	Sunpak Travil Lite Digital Tripod	Electronics > Camera & Photo > Tripods & Monopods > Complete Tripods
1385	VESA Mount Adapter Bracket for HP Pavilion 25xi, 25bw, 25vx, 27xi, 27bw, 27vx - by HumanCentric	Electronics > Computers & Accessories > Computer Accessories & Peripherals > Monitor Accessories > Monitor Stands
1386	Dorman 592-252 Rear Park Assist Camera Compatible with Select Ford Models	Electronics > Car & Vehicle Electronics > Car Electronics > Car Safety & Security > Vehicle Backup Cameras
1387	UrbanX R2 Wired in-Ear Headphones with Mic for Allview P8 Energy Mini with Tangle-Free Cord, Noise Isolating Earphones, Deep Bass, in-Ear Bud Silicone Tips	Electronics > Headphones, Earbuds & Accessories > Headphones & Earbuds > Earbud Headphones
1388	iPhone Telephoto Lens	Electronics > Camera & Photo > Lenses > Camera & Camcorder Lens Bundles
1389	JA Audio 2" Diamond Cube Speakers - White (Pair)	Electronics > Home Audio > Speakers > Satellite Speakers
1390	Kensington ClickSafe Combination Portable Cable Lock for Laptops and Other Devices (K64698US)	Electronics > Computers & Accessories > Computer Accessories & Peripherals > Cable Security Devices
1391	Optimal Shop PCI Express 16x to 1x Powered Riser Adapter Card w/60cm USB 3.0 Extension Cable and 4-Pin MOLEX to SATA Power Cable-GPU Riser Extender Cable-Ethereum Mining ETH (6 Pack)	Electronics > Computers & Accessories > Computer Accessories & Peripherals > Computer Cable Adapters > USB-to-VGA Adapters
1392	Dachee New Bohemian Laptop Briefcase 11inch /12inch/ 13 Inch Laptop Case for Macbook Air 11 / Macbook Air 13/macbook Pro 13/ 13.3 Inch/11.6 Inch/ 12.5 Inch Laptop Bag/laptop Sleeve (11.6-13.3 Inches, Retro)	Electronics > Computers & Accessories > Laptop Accessories > Bags, Cases & Sleeves > Messenger & Shoulder Bags
1393	Mac Laptop Screwdriver Set kit with Pentalobe 5 Pentalobe 6 Tri Wing Phillips Head and Helper Stick for MacBook Pro/Air (All Version)	Electronics > Computers & Accessories > Computer Accessories & Peripherals > Cleaning & Repair
1394	Infiland iPad Mini 4 Case - Ultra Slim Shell Stand Smart Case Cover with Translucent Frosted Back Protector (with Auto Wake / Sleep) for iPad Mini 4 (2015 Release) 7.9 inch iOS Tablet, Rose Gold	Electronics > Computers & Accessories > Tablet Accessories > Bags, Cases & Sleeves > Cases
1395	Aurum Cables 3.5mm Male to 3.5mm Female Stereo Audio Extension Cable - for iPhone, iPad or Smartphones - 10 Feet	Electronics > Home Audio > Home Audio Accessories > Cables > Stereo Jack Cables
1396	2600mAh Li-ion Battery Replacement for Bose V35 525II 520II 535II T20 535 626161-0010 064454	Electronics > Camera & Photo > Accessories > Batteries & Chargers > Batteries > Camera Batteries
1397	Moshi USB-C to USB 3.1 Adapter, Data Transfer Speed of Up to 5Gbps, Anodized Aluminum Casing, Compatible with MacBook & Other Devices Support USB-C Port	Electronics > Computers & Accessories > Computer Accessories & Peripherals > Computer Cable Adapters > USB-to-USB Adapters
1398	Laptop Cooling Pad,Portable Laptop Stand with 7 Angle Adjustable & 6 Quiet Red Led Fans for 12-17 Inch Gaming Laptop,RGB Laptop Fan Built-in Dual USB Ports Support Mouse（Laptop Cooling Pad + Sticker）	Electronics > Computers & Accessories > Laptop Accessories > Cooling Pads & External Fans > Cooling Pads
1399	Mocsicka Sunflower Baby Shower Backdrop 7x5ft Vinyl Fabric African American Baby Girl Baby Shower Photo Backdrops Our Little Sunflower is on The Way Photography Background	Electronics > Camera & Photo > Lighting & Studio > Photo Studio > Backgrounds
1400	Decalrus - Protective Decal for MSI GS75 Stealth (17.3" Screen) Laptop Pink Carbon Fiber Skin case Cover wrap CFmsiGS75_17Pink	Electronics > Computers & Accessories > Laptop Accessories > Skins & Decals
1401	PowerSmart® 2200mAh PA5076U-1BRS, PA5077U-1BRS, PABAS268 Battery for Toshiba Satellite U955	Electronics > Computers & Accessories > Laptop Accessories > Batteries
1402	Sennheiser HD1 in-Ear Wireless Headphones, Bluetooth 4.1 with Qualcomm Apt-X and AAC, NFC one Touch Pairing, 10 Hour Battery Life, 1.5 Hour Fast USB Charging, Multi-Connection to 2 Devices (Renewed)	Electronics > Headphones, Earbuds & Accessories > Headphones & Earbuds > Earbud Headphones
1403	HP PAVILION DV6-6C47CL Laptop Screen 15.6 LED BOTTOM LEFT WXGA HD	Electronics > Computers & Accessories > Laptop Accessories > Replacement Screens
1404	Digitrex DSC1300 1.3MP Digital Camera	Electronics > Camera & Photo > Digital Cameras > Point & Shoot Digital Cameras
1405	Collapsible 2 in 1 Oval Reflector 24 x 36 inch (60 x 90cm) Soft Box Lighting Photo Photography Video Studio Silver White Reflectors Disc	Electronics > Camera & Photo > Lighting & Studio > Lighting > Lighting Controls & Modifiers > Reflectors
1406	Yosoo Health Gear LCD Display Module, Raspberry PI Graphic LCD Display OLED Display, LCD Module TFT LCD Module Display Module, 1.8 inch TFT LCD Display Module ST7735 128x160 51/AVR/STM32/ARM 8/16 bit	Electronics > Computers & Accessories > Tablet Replacement Parts > LCD Displays
1407	Glow Easy Lock 65" Translucent Umbrella Diffuser	Electronics > Camera & Photo > Lighting & Studio > Lighting > Lighting Controls & Modifiers > Umbrellas
1408	QPower 10 Inch Heavy-Duty Single Vented Carpet Covered Durable Car Audio Vehicle Subwoofer Enclosure Woofer Box, Charcoal Gray	Electronics > Car & Vehicle Electronics > Car Electronics > Car Audio > Subwoofers > Subwoofer Boxes & Enclosures
1409	Wire Harness for JVC Models KD-NX5000, KD- X310BT, KD-R80BT, KD-R810, KD-R820BT, KD-R840BT, KD-R850BT, KD-R900, KD-R950BT ECT.	Electronics > Car & Vehicle Electronics > Vehicle Electronics Accessories > Vehicle Audio & Video Installation > Radio Wiring Harnesses
1410	ATR Style 1/2" X 10.5" Metal Takeup Reel for Open Reel Tape by TME	Electronics > Computers & Accessories > Computer Accessories & Peripherals > Blank Media
1411	Skullcandy Smokin Buds (Discontinued by Manufacturer)	Electronics > Headphones, Earbuds & Accessories > Headphones & Earbuds > Earbud Headphones
1412	Amsahr FA50-2CT Digital Replacement Battery PLUS Battery Travel Charger for Sony NPFA50, DCR PC55S with Lens Accessories Pouch (Gray)	Camera & Photo
1413	Acrylic Clear Case Enclosure Specialized for Jetson Nano 2GB Developer Kit（Case only	Electronics > Computers & Accessories > Computer Components > External Components > Computer Cases
1414	EZ-RJ45 Cat6 Crimp Plugs, Slide Through Wires, 100 Pieces (CNE43903)	Electronics > Computers & Accessories > Computer Accessories & Peripherals > Cables & Accessories > Cables & Interconnects > Ethernet Cables > Cat 6 Cables
1415	Home Audio Power Amplifier System - 200W 4 Channel Theater Power Stereo Receiver Box, Surround Sound w/ USB, RCA, AUX, Mic w/ Echo, LED, Remote - For Speaker, iPhone, PA - Pyle PT380AU	Electronics > Home Audio > Home Theater > Receivers & Amplifiers > Receivers
1416	Panasonic Lumix DMC-FH27 16MP 8x Zoom Digital Camera with 3.0" Touchscreen (Black)	Electronics > Camera & Photo > Digital Cameras > Point & Shoot Digital Cameras
1417	Kastar CGR-D16 AC Wall Battery Charger Replacement for Panasonic NV-DS35, NV-DS37, NV-DS38, NV-DS50, NV-DS55, NV-DS60, NV-DS65, NV-DS68, NV-DS77, NV-DS77B, NV-DS80, NV-DS88, NV-DS89 Camera	Electronics > Camera & Photo > Accessories > Batteries & Chargers > Batteries > Camcorder Batteries
1418	(Set of 4) STS-FHDC150-150ft Premium 1080p HD BNC Video Cable. Samsung Compatible with Systems SDH-C75100, SDH-C75080, SDH-B73040, SDH-B73045,SDH-B74041, SDH-B74081	Electronics > Security & Surveillance > Accessories > Surveillance Camera Cables
1419	iROLA DX758 7 Inch Tablet Case - UniGrip Edition - Black - by Cush Cases	Electronics > Computers & Accessories > Tablet Accessories > Bags, Cases & Sleeves > Cases
1420	Head Strap Camera Mount for ALL GoPro HERO3+ HERO3, HERO2, and HD HERO Original Cameras	Electronics > Camera & Photo > Video > Camera Supports & Stabilizers > Camera Chest Supports
1421	TV Remote Control Replacement for LG AKB75095315	Electronics > Television & Video > Accessories > Remote Controls
1422	Vivitar 16 MP Digital Compact System Camera with 1.8-Inch LCD - White (VS130-WHT)	Electronics > Camera & Photo > Digital Cameras > Point & Shoot Digital Cameras
1423	LapGear Lap Pets Tablet Pillow Stand - Unicorn - Fits Most Tablet Devices - Style No. 36127	Electronics > Computers & Accessories
1424	As Seen on TV GoGo Pillow Tablet Holder, Gray	Electronics > Home Audio > Home Audio Accessories > Cables
1425	Philips PPX4350 Pocket Projector, 50 Lumens, LED, HDMI, 60 Inches Display, USB, 4,6 Oz	Electronics > Video Projectors
1426	Sony Xperia XA1 Case, Vigeer Crystal Clear Soft TPU Bumper [Shock Absorption Technology] Raised Bezels Protective Cover For Sony Xperia XA1 - Clear	All Electronics
1427	Dell PowerEdge 2U Ready Rails Slide Bxd (B6) (H4X6X) (Renewed)	Electronics > Computers & Accessories > Servers
1428	UID Changeable MF1 1K Key Tag Rewritable Zero 0 Sector 0 Block Copier MF1 S50 1k Smart IC Card 10pcs/lot	Electronics > Security & Surveillance > Home Security Systems
1429	for Garmin Venu Replacement Band, AWADUO 20mm Replacement Nylon Wrist Band Strap for Garmin Venu and Smasung Galaxy Watch Active 2(Nylon Gray)	Electronics > Wearable Technology > Clips, Arm & Wristbands
1430	AC Power Adapter Compatible with Delphi TEAD-57-121800U Compatible with Power Adapter XM Boombox	Electronics > Portable Audio & Video > Boomboxes
1431	Sony Srsa201 Active Speaker System	Electronics > Computers & Accessories > Computer Accessories & Peripherals > Audio & Video Accessories > Computer Speakers
1432	1/2.7" AHD 2MP 1080p Night Vision 3.6mm Outdoor Indoor 24 IR LEDs Day and Night Weatherproof Color Dome Camera	Electronics > Home Audio > Home Audio Accessories > Cables > Power Cords
1433	Yamaha BD-S2900BL Blu-Ray Disc Player	Electronics > Television & Video > Blu-ray Players & Recorders > Blu-ray Players
1434	QGHXO Band for Garmin Forerunner 245, Soft Silicone Replacement Band for Garmin Forerunner 245 / Forerunner 645 (No Tracker, Replacement Bands Only)	Electronics > Wearable Technology > Clips, Arm & Wristbands
1435	Hydrofarm Light Meter (Footcandles)	Electronics > Camera & Photo > Lighting & Studio > Light Meters & Accessories > Light Meters
1436	USB 8GB Metal BULLET Flash Memory Stick Drive Pen	Electronics > Computers & Accessories > Data Storage > USB Flash Drives
1437	iPad Mini 2 Case, iPad Mini Cover F-color™ Auto Sleep/Wake Flip Magnetic Cover Premium Protective PU Leather Wallet Case Cover with Card Slot, Stylus Holder Brown	Electronics > Computers & Accessories > Tablet Accessories > Bags, Cases & Sleeves > Cases
1438	DS18 PRO-TSQ3IN1 1" Aluminum High Compression Neodymium Bullet Tweeter - 3 in 1 Tweeter Surface/Flush/Angle, 200 Watts 4-Ohm	Electronics > Car & Vehicle Electronics > Car Electronics > Car Audio > Speakers > Coaxial Speakers
1439	Birdog Ultra Satellite Signal Meter w Satshooter Clinometer Compass	Electronics > Television & Video > Accessories > Satellite Equipment > Mounting Accessories > Satellite Finders
1440	PERFASCIN RM-YD102 Replace Remote Compatible with Sony TV KDL-50W790B KDL-50W800B KDL-55W790B KDL-55W800B KDL-55W950B KDL-55X830B KDL-60W840B KDL-60W850B KDL-65W950B KDL-65X830B KDL70W830B XBR85X950B	Electronics > Television & Video > Accessories > Remote Controls
1441	Micro SATA Cables Power eSATA to eSATA and USB Adapter	Electronics > Computers & Accessories > Computer Accessories & Peripherals > Cables & Accessories > Cables & Interconnects > USB Cables
1442	BlingKingdom Car Audio Dash Removal Plastic Pry Tools 4pcs	Car Electronics
1443	Pack of 5 Ilford 1574577 HP5 Plus, Black and White Print Film, 35 mm, ISO 400, 36 Exposures	Electronics > Camera & Photo > Film Photography > Film
1444	3Pod Orbit 4-Section Aluminum Handheld Monopod Stick for DSLR Photo & Video, Sports Cameras, Fluid Base Tripod Legs with Bag	Electronics > Camera & Photo > Tripods & Monopods > Monopods
1445	[Apple Mfi] Iconnect 64 GB Mobile Flash Drive w/ Lightning Connector for iPhones, iPads, iPod Mac & PC USB 3.0 (Iron Gray)	Electronics > Computers & Accessories > Data Storage > USB Flash Drives
1446	Tenda 9-Port Unmanaged 10/100Mbps PoE Ethernet Switch, Ethernet Splitter(TEF1109P)|8 PoE+ Ports@63W|Plug & Play|Shielded Ports|Sturdy Metal|Desktop/Wall-Mount|Limited Lifetime Protection	Electronics > Computers & Accessories > Networking Products > Switches
1447	VGear Shoulder Rig Stablizer Support for Cameras and Video	Electronics > Camera & Photo > Video > Camera Supports & Stabilizers > Camera Shoulder Supports
1448	Extreme Spirit II	Electronics > Computers & Accessories > Computer Components > Internal Components > Memory
1449	XB-3612 Cooler fan for XBOX360	Electronics > Computers & Accessories > Computer Components > Internal Components
1450	Wepro Fitbit Ionic Watch Band, Bands Replacement Sport Strap Accessory for Fitbit Ionic Smartwatch, Buckle, Black, Small	Electronics > Wearable Technology > Arm & Wristband Accessories
1451	Lomography hp610 Diana Baby 110 Camera with 24mm Lens (Black/Blue)	Electronics > Camera & Photo > Film Photography > Film Cameras
1452	Fujifilm Mini Instant Film for Fujifilm Mini 8, 9 11 Cameras Bundled with Custom Frame Stickers and Quality Photo Microfiber Cloth (60 Films)	Electronics > Camera & Photo > Film Photography > Film Cameras > Instant Cameras
1453	ASUS N71JQ-X1 17.3-Inch Versatile Entertainment Laptop (Dark Brown)	Electronics > Computers & Accessories > Computers & Tablets > Laptops > Traditional Laptops
1454	Lenovo T400 P8400 7417PKU 14.1-Inch Laptop	Electronics > Computers & Accessories > Computers & Tablets > Laptops > Traditional Laptops
1455	Xit XTBPS Deluxe Digital Camera/Video Sling Style Shoulder Bag (Black)	Electronics > Camera & Photo > Bags & Cases > Camera Cases
1456	BoxWave Screen Protector Compatible with Garmin RV 660LMT (Screen Protector by BoxWave) - ClearTouch Anti-Glare (2-Pack), Anti-Fingerprint Matte Film Skin for Garmin RV 660LMT	Electronics > Computers & Accessories > Tablet Accessories > Screen Protectors
1457	Wired Earbuds, BYZ in-Ear Stereo Earphones with Microphone & Durable Cable Volume Control and Powerful Bass for Running Gym Jogging Sport (Black)	Electronics > Headphones, Earbuds & Accessories > Headphones & Earbuds > Earbud Headphones
1458	Epson Projeor Replacement Lamp, 200W, Silver (EPSV13H010L30)	Electronics > Television & Video > Accessories > Projector Accessories > Lamps
1459	DigiSun AH211 HDMI to HDMI+AUDIO Extractor (SPDIF+R/L), Supports video Full 3D/1080P@24/50/60Hz and audio output 2.0CH & 5.1CH optical Toslink(SPDIF)	Electronics > Television & Video > Accessories > Video Converters
1460	Logic Pro X Keyboard Cover for 14" and 16" MacBook Pro with M1 Chips 2021+ - All of The Shortcuts at Your fingertips	Electronics > Computers & Accessories > Computer Accessories & Peripherals > Keyboards, Mice & Accessories > Keyboard & Mice Accessories > Keyboard Skins
1461	LifeProof LIFEACTÍV Quickmount Adapter - Mount - Retail Packaging - Black (Pack of 40)	Electronics > Home Audio > Home Audio Accessories > Connectors & Adapters
1462	Hitachi CPA100LAMP Replacement Lamp and Filter for CP-A100 Projector	Electronics > Television & Video > Accessories > Projector Accessories > Lamps
1463	Bluetooth Speaker,Marvo SV-122 Portable Bluetooth 4.0 Speaker with Dynamic LED Lights and 12 Hour Playtime for Outdoors/Shower (Army Green	Electronics > Portable Audio & Video > Portable Speakers & Docks > Portable Bluetooth Speakers
1464	TOOGOO Cute Mini Clip-on USB MP3 Music Player Support 8GB Micro SD/TF Card w/Earphone	Electronics > Portable Audio & Video > MP3 & MP4 Players
1465	Alienware AW15R3-0012SLV Laptop (6th Generation i5, 8GB RAM, 1TB HDD) NVIDIA GeForce GTX1060	Electronics > Computers & Accessories > Computers & Tablets > Laptops > Traditional Laptops
1466	HP Compaq Elite 8100 (SFF) QM411US#ABA Small form factor CORE i5 650 3.20GHz 4GB 250GB DVD+/-RW Intel 64mb VGA Graphics DP 8xUSB WIN 7 PRO 64BIT	Electronics > Computers & Accessories > Computers & Tablets > Desktops > Towers
1467	Belkin Pro Series Monitor Extension Cable (BLKF3H98110)	Electronics > Computers & Accessories > Computer Accessories & Peripherals > Cables & Accessories > Cables & Interconnects > Serial Cables
1468	Sony KP-43T70 43" Projection TV	Electronics > Television & Video > Televisions
1469	Kingston 512MB DDR400 Kit/2 PowerMac G5 (KTA-G5400/512)	Electronics > Computers & Accessories > Computer Components > Internal Components > Memory
1470	ELAC Debut 2.0 DS10.2 200 Watt Powered Subwoofer - Black	Electronics > Home Audio > Speakers > Subwoofers
1471	GMYLE Soft Felt/Leather Sleeve Bag for Macbook 12 inch with Retina Display (A1534,2015 Release), New Macbook Pro 13 inch 2016 With/Without Touch Bar (A1706/A1708,2016 Release) - Dark Grey and Brown	Electronics > Computers & Accessories > Laptop Accessories > Bags, Cases & Sleeves > Hard Shell Cases
1472	LILIONGTH Privacy Screen Protector Compatible with MacBook Air 13.6'' M2 2022, Magnetic Anti Blue Light & Anti-Glare Laptop Privacy Filter with File Folder (Model: A2681)	Electronics > Computers & Accessories > Laptop Accessories > Screen Filters
1473	Auleswet AWG 21-26 UY Wire Connector See-Through Dielectric Gel Neat Clamp Plastic Splice Orange Clear Button Waterproof 100 Pieces for Telephone Network Cable Door Bell Speaker	Electronics > Home Audio > Home Audio Accessories > Connectors & Adapters
1474	Dankent Trail Camera Viewer SD Card Reader - 4 in 1 SD and Micro SD Memory Card Reader to View Hunting Game Camera Photos or Videos on Smartphone, Camouflage, Multicolor	Electronics > Computers & Accessories > Computer Accessories & Peripherals > Memory Card Accessories > Memory Card Readers
1475	DELL Latitude 7390 2-in-1 Business Notebook, 13.3in FHD Touchscreen, Intel 8th Gen Core I5-8350U Quad-Core, 8GB Ram, 256GB Solid State Drive, Webcam, Windows 10 Professional (Renewed)	Electronics > Computers & Accessories > Computers & Tablets > Laptops > Traditional Laptops
1476	Diamond MSP100B Mini Rockers Mobile Speakers (Black)	Electronics > Computers & Accessories > Computer Accessories & Peripherals > Audio & Video Accessories > Computer Speakers
1477	Valholl Gear Replacement Gel Cups for HL Impact Sport, PRO, Bolt, Sync, Leightning and Viking Headphones. Proudly Made in The U.S.A !	Electronics > Headphones, Earbuds & Accessories > Earpads
1478	NLC 7.1 Channel USB External Sound Card Audio Adapter，black	Electronics > Computers & Accessories
1479	Case Compatible with DJI Osmo Action 3 Standard Combo - 4K Action Camera. Protective Travel Carrying Storage Bag for DJI Osmo Cameras Accessories (Box Only)	Electronics > Camera & Photo > Bags & Cases > Camera Cases
1480	Outdoor Power Strip Weatherproof, Waterproof Surge Protector with 3 Outlets, 6.5 FT Extension Cord, Overload Protection and Shockproof, Suitable for Home and Outside, Wall Mountable (3 Outlets White)	Electronics > Accessories & Supplies > Power Strips & Surge Protectors > Power Strips
1481	StarTech.com DisplayPort to HDMI Adapter - 4K 60Hz HDR10 Active DisplayPort 1.4 to HDMI 2.0b Video Converter - 4K DP to HDMI Adapter Dongle for Monitor/Display/TV - Latching DP Connector (DP2HD4K60H)	Electronics > Television & Video > Accessories > Cables > HDMI Cables
1482	BURIO Simple 4K HD Double Side Projection Screens for Home, Outdoor Movie 100 Inch 16:9 Indoor Outdoor Wall Mounted Projector Screen,White	All Electronics
1483	C2G/ Cables to Go 40003 Velocity Mini-Coax F-Type Cable, Blue (1.5 Feet, 0.45 Meters), Black	Electronics > Home Audio > Home Audio Accessories > Cables > Coaxial
1484	AB 2-Way Switch Box, RJ45 Female	Electronics > Computers & Accessories > Computer Accessories & Peripherals
1485	Acer Aspire E1-572P-6403 15.6-Inch Touchscreen Laptop (1.6GHz Intel Core i5-4200U Processor, 6GB DDR3L, 750GB HDD, Windows 8.1) Clarinet Black	Electronics > Computers & Accessories > Computers & Tablets > Laptops > Traditional Laptops
1486	Saliency 120 pcs Breadboard Jumper Wires Ribbon Cables Kit 40-pin 20cm Male to Male / Female to Female / Male to Female	Electronics > Home Audio > Home Audio Accessories > Connectors & Adapters
1487	Swann SWNVK-874008-US Super HD with 8 x 4MP Surveillance DVR Security System, 8 Channel 2TB NVR, Black/White	Electronics > Security & Surveillance > Surveillance Video Equipment > Surveillance DVR Kits
1488	RAV284 WN05820EX Replacement Remote Control fit for Yamaha AV Receiver HTR-6230 HTR-6130 RX-V365 RX-V365BL RX-V363 RX-V363 - AV Receiver RXV363BL RX V365 - AV Receiver	Electronics > Television & Video > Accessories > Remote Controls
1489	Jensen Carbon65C 6.5 Component Speaker Kit With External Crossover	Electronics > Car & Vehicle Electronics > Vehicle Electronics Accessories > Audio & Video Accessories
1490	Moke New Mini Metal MP3 Support Micro SD TF USB Media Player Music Random for Sports & Running Memory Expandable UP 16GB (NO Memory/SD Card)	Electronics > Portable Audio & Video > MP3 & MP4 Players
1491	Landposh Video Camera Camcorder,Vlogging Camera for YouTube 2.7k 30FPS 30MP IR Night Vision Camcorders 16X Digital Zoom Pause Function with 2.4G Remote and Microphone	Electronics > Camera & Photo > Video > Camcorders
1492	iShoppingdeals Compatible Protective TPU Case Replacement for T-Mobile Alcatel A30 8-inch Tablet 9024W 2017 Release (Purple)	Electronics > Computers & Accessories > Tablet Accessories > Bags, Cases & Sleeves > Cases
1493	Silicone Skin Cover for Nook, Hot Pink	Electronics > eBook Readers & Accessories > Covers
1494	SZMJ Paradise (1982) DVD Phoebe Cates English Language	Electronics > Television & Video > DVD Players & Recorders > DVD Recorders
1495	Glow 30 x 60 Softbox Strip Rectangle - R Series	Electronics > Camera & Photo > Lighting & Studio > Lighting > Lighting Controls & Modifiers > Soft Boxes
1496	Creative Sound Blaster X-Fi Xtreme Gamer SB0770 7.1-Channel PCI Sound Card	Electronics > Computers & Accessories > Computer Components > Internal Components > Internal Sound Cards
1497	Kayond® Pc Fabric EVA Shockproof Travel Protective Storage Case Bag for 2.5" Inch Portable External Hard Drive HDD USB 2.0/3.0 (Red)	Electronics > Computers & Accessories > Computer Accessories & Peripherals > Hard Drive Accessories > Hard Drive Bags & Cases
1498	F+uM Tablet Stand	Electronics > Computers & Accessories > Tablet Accessories > Stands
1499	GoPro HERO8 Black Bundle - Includes HERO8 Black Camera, Shorty, Head Strap, 32GB SD Card, and 2 Rechargeable Batteries	Electronics > Camera & Photo > Underwater Photography > Cameras
1500	iGadgitz U6384 Reflective Sports Jogging Gym Armband with Key Slot Compatible with Sony Walkman NW-A35, A40, A45 MP3 Players - Black	Electronics > Portable Audio & Video > MP3 & MP4 Player Accessories > Cases
1501	Security Camera,Goowls 1080P HD 2.4G WiFi Home Smart Surveillance Camera for Pet/Dog/Nanny Monitor Night Vision Motion Detection 2-Way Audio Compatible with Alexa 2 Pack	Electronics > Camera & Photo > Video Surveillance > Surveillance Cameras > Dome Cameras
1502	Belkin HDMI to 2X DVI Splitter Dongle (F2CD067), Not Compatible with Surface Pro 3 Tablets & Pro 3 Docks, MacBook Air 10.8 or Newer Versions	Electronics > Computers & Accessories > Computer Accessories & Peripherals > Computer Cable Adapters > DVI-HDMI Adapters
1503	Ring Light with Stand, 10" Selfie LED Ringlights with Tripod for YouTube Video and Makeup, Mini Ring Light with Phone and Ipad Holder Desktop LED Lamp with 3 Light Modes & 10 Brightness Level	Electronics > Camera & Photo > Digital Cameras > DSLR Cameras
1504	【Aivica-088】 NOAA Weather Radio Emergency Radio Solar, Hand Crank, Micro USB Charge AM/FM/NOAA Radio 3 LED Flashlight 2000mAh Smart Phone Charger Power Bank(Red) (Black)	Electronics > Portable Audio & Video > Radios > Weather Radios
1505	2 Pack Right Angle USB B to USB C Adapter, AreMe 90 Degree Type C Female to MIDI Converter Compatible with Printer, Electric Piano, Laptops and More Type-C Devices	Electronics > Computers & Accessories > Computer Accessories & Peripherals > Computer Cable Adapters > USB-to-USB Adapters
1506	Fuel Injection Pump Injector Tester Gas Combustion Spary Pressure Gauge Diagnost	Car Electronics
1507	GOLDSTAR Professional Premium Anti-Static Anti-Drop Hard Drive Protection Box for 3.5 Inch HDD Storage (Orange)	Electronics > Computers & Accessories > Computer Accessories & Peripherals > Hard Drive Accessories > Hard Drive Bags & Cases
1508	HP Z6 G4 Workstation - Intel Xeon Silver 4108 8-Core 1.8Ghz - 128GB DDR4 REG - Quadro P400 Graphics 2GB - 1.92TB (Dual 960Gb M.2 SSD New) - 1000w PSU - (Renewed)	Electronics > Computers & Accessories > Servers
1509	EPOMAKER Coolkilller Polar Bear 142 Keycap Set, Fully Transparent High-Definition Silk Screen Printing SA Profile Keys for Mechanical Gaming Keyboard	Electronics > Computers & Accessories > Computer Accessories & Peripherals > Keyboards, Mice & Accessories > Keyboards
1510	Rechargeable Wireless Keyboard Mouse Combo, Retro Typewriter Style, Compact Full Size, 2.4G with Nano USB Receiver for Windows, Computer, Desktop, PC, Notebook, Pink	Electronics > Computers & Accessories > Computer Accessories & Peripherals > Keyboards, Mice & Accessories > Keyboard & Mouse Combos
1511	Tectra 2Pcs EN-EL14, EN-EL14A Battery with Battery Storage Case for Nikon D3500, D3100, D3200, D3300, D3400, D5100, D5200, D5300, D5500, D5600, DF, Coolpix P7000, P7100, P7700, P7800 DSLR Cameras	Electronics > Camera & Photo > Accessories > Batteries & Chargers > Batteries > Camera Batteries
1512	HP 15 Laptop,11th Gen Intel Core i5-1135G7,8 GB RAM,256 GB SSD,15.6-inch Full HD (1920x1080) IPS Display,Windows 10 Home,802.11ac,Bluetooth,HDMI,Long Battery Life,W/ Silmarils Accessories,HP39dx	Computers
1513	Televes DATBOSS UHF Amplified Outdoor HDTV Antenna LTE Filter (149983)	Electronics > Television & Video > Accessories > Antennas > TV Antennas
1514	180W AC Charger Compatible with Dell Alienware 13 15 17 R1 R2 R3 R4 m14x m15x m17x Dell Precision 7520 7530 7510 M4600 M4700 M4800 M6600 Inspir one 2320 2350 7577 Laptop Adapter	Electronics > Computers & Accessories > Laptop Accessories > Chargers & Adapters
1515	Replaced Remote Control Compatible for Sony RMYD103 149276711 KDL40W580B KDL-32W700 KDL-40W590B KDL-48W600B KDL-60W630B Smart LED HDTV TV	Electronics > Television & Video > Accessories > Remote Controls
1516	Swann SWO-SVC02K-US One SoundView Cam, Outdoor (White)	Electronics > Camera & Photo > Video Surveillance > Surveillance Cameras
1517	Foryond 2TB Portable External Hard Drive -USB 3.0 Ultra Slim Hard Drive External Storage for PC, Laptop, Phones and More(F-2TB-BLACK)	Electronics > Computers & Accessories > Data Storage > External Hard Drives
1518	Simpleway § Apple iPad Air Case§ Kidbox Series Light Weight Dropproof Shockproof Super Protection Convertable Stand Cover Case (Rose)	Electronics > Computers & Accessories > Tablet Accessories > Bags, Cases & Sleeves > Keyboard Cases
1519	BuyBits Motorcycle Headstock Screw Stem Mount for Tomtom Rider fits BMW K1600GT / GTL	Electronics > GPS, Finders & Accessories > GPS System Accessories > Vehicle Mounts
1520	HQRP Battery Compatible with Sennheiser Freesound T6-9, RS60 / RS 60, RS65 / RS 65, RS8 / RS 8, RS80 / RS 80, RS85 / RS 85, HDR400 / HDR 400 Headphones/Receiver Free Sound	Electronics > Headphones, Earbuds & Accessories
1521	MyClip Thigh/Kneeboard for iPad and iPad 2	Electronics > Computers & Accessories > Tablet Accessories
1522	Acer C910-54M1 15.6-Inch LED 1920 x 1080 (Full HD) Chromebook - Intel Core i5 i5-5200U 2.20 GHz - Black	Electronics > Computers & Accessories > Computers & Tablets > Laptops > Traditional Laptops
1523	Dell Newest Inspiron 24 5000 Series 23.8” FHD Touchscreen AlO Business Desktop, Intel Core i5-1135G7, 32GB DDR4 RAM, 1TB SSD, Camera, Wi-Fi 6, HDMI, RJ-45, Keyboard&Mouse, Win11 Home, Silver	Electronics > Computers & Accessories > Computers & Tablets > Desktops > All-in-Ones
1524	Replacement Remote Control for Mitsubishi 939P591060, HSU590, RM59106, HSU595, HSU781	Electronics > Television & Video > Accessories > Remote Controls
1525	2022 Newest Lenovo IdeaPad 3i 17.3“ HD+ Diagonal SVA BrightView Laptop | 11th Gen Intel Core i5-1135G7 | 20GB RAM | 1TB SSD | Fingerprint Reader | Windows 11 | with USB3.0 HUB Bundle	Computers
1526	Sharp 60" Full HD Commercial LCD-LED TV (PN-LE601) with Xtreme TV/LCD Screen Cleaning Kit, Xtreme Ultra Slim Low Profile Flat Wall Mount for 60-100 Inch TVs &2X 6ft High Speed HDMI Cable Black	Electronics > Accessories & Supplies > Mounts
1527	Kensington USB 3.0 Dual Display Docking Station for Windows, Mac OS, Surface Pro & Surface Laptop (K33997WW),Black	Electronics > Computers & Accessories > Laptop Accessories > Docking Stations
1528	OwnHealer Phone Cables 4Pack White	Electronics > Computers & Accessories > Computer Accessories & Peripherals > Cables & Accessories > Cables & Interconnects > Lightning Cables
1529	Camera Slider, GVM 48” Motorized DSLR Camera Track Dolly Slider Video Stabilizer Rail with Time Lapse Tracking and 120-degree Panoramic Video Shooting, Perfect Photograph Movie Film Making	Electronics > Camera & Photo > Video > Camera Supports & Stabilizers > Camera Sliders
1530	CUNBANZ USB C to 3.5mm Aux Cable(3.3ft), USB C to 3.5mm Male Headphone Audio Aux Adapter Type C to.5mm Car Aux Cord Compatible with Google Pixel GalaxySamsung Galaxy S20 S20+S10 S9 Note10 (3.3)	Electronics > Home Audio > Home Audio Accessories > Cables > Stereo Jack Cables
1531	Audio-Technica AT-LP5x Direct-Drive Turntable	Electronics > Home Audio > Turntables & Accessories > Turntables
1532	Replacement Ipencil Magnetic Replacement Caps + Charging Adapter Fits for Apple Pencil Gen 1st,Pencil Protector Cap and Charger Convertor Compatible withApple Pencil 1	Electronics > Computers & Accessories > Tablet Accessories > Chargers & Adapters
1533	iiMash Compatible with: Samsung Galaxy Tab 3, 10.1"P5200 P5210, Leather Case Cover Accessories Protective Carrying Case with Stand Function, rotatable 360 ​​°, Retro U.S. USA Stars	Electronics > Computers & Accessories > Tablet Accessories > Bags, Cases & Sleeves > Cases
1534	Speakers, Full-Range Speakers with bass Sound, Highly Sensitive and Durable Magnetic Stereo Speakers for Home and Office	Electronics > Computers & Accessories > Computer Accessories & Peripherals > Audio & Video Accessories > Computer Speakers
1535	No.2 Warehouse Soft Silicone Armor Skin Rubber Protective Camera Case Compatible with Canon EOS 800D Digital SLR Camera (Red)+ a Piece of Clean Cloth	Electronics > Camera & Photo > Bags & Cases > Camera Cases
1536	multipurpose reusable Standard Super Heavy nylon cable tie 75 lb Test Multi Color 4.8 mm X 200 mm 300-pcs	Electronics > Accessories & Supplies > Cord Management > Cable Ties
1537	Verbatim Ultra-Slim Rechargable Wireless Bluetooth Keyboard for iPhone, iPad (All), iPodTouch, Kindle Fire HD (All), Google Nexus, Samsung Galaxy, other Android Tablets, Black 97753	Electronics > Computers & Accessories > Tablet Accessories > Keyboards
1538	SWOXINGO Airtag Wristband Kids,Airtag Bracelet for Kids Toddler Baby Children Elders,Silicone Watch Band for AirTag 2021.	Electronics > GPS, Finders & Accessories > GPS System Accessories > Cases
1539	32 Pockets Colorful Fuji Wide Instant Mini Book Photo Album for Fujifilm Instax WIDE 210 Films, Fujifilm Instax WIDE 200 Films, Fujifilm Instax Wide 300 Films, Fujifilm FP100C, Fujifilm FP 3000B - Blue	Electronics > Camera & Photo > Film Photography > Film Cameras > Instant Cameras
1540	iPad Pro 9.7 Case 2016 Best Shockproof Full-Body Rugged iPad Protective Case with Rotatable Stand for 2016 iPad Pro 9.7 inch - Dark Black	Electronics > Computers & Accessories > Tablet Accessories > Bags, Cases & Sleeves > Cases
1541	Connectors Pro - 10-PK PC Computer Low Profile Back Extension 8 cm 3 Inches Height 2 cm 3/4 Inches Width Slot Cover, L Blank Stainless Steel Bracket, 10-Pack	Electronics > Home Audio > Home Audio Accessories > Connectors & Adapters
1542	for fh-168 Speaker Polarity Tester Senyar Speaker Tester,Auto Car Audio Speaker Horn Tester Phase Meter PH Phasemeter	Electronics > Car & Vehicle Electronics > Car Electronics > Car Audio > Speakers > Coaxial Speakers
1543	APC SUA1000XL Smart-UPS XL 1000 VA 120 V UPS with USB and Serial Interface(Not Sold in Vermont)	Electronics > Computers & Accessories > Computer Accessories & Peripherals > Uninterruptible Power Supply (UPS)
1544	3000W Pure Sine Wave Power Inverter with LED display 4 US Outlets AC terminal block	Electronics > Car & Vehicle Electronics > Vehicle Electronics Accessories > Audio & Video Accessories
1545	Leather Case for Amazon Kindle 3, Pink	Electronics > eBook Readers & Accessories > Covers
1546	AUDI Genuine Accessories ZAW179008BLK Black All Weather Rubber Floor Mat with 'allroad' Logo, (Set of 4)	Electronics > Security & Surveillance > Horns & Sirens
1547	12 LED Waterproof Car Reversing Rear View Camera Excellent Night Vision Full HD Image and 170 Degree Wide-Angle HD Universal Mini Car Camera Suitable for Car Accessories Connected to Car Radio	Electronics > Car & Vehicle Electronics > Car Electronics > Car Safety & Security > Vehicle Backup Cameras
1548	HP ProDesk 600 G3 SFF Desktop Computer Inter i5-6500 Up to 3.60GHz 16GB DDR4 256GB NVMe SSD Built-in AX210 Wi-Fi 6E BT HDMI Dual Monitor Support Wireless Keyboard and Mouse Win10 Pro (Renewed)	Electronics > Computers & Accessories > Computers & Tablets > Desktops > Towers
1549	UpBright 9V AC/DC Adapter Compatible with Brother P-Touch PT-2030 GL-100 PT-1000 PT-1100 PT-1010B PT-1090 PT-1280 PT-1600 PT-1750 PT-300 PT-2700 PT-2710 PT-1800 PT-1290 PT-E500 PT-D200 AD-24 1A Power	Electronics > Power Accessories > AC Adapters
1550	Mount-It! Projector Ceiling Mount Universal Bracket for Epson, BenQ, Optoma, Viewsonic Projectors, Height Adjustable Pole and Arms, Black (MI-602B)	Electronics > Television & Video > Accessories > Projector Accessories > Projector
1551	ASUS ROG STRIX GeForce® GTX 1660 Ti 6GB Advanced Edition VR Ready HDMI 2.0 DP 1.4 Auto-extreme Graphics card (STRIX-GTX1660TI-A6G-GAMING)	Electronics > Computers & Accessories > Computer Components > Internal Components > Graphics Cards
1552	Diamond Audio HX600.4 4-Channel 600W RMS Amplifier	Electronics > Car & Vehicle Electronics > Car Electronics > Car Audio > Amplifiers > Multichannel Amplifiers
1553	Humminbird 410030-1 Helix 12 Chirp SI 800x1280 DSP Sonar with GPS & Temperature, 12.1"	Electronics > Car & Vehicle Electronics > Marine Electronics > Marine GPS Chartplotters
1554	Insten 1300mAh Battery for 20GB/30GB/60GB iPod Photo 4G	Electronics > Portable Audio & Video > MP3 & MP4 Player Accessories > Batteries & Battery Packs > Batteries
1555	128GB Micro SD Card, Ultra MicroSDXC UHS-I Memory Card, A1 Class10 U3 High Speed Flash TF Card Compatible with Nintendo-Switch, R/W 100/50MB/s MicroSD Card for 4K Video Recording with Adapter	Electronics > Computers & Accessories > Computer Accessories & Peripherals > Memory Cards > Micro SD Cards
1556	Battery Replacement for ICOM IC-A23, IC-A5, IC-T8, IC-T81, IC-T81A, IC-T8A Part NO BP-200, BP-200H, BP-200L	Electronics > Portable Audio & Video > CB & Two-Way Radios > Accessories > Batteries
1557	Fankerba DC Auto Boost Buck Converter Step Up Step Down Voltage Module Regulator LM2596 LM2577 4-35V to 1.25-25V 4A with CC CV Charging	Electronics > Power Accessories > Power Converters
1558	BoxWave Screen Protector Compatible with Garmin Drive 50 (Screen Protector by BoxWave) - ClearTouch Anti-Glare (2-Pack), Anti-Fingerprint Matte Film Skin for Garmin Drive 50	Electronics > GPS, Finders & Accessories > GPS System Accessories > Screen Protector Foils
1559	LCDOLED Replacement 13.3 inches 2560x1600 Full LCD Screen Complete Top Assembly for MacBookPro16,3 MacBook Pro 13'' 2020 A2289 EMC 3456 MXK32 MXK52 MXK62 MXK72 (Space Gray)	Electronics > Computers & Accessories > Laptop Accessories > Replacement Screens
1560	TrendyDigital PadGear(TM) Plus Folio Case, Cover, Pouch for Apple iPad 2, with Viewing Stand and Pocket for Apple Wireless Keyboard (Wireless Keyboard is not Included)	Electronics > Computers & Accessories > Tablet Accessories > Bags, Cases & Sleeves > Keyboard Cases
1561	Wireless Remote Control for Sony HDR-CX405 CX440 CX455 CX675 CX900 FDR-AX33 AX43 AX53 AX100 AX700 Camcorder Camera ZV-1 A7M4 A7RV A7RIV A7RIII A6600 A6500 A6400 A6300 A6100 A6000 Rplc RMT-VP1K RM-VPR1	Electronics > Camera & Photo > Accessories > Remote Controls
1562	JJC LCP-A7II 2 Kits Guard Film Digital Camera LCD Display Screen Protector Cover for Sony A7II Camera	Electronics > Camera & Photo > Accessories > Digital Camera Accessories > Screen Protector Foils
1563	AGPtek Digital Satellite Signal Finder Meter for Dish Network Directv FTA Backlit with Compass and Audio Tone Backlit	Electronics > Television & Video > Accessories > Satellite Equipment > Mounting Accessories > Satellite Finders
1564	Galaxy Tab S3 9.7 Case, Mignova [Heavy Duty] Impact Protection Case with Build-in Screen Protector Film and Kickstand for Samsung Galaxy Tab S3 9.7 inch SM-T820 SM-T825 (Black/Pink)	Electronics > Computers & Accessories > Tablet Accessories
1565	Low Voltage Mounting Bracket (3 Gang - 5 Pack), Fosmon Low Voltage Mounting Bracket (Mounting Screws Included) for Telephone Wires, Network Cables, HDMI, Coaxial, and Speaker Cables	Electronics > Home Audio > Home Audio Accessories > Distribution > Wall Plates & Connectors
1566	Acer AS5536-5526 15.6-Inch Laptop - Blue	Electronics > Computers & Accessories > Computers & Tablets > Laptops > Traditional Laptops
1567	5V AC Adapter Compatible with Gefen Switching Power Supply AHK-1510-A05 Power Payless	Electronics > Power Accessories > AC Adapters
1568	Underwater Camera Waterproof Digital Camera Full HD 1080P with 32GB TF Card for Snorkelling Waterproof Point and Shoot Digital Camera Action Camera	Electronics > Camera & Photo > Underwater Photography > Camcorders
1569	VVG USB Type C to HDMI Adapter Type-C HDMI Cable [4K UHD/Thunderbolt 3/USB 3.1] USB C HDMI Cable Compatible with MacBook Pro/MacBook Air/iPad Pro, Samsung Galaxy S20/S10/Note10 Other USB-C Devices	Electronics > Television & Video > Accessories > Cables > HDMI Cables
1570	Incipio Foomi Kid Friendly Foam Case for Verizon Ellipses	Electronics > Computers & Accessories > Tablet Accessories > Bags, Cases & Sleeves > Cases
1571	Seagull 2.3X Magnification Viewfinder for Canon, Nikon, Leica, Pentax, Minolta, Olympus SLR Cameras	Electronics > Camera & Photo > Accessories > Viewfinders
1572	HDE Black Hard Case for Nikon Coolpix Digital Cameras S6200	Electronics > Camera & Photo > Bags & Cases > Camera Cases
1573	TOOGOO(R) VCD DVD USB Male to 3 RCA Adapter AV Audio Video Cable Cord 1.8M	Electronics > Television & Video > Accessories > Cables > RCA
1574	Audio-Technica ATH-C200BT Bluetooth Wireless In-Ear Headphones with In-Line Mic & Control, Black	Electronics > Headphones, Earbuds & Accessories > Headphones & Earbuds > Earbud Headphones
1575	DUNTUO Speaker Wiring Harness Adapter for Honda Accord Civic CRV, Speakers Connector for Acura CL TL Select Vehicles 2 Pair Harness to Aftermaket Door Speaker Receivers	Electronics > Car & Vehicle Electronics > Vehicle Electronics Accessories > Vehicle Audio & Video Installation > Radio Wiring Harnesses
1576	Raymarine Raystar 130 GPS Receiver	Electronics > Car & Vehicle Electronics > Marine Electronics > Marine GPS Chartplotters
1577	Samsung Gusto 3, Dark Blue, Verizon Wireless	Electronics > samsung_tradein
1578	Photoflex Litepanel 39x72" White / Black Fabric	Electronics > Camera & Photo > Lighting & Studio > Lighting
1579	HP RGB Gaming Desktop PC, Intel Quad I5 up to 3.6GHz, GeForce RTX 2060 6G GDDR6, 16GB RAM, 128G SSD + 2TB, WiFi & Bluetooth, RGB Keyboard & Mouse, Win 10 Pro (Renewed)	Electronics > Computers & Accessories > Computers & Tablets > Desktops > Towers
1580	Acoustic Research Noise-Canceling Ear buds ARNC01	Electronics > Headphones, Earbuds & Accessories > Headphones & Earbuds > Earbud Headphones
1581	Replacement Silicone Earbuds Ear Tips Eargels Buds Set Compatible with Beats Powerbeats 3 Powerbeats 2 Wireless in-Ear Earphones (4 Pairs/White)	Electronics > Headphones, Earbuds & Accessories > Earpads
1582	2020 Newest Acer Aspire 1 15.6 Inch Laptop for Business Student, Intel Celeron N4000 up to 2.6GHz| 4GB DDR4 RAM| 64GB eMMC| WiFi| Bluetooth| Windows 10 in S Mode + NexiGo Wireless Mouse Bundle	Electronics > Computers & Accessories > Computers & Tablets
1583	Hover Camera Accessory Propeller (MFG: P000005) for Passport Retail	Electronics > Camera & Photo > Bags & Cases > Camera Cases
1584	Pyle Home PDWR68B 500-Watt 3-Way Black Indoor/Outdoor Waterproof Center-Channel Speaker (Black) (Pair)	Electronics > Home Audio > Speakers > Outdoor Speakers
1585	Fintie Case for Lenovo Smart Tab M10 HD/P10/M10 10.1", Multi-Angle Viewing Folio Cover w/Pocket, Auto Wake/Sleep for Lenovo Tab M10 HD TB-X505F/P10 TB-X705F TB-X705L/M10 TB-X605F, Not Fit M10 FHD	Electronics > Computers & Accessories > Tablet Accessories > Bags, Cases & Sleeves > Cases
1586	Canon EF-S 10-22mm F/3.5-4.5 USM Lens Bundle with Optical Slave Flash, 64GB Memory Card, Camera Bag, 60 Inch Tripod, 77mm Tulip Lens Hood, 77mm Filter Kit, Grey Card Set and Flash Cover	Electronics > Camera & Photo > Lenses > Camera Lenses
1587	Ubiquiti LocoM5 X 2 Units Bridge Kit Complete Pre-Configured Nanostation Loco M5	Electronics > Computers & Accessories > Networking Products > Wireless Access Points
1588	Syba SD-PEX40105 8 Port SATA III 6G Dual Chipset PCI-E 2.0 x1 Slot Expansion Card Internal and External Ports	Electronics > Computers & Accessories > Computer Components > Internal Components > I/O Port Cards > RAID Controllers
1589	Sony VAIO VGN-FZ260E/B 15.4-inch Laptop (Intel Core 2 Duo Processor T7250, 2 GB RAM, 250 GB Hard Drive, Vista Premium)	Electronics > Computers & Accessories > Computers & Tablets > Laptops > Traditional Laptops
1590	DAMIRC EA-Stone 12Pcs Dividing Duck Bill Clips, Clamp Hair Styling Clips Hairpin Metal Hairdressing Sectioning for Salon Styling Tools(Hot Pink)	Electronics > Computers & Accessories > Computer Components > Internal Components
1591	UpBright 48V AC/DC Adapter Compatible with HP Aruba AP-203H 203R AP-205H 330 AP-334 AP-335 RAP-3WNP Access Point AP JY695A JW627A JX991A AP-AC-48V36C 48VDC 1A Power Supply Cord Bayttery Charger PSU	Electronics > Power Accessories > AC Adapters
1592	Kuryakyn 832 Black The Sound of Chrome 2nd Generation Speaker	Electronics > Car & Vehicle Electronics
1593	CMS 8GB (2X4GB) DDR3 10600 1333MHZ Non ECC SODIMM Memory Ram Upgrade Compatible with Dell® Inspiron 14R (N4010) Notebooks - A29	Electronics > Computers & Accessories > Computer Components > Internal Components > Memory
1594	Acer Swift X Creator Laptop, 14" Full HD 100% sRGB, AMD Ryzen 7 5800U, NVIDIA RTX 3050Ti Laptop GPU, Wi-Fi 6, Backlit KB, Windows 10 Home (16GB RAM | 1024GB PCIe SSD)	Electronics > Computers & Accessories > Computers & Tablets > Laptops > Traditional Laptops
1595	Fisheye Zenitar 2.8/16 MC Lens for Canon EOS Camera	Electronics > Camera & Photo > Lenses > Camera Lenses
1596	Garmin GPS II Plus Waterproof Hiking GPS	Electronics > GPS, Finders & Accessories > Sports & Handheld GPS > Handheld GPS Units
1597	HP L9K17UT#ABA Workstation Z240 Mini Desktop, 16 GB RAM, 256 GB SSD, 1 TB HDD, NVIDIA Quadro K620, Black	Electronics > Computers & Accessories > Computers & Tablets > Desktops
1598	Fovitec StudioPRO 200W/s Two Strobe Monolight 33" Umbrella Photo Kit & Carrying Case	Electronics > Camera & Photo > Lighting & Studio > Lighting > Strobe Lighting > Monolights
1599	TELESIN Gopro Accessories Shockproof Shock-Resistant Protective Portable Lightweight Collection Box Durable Storage Travel Carry Bag Case for Gopro Hero Camera & Gopro Accessories (Small,Blue)	Electronics > Camera & Photo > Bags & Cases > Bag & Case Accessories
1600	Bodyguardz Screen Protectors for iPod touch 4G (Clear)	Electronics > Portable Audio & Video > MP3 & MP4 Player Accessories > Screen Protectors
1601	Franklin eBookman EAC-1 AC Power Adapter	Electronics > Computers & Accessories > Laptop Accessories > Chargers & Adapters
1602	MyVolts 9V Power Supply Adaptor Compatible with/Replacement for Danelectro Black Coffee Effects Pedal - US Plug	Electronics > Power Accessories > AC Adapters
1603	Monoprice Bluetooth Music Receiver - Black (109472)	Electronics > Home Audio > Home Theater > Receivers & Amplifiers > Receivers
1604	MinerDigi Antminer S9 cooler - Bitmain A3,V9,S5,S7,S9,L3+,D3,T9 Noise Suppressor Sound Proofing	Electronics > Home Audio > Home Theater > Receivers & Amplifiers > Amplifiers
1605	SABRENT USB 3.0 TO SATA/IDE 2.5/3.5/5.25-INCH Hard Drive Converter With Power Supply & LED Activity Lights (USB-DSC8)	Electronics > Computers & Accessories > Computer Components > Internal Components
1606	Discs Double Pack #1 for Sega Toys Homestar Planetarium	Camera & Photo
1607	Fielect 20pcs DC-003 5.5 x 2.1mm DC Power Jack Plug 3 Pin Female Audio Video Socket Connector	Electronics > Home Audio > Home Audio Accessories > Connectors & Adapters
1608	CMVision IR56-56 LED Indoor/Outdoor Long Range 100ft IR Illuminator with Free 500mA 12VDC Adapter	Electronics > Security & Surveillance
1609	CMS 16GB (2X8GB) DDR3 10600 1333MHZ Non ECC SODIMM Memory Ram Upgrade Compatible with HP/Compaq® Pavilion Dv6-6C35Dx (A6Y53Ua) AMD Quad-Core A8 - A13	Electronics > Computers & Accessories > Computer Components > Internal Components > Memory
1610	TKSTAR 4G GPS Tracker for Vehicles Hidden 10000mAh Car Tracker with Strong Magnet Real-time Anti-Theft Vehicle Tracking Device for Car/Motorcycle/Truck/Boat/Fleets-4G TK905B	Electronics > GPS, Finders & Accessories > GPS Trackers
1611	Original BC-CSK Battery Charger fits Sony NP-BK1 for camera	Electronics > Camera & Photo > Accessories > Batteries & Chargers > Battery Chargers > Camera
1612	AVMATRIX SC2030 3G-SDI/ HDMI Scaling Cross Converter Input: HDMI×1 or SDI×1, analog audio×1 Output: 3G-SDI×2, HDMI×1	Electronics > Television & Video > Accessories > Video Converters
1613	Westinghouse 1104H0453 (CV318H-A) Main Board for LD-4055	Electronics > Television & Video > Accessories > Television Replacement Parts
1614	CustomDecal US Flip Flop Family (F19) Vinyl Decal Sticker Car/Truck Laptop/Netbook Window	Electronics > Computers & Accessories > Laptop Accessories > Skins & Decals
1615	Neewer Acrylic Reflective Display Boards for Table Top Product Photography, 15.7 x 15.7 inches/40 x 40 Centimeters (Black and White)	Electronics > Camera & Photo > Lighting & Studio > Photo Studio > Shooting Tables
1616	LiNKFOR HDMI Repeater 4K 2160P 3D HDMI 2.0 Repeater HDMI Signal Repeater Extender Booster Adapter Over 60 Meters Support 4Kx2K, 3D, 1080P, Fast & Lossless Transmission	Electronics > Television & Video > Accessories > Cables > HDMI Cables
1617	(2 Pack) Mini SAS 36Pin (SFF-8087) Male to 4 SATA 7Pin Female Cable Compatible CBL-0137L-02 for Adaptec RAID 5405 5805 2405 51245 5164 52445 5405Z 5445 5445Z 5805Z 31205 31605 3405 3805 1405	Electronics > Computers & Accessories > Computer Accessories & Peripherals > Cables & Accessories > Cables & Interconnects > Mini-SAS Cables
1618	GOFLAME Record Player Stand, Turntable Stand with Record Storage, Vinyl Record Storage Cabinet with Metal Hairpin Legs, 5 Open Compartments, Record Player Table for Living Room Bedroom Office	Electronics > Home Audio > Turntables & Accessories > Turntables
1619	Kingston ValueRAM 16GB Kit (2x8GB) 2133MHz DDR4 Non-ECC CL15 SODIMM 1Rx8 Laptop Memory (KVR21S15S8K2/16)	Electronics > Computers & Accessories > Computer Components > Internal Components > Memory
1620	Tesla 2021 Model 3 Y Accessories Dynamic Power USB Hub Type-C Adapter Compatible Charge SD Card Reader Docking Station Center Console Devices	Electronics > Computers & Accessories > Laptop Accessories > Docking Stations
1621	ASUS Newest VivoBook 15.6-inch Touchscreen FHD Laptop PC, 10th Gen Quad-Core Intel I5-1035G1, 8GB DDR4, 256GB PCIe SSD, Fingerprint Reader, Windows 10 Home	Electronics > Computers & Accessories > Computers & Tablets > Laptops > Traditional Laptops
1622	bestkong Walkie Talkie Earpiece for Motorola Radio CP200 CP200D PR400 GP88 GP300 P110 CP040 CT150 PRO1150 EP450 SP10 XTN500 2-Wire Covert Surveillance Acoustic Tube Headset PTT Mic	Electronics > Portable Audio & Video > CB & Two-Way Radios > Accessories > Headsets & Microphones
1623	niceEshop(TM) White KEEP CALM AND LOVE 1D ONE DIRECTION Snap On Hard Back Case Cover for iPhone4 4G 4S +Screen Protector	Electronics > Camera & Photo > Video Surveillance > Surveillance Cameras > Dome Cameras
1624	ALZO Silk Diffusion Fabric White, 2 Yards Long 60 Inches Wide	Electronics > Camera & Photo > Lighting & Studio > Lighting > Lighting Controls & Modifiers > Soft Boxes
1625	AKHFKY 100Pcs White Non-Woven Sanitary Headphone Ear Cover, Disposable Super Stretch Covers Washable, for Most On Ear Headphones with 5~6cm Earpads (S - 6.5cm)	Home Audio & Theater
1626	Dericam 1080P HD WiFi Pan/Tilt IP Camera (2.0 Megapixel) Indoor Wireless Security Camera, Plug & Play, 6X Digital Zoom, Two-Way Talk & Nightvision	Electronics > Camera & Photo > Video Surveillance > Surveillance Cameras > Dome Cameras
1627	Wall Charger Plug and Cable Compatible for iPhone 4/4S,i Pad 2/3,iPod Nano,iPod Touch	Electronics > Portable Audio & Video > MP3 & MP4 Player Accessories > Cases
1628	B + W 52mm #091 Glass Filter - Dark Red #29	Electronics > Camera & Photo > Accessories > Filters & Accessories > Color Correction & Compensation Filters
1629	Gearonic iPad mini Magnetic Smart Cover Microfiber Leather Case Handheld Belt Stylus Holder, Red (AV-5136RPUIB)	Electronics > Computers & Accessories > Tablet Accessories
1630	Delphi SA10069 Home Adapter Kit for XM SKYFi Roady or Roady2	Electronics > Car & Vehicle Electronics > Car Electronics > Car Audio > Satellite Radio
1631	ANNKE 1080P PoE Surveillance System 16 Channel 6.0MP 4K Network Video Recorder and (16) 1920TVL 2.0MP Weatherproof Cameras, 3TB Hard Drive Smart Search Playback, Motion Triggered Email Alert	Electronics > Security & Surveillance > Surveillance Video Equipment > Surveillance DVR Kits
1632	Monoprice 6191 VGA to HDMI Converter	Electronics > Television & Video > Accessories > Video Converters
1633	KAYSCASE BookShell Case Cover for Samsung Galaxy Tab 3 8.0 T3100 (Blue)	Electronics > Computers & Accessories > Tablet Accessories > Bags, Cases & Sleeves > Cases
1634	TPU Keyboard Cover for 13.3" ASUS ZenBook UX303LB UX303LN UX303UA UX303UB UX305FA UX305LA UX306UA UX310UA UX330UA UX330CA UX360CA UX360UA Q302LA Q302UA Q304UA Q324UA / 14" ASUS UX410UA UX430UA	Electronics > Computers & Accessories > Computer Accessories & Peripherals > Keyboards, Mice & Accessories > Keyboard & Mice Accessories > Keyboard Skins
1635	Mavic Air 2S / Air 2 Gimbal Camera Lens Cover, Anti-Glare Camera Protective Cover	Electronics > Camera & Photo > Accessories > Lens Accessories > Lens Hoods
1636	Steadfast Auto 10147 Fixed Mast Antenna 8 Inch Black Compatible with Toyota Sienna	Electronics > Car & Vehicle Electronics > Vehicle Electronics Accessories > Audio & Video Accessories > Antennas
1637	Bedycoon 3 pc Replacement Wall Mounting Bracket Compatible with Bose SlideConnect WB-50 - Black (UFS-20) , Lifestyle 525 535 III ,Lifestyle 600 ,soundtouch 300 soundtouch 520,CineMate 520 Wall Bracket	Electronics > Accessories & Supplies > Mounts > Speaker Mounts
1638	CEARI Professional Silicone Camera Case Rubber Housing Protective Cover for Nikon D7100 D7200 Digital SLR Camera - Black	Electronics > Camera & Photo > Bags & Cases > Camera Cases
1639	Solo New York Classic Collection 17.3-Inch Laptop Tote (CLA850-4)	Electronics > Computers & Accessories > Laptop Accessories > Bags, Cases & Sleeves > Messenger & Shoulder Bags
1640	Finejo 4ch USB DVR Cctv Digital Security Camera Video Recorder	Electronics > Security & Surveillance > Surveillance Video Equipment > Surveillance Video Recorders
1641	Astromania 12.5mm Illuminated Reticle Plossl Telescope Eyepiece - Adjustable Image and Reticle Focus and Adjustable LED Illumination	Electronics > Camera & Photo > Accessories > Telescope & Microscope Accessories > Telescope Accessories > Eyepieces
1642	SAMSUNG QN65Q800TA 65" QLED 8K Quantum Ultra High Definition Smart TV (2020) (Renewed)	Electronics > Television & Video > Televisions > QLED TVs
1643	Dadanism Case for All-New Fire HD 10 Tablet(11th Generation 2021 Release) & Fire HD 10 Plus Tablet, Premium PU Leather Lightweight Slim Smart Stand Cover with Auto Wake/Sleep - Vintage Style	Electronics > Computers & Accessories > Tablet Accessories > Bags, Cases & Sleeves > Cases
1644	Blobfish DIY Protector Stitch Set,Data Cable USB Charger Data Line Earphone Wire Saver Protector Compatible for iPhone 7 8 PlusxiPad iPod iWatch (Blue)	Electronics > Computers & Accessories > Computer Accessories & Peripherals > Cables & Accessories > Cables & Interconnects > USB Cables
1645	Valley Enterprises Radio Antenna for Motorola XTS5000 HT1000 UHF 403-520Mhz 8505241U05	Electronics > Television & Video > Accessories > Antennas > Radio Antennas
1646	B+W 95mm Master Clear MRC Nano 007M Glass Filter	Electronics > Camera & Photo > Accessories > Filters & Accessories > Skylight & UV Filters
1647	Godox X1T-C 2.4G E-TTL Wireless LCD Flash Transmitter for Canon Camera, 1/8000s HSS, 2.4G Wireless Trigger	Electronics > Camera & Photo > Lighting & Studio > Lighting > Remote Triggers
1648	Electro-Voice EVID 4.2T 4" Two-Way Surface-Mount Loudspeaker, 70V/100V Transformer, 65Hz-20kHz Frequency Response, 8Ohm Nominal Impedance, Pair, Black	Electronics > Home Audio > Speakers > Ceiling & In-Wall Speakers
1649	2A AC/DC Home Wall Power Adapter Works with Philips SPF3482/G7 8" Digital Photo Frame	Electronics > Power Accessories > AC Adapters
1650	Wyze Cam Outlet Wall Mount, Caremoo AC Outlet Mount Bracket Holder for Wyze Cam V2 Camera, No More Messy Wires or Wall Damage (3 Pack)	Electronics > Security & Surveillance > Accessories > Surveillance Housing & Mounting Brackets
1651	Samsung U820 Reality Sync & Charge USB Cable	Electronics > Computers & Accessories > Computer Accessories & Peripherals > Cables & Accessories > Cables & Interconnects > USB Cables
1652	15W Power Adapter Tablet Fast Charger with 10Ft USB C Cable for Charging Fire HD10-11th Gen 2021/9th Gen 2019 /Fire HD8-10th Gen 2020/Fire HD7-12th Gen 2022/Fire Kids Edition/Fire Plus/Fire Kids Pro	Electronics > Computers & Accessories > Tablet Accessories > Chargers & Adapters
1653	NBJ In-Ear Headphones iPhone Earphones 3.9mm Wired Earphones Stereo Headphones with Remote and Mic for iPhone/Sony/Sumsung etc	Electronics > Headphones, Earbuds & Accessories > Headphones & Earbuds > Earbud Headphones
1654	MADE Products CA-1134-BLK Camera Armor for Nikon D60 Digital SLR Cameras - Black	Electronics > Camera & Photo > Bags & Cases > Camera Cases
1655	[3-Pack] iPod Touch 6&5 Screen Protector, PThink [Tempered Glass] [9H Hardness] [Anti-Scratch] [Fingerprint Resistant] [Easy-Install] Glass Screen Protector for iPod Touch 5th/6th Generation (3-Pack)	Electronics > Portable Audio & Video > MP3 & MP4 Player Accessories > Screen Protectors
1656	Sposato by Sony CWSSW150 8" In-Wall Subwoofer (Each, White)	Electronics > Home Audio
1657	Outlet Extender with USB,Multi Plug Outlet Extender with 2 USB Wall Charger,Mini Multiple Power Expander for Dorm Essentials, Home, Office	Electronics > Portable Audio & Video > MP3 & MP4 Players
1658	New DC Cable for 756956-FD1 756956-SD1 756956-TD1 756956-YD1 763699-001 755727-001 HP Pavilion 17-F 17-F000 17-F100 17-F200 Series HP X360 310 G1 Series	Electronics > Computers & Accessories > Computer Components > Laptop Replacement Parts
1659	100pcs Heavy Duty Cable Zip Ties 16 inch, Premium Plastic Strong Large Zip Ties, Self-Locking Nylon Tie Wraps for Indoor and Outdoor, White	Electronics > Accessories & Supplies > Cord Management > Cable Ties
1660	Vexilar GPX1212 Inc., FLX-12 Genz Pack with 12 Ice-Ducer	Electronics > Car & Vehicle Electronics > Marine Electronics > Fish Finders & Depth Finders
1661	VideoSecu Swingout Arm Wall Mount for LG 19 to 39 Inch Models LCD Flat Panel Screen TV or Monitor VESA 100X100mm BE8	Electronics > Television & Video > Accessories > TV Mounts, Stands & Turntables > TV Wall & Ceiling Mounts
1662	GA768WJPA Replacement Remote Control Applicable for Sharp Blu-ray DVD Player BD-HP22U BD-HP24U BD-HP24 BD-HP24U(A) 10P01-CH-NG BD-HP210U BD-HP210 Tins-e549wjqz	Electronics > Television & Video > Accessories > Remote Controls
1663	MyVolts 9V Power Supply Adaptor Compatible with/Replacement for Boss VE-20 Effects Pedal - US Plug	Electronics > Power Accessories > AC Adapters
1664	MTX TN12-02 12" 400 Watt Car Audio Bass Subwoofer + Vented Ported Box Enclosure	Electronics > Car & Vehicle Electronics > Car Electronics > Car Audio > Subwoofers > Component Subwoofers
1665	Dell Inspiron 17R 3rd Generation Core i7-3612QM Quad-Core 2.1GHz 8GB 1TB DVD±RW 17.3" WLED Laptop Windows 7 Home Premium w/Webcam	Electronics > Computers & Accessories > Computers & Tablets > Laptops > Traditional Laptops
1666	Hemobllo Ipad Floor Stand Tablet Stand Adjustable Tablet Holder Folding Ipad Holder Fit for iPad iPhone Cellphone Tablet	Electronics > Computers & Accessories > Tablet Accessories > Stands
1667	HP Pavilion DV8330US 17" Entertainment Laptop (Intel Core Duo Processor T2250, 1024 MB RAM, 200 GB Hard Drive, LightScribe Super Multi DVD+/-R/RW Dbl Layer Drive)	Electronics > Computers & Accessories > Computers & Tablets > Laptops > Traditional Laptops
1668	CZQC Lens Cleaner Pen 3PCS Multifunction Retractable Lens Cleaning Pen Brush Dust Cleaner for DSLR VCR DC Camera Lenses Filters Telescope Phone	Electronics > Camera & Photo > Accessories > Cleaning Equipment > Cleaning Kits
1669	The North Face Unisex Borealis Backpack Laptop Daypack RTO	Electronics > Computers & Accessories > Laptop Accessories > Bags, Cases & Sleeves > Backpacks
1670	ARISLL Accessories kit for DJI OSMO Pocket/Pocket 2, Handheld Mount Adapter Tripod Carrying Case Expansion Phone Bracket Screen Protector for Osmo Pocket/Pocket 2	Electronics > Camera & Photo > Accessories > Tripod & Monopod Accessories > Camera Mounts & Clamps
1671	ASUS N751JK-DH71-CA Multimedia Notebook (17.3-inch, i7-4710HQ, 16GB-DDR3, 1TB2 HDD, GTX850M-4G, BD-ROM, Windows 8.1, Gray)	Computers
1672	Enrilior USB Car DVR Camera Driving Recorder 1080P HD for Android 4.4/5.1/6.0/7.1	Electronics > Car & Vehicle Electronics > Car Electronics > Car Video > On-Dash Cameras
1673	Gatuida Phone Screen Wipes, Phone Screen Cleaners Macaron Cellphone Cleaning Wipes Brush Decorative Bag Pendant for Mobile Computer Electronic Devices Phone Screen Cleaner	Electronics > Television & Video > Accessories > Cleaning > Lens Cleaners
1674	HAOMEK 11 Magic Arm,Adjustable Friction Power Articulating Magic Arm with Hot Shoe Mount Adapter	Electronics > Camera & Photo > Accessories > Tripod & Monopod Accessories > Camera Mounts & Clamps
1675	ASUS Dualband AC1750 WiFi Port Gigabit Router RTAC66U Renewed	Electronics > Computers & Accessories > Networking Products > Routers
1676	3G 4G LTE Indoor Outdoor Wide Band MIMO Antenna for Huawei B310 B315 B310s B315s LTE CPE	Electronics > Computers & Accessories > Networking Products > Network Antennas
1677	Security-01 HDMI to VGA + Optical Toslink SPDIF + 3.5mm Stereo Audio Converter Support 1080P	Computers
1678	BUYBITS Compact Quick Fix Music/Mic Stand Tablet Holder for Apple iPad, AIR & Pro 9.7	Electronics > Computers & Accessories > Tablet Accessories > Stands
1679	Fotodiox Pro Octagon Softbox 48" with Speedring, for Profoto Compact lights series D1 250 W/S, D1 500 W/S, D1 Air 1000 W/S, D1 Air 500 W/S, Pro Series Acute B 600 W/S, Pro-B 12000 W/S, Acute 2-D4 Strobe Flash Light, Octbox, Speed Ring, Soft Box	Electronics > Camera & Photo > Lighting & Studio > Lighting > Lighting Controls & Modifiers > Soft Boxes
1680	Power Acoustik REP1-3500D Reaper 1 x 2000 Watt RMS at 1 Ohm Class D Digital Mono Subwoofer Amplifier 3500W Max	Electronics > Car & Vehicle Electronics > Car Electronics > Car Audio > Amplifiers > Mono Amplifiers
1681	Carrying Case For Verizon Motorola Xoom Tablet	Electronics > Computers & Accessories > Tablet Accessories > Bags, Cases & Sleeves > Cases
1682	Buffalo DriveStation 500GB Desktop External Hard Drive with TurboUSB HD-HS500U2 (Black)	Electronics > Computers & Accessories > Data Storage > External Hard Drives
1683	Replacement Remote Applicable for Insignia TV NS-32D220NA20 NS-43D420NA20 NS-55D420NA20 NS-39D310NA19 NS-19D310NA19 NS-24D310NA19 NS-22D510NA19 NS32D220NA20 NS43D420NA20 NS55D420NA20 NS39D310NA19	Electronics > Television & Video > Accessories > Remote Controls
1684	Alpine HCE-C114 Rear View Camera with 132 degree viewing angle	Electronics > Car & Vehicle Electronics > Car Electronics > Car Safety & Security > Vehicle Backup Cameras
1685	MEE audio X8 Secure-Fit Stereo Bluetooth Wireless Sports In-Ear Headphones (Blue)	Electronics > Headphones, Earbuds & Accessories > Headphones & Earbuds > Earbud Headphones
1686	Super Light 1080P 60FPS HD Wide Angle Mobius Mini A Lens Pocket Action Camera H.264 AVC	Electronics > Camera & Photo > Video
1687	Fintie 2-Pack Elastic Bands Compatible with Fitbit Versa 2 / Versa/Versa SE/Versa Lite, Soft Loop Nylon Stretchy Replacement Straps Adjustable Wristband, Black+Leopard	Electronics > Wearable Technology > Arm & Wristband Accessories > Replacement Bands
1688	EWETON 1/3" CMOS 960P AHD CCTV Home Surveillance 3.6mm Lens Wide Angle 36 Led Bullet Security Camera w/IR CUT-100ft Night Vision,Better Than 720P AHD Camera,Only Work for AHD DVR(Aluminum Alloy)	Electronics > Camera & Photo > Video Surveillance > Surveillance Cameras
1689	Skinit Decal Laptop Skin Compatible with Latitude 5490 - Officially Licensed Originally Designed Copper and Black Marble Ink Design	Electronics > Computers & Accessories > Laptop Accessories > Skins & Decals
1690	Feather Feel 16 Inch Large Vintage Handmade Leather Briefcase Messenger Bag for Laptop MacBook Office Business Satchel Bag Inches Brown	Electronics > Computers & Accessories > Laptop Accessories > Bags, Cases & Sleeves > Messenger & Shoulder Bags
1691	WINGONEER 6J9 Vacuum Tube Integrated Amplifier Mini Stereo HiFi Headphones Audio Amplifier DIY	Electronics > Home Audio > Home Theater > Receivers & Amplifiers > Amplifiers
1692	Audiovox Xpress Replacement Receiver	Electronics > Car & Vehicle Electronics > Car Electronics > Car Audio > Satellite Radio
1693	Samsung 22X SpeedPlus Serial ATA Internal DVD Writer - OEM with Software (Black)	Electronics > Computers & Accessories > Computer Components > Internal Components > Internal Optical Drives > Internal CD & DVD Drives
1694	Aobao 4pcs LM2596 DC-DC Adjustable Buck Converter Reduced Voltage Regulator Power Module 4.0-40V Input to 1.25-37V Output with LED Voltmeter Digital Display (Green)	Electronics > Power Accessories > Power Converters
1695	Army Soldier Happy Birthday Photography Background Army Green Camouflage Cake Table Banner Photo Studio Props (7x5FT)	Electronics > Camera & Photo > Lighting & Studio > Photo Studio > Backgrounds
1696	IBM ThinkCentre S50 8183 Desktop PC	Electronics > Computers & Accessories > Computers & Tablets > Desktops > Towers
1697	Belkin AV21100-06 6-Feet PureAV S-Video Cable	Electronics > Television & Video > Accessories > Cables > S-Video Cables
1698	Nicebee New ABS Central Air Condition Vent Frame Cover Trim Ring Bezel Interior Kits for Jeep Renegade 2015-2018 Red	Electronics > Car & Vehicle Electronics > Car Electronics > Car Safety & Security
1699	Olympus C-211 2MP Digital Camera w/ 3x Optical Zoom	Electronics > Camera & Photo > Digital Cameras > Point & Shoot Digital Cameras
1700	USB Conference Microphone, 360° Omnidirectional Condenser Mic, Upgraded PC Computer Laptop Microphones with Mute Plug & Play Compatible with Mac OS X Windows for Video Meeting, Gaming, Chatting, Skype	Electronics > Computers & Accessories > Computer Accessories & Peripherals > Audio & Video Accessories > Computer Microphones
1701	Lenovo IdeaPad 110 Laptop 80UD001RUS, 15.6' Screen, Intel Core I5-6200U 8GB 1TB	Electronics > Computers & Accessories > Computers & Tablets > Laptops > Traditional Laptops
1702	Trax TCB40 Water-Resistant Photo/Video Case (Black) - Fits SLR with Zoom Lens Attached, Camcorder or Digital Camera!	Electronics > Computers & Accessories
1703	Black Full-Motion Tilt/Swivel Corner Friendly Wall Mount Bracket for Samsung PN43F4500/PN43F4500AF 43" inch Plasma HDTV TV/Television - Articulating/Tilting/Swiveling	Electronics > Television & Video > Accessories > TV Mounts, Stands & Turntables > TV Wall & Ceiling Mounts
1704	Chester Creek WVBB Wireless large-key keyboard BL (Certified Refurbished)	Electronics > Computers & Accessories > Computer Accessories & Peripherals > Keyboards, Mice & Accessories > Keyboards
1705	NP-F970 Dummy Battery External Power Supply, for NP-F550 F570 F770 F750 F990 LED Video Light, Atomos Camera Monitor.	Electronics > Camera & Photo > Accessories > Batteries & Chargers > Adapters
1706	CMC2008H 8-Way Splitter	Electronics > Home Audio > Home Audio Accessories > Connectors & Adapters
1707	Amzer 8-Inch Slim Reversible Neoprene Vertical Sleeve with Pocket for Tablet/eBook Reader - Chocolate Brown/Teal Blue (AMZ94876)	Electronics > Computers & Accessories > Tablet Accessories > Bags, Cases & Sleeves > Sleeves
1708	Huawei E5573 Unlocked 150 Mbps 4G LTE & 50 Mpbs 3G Mobile WiFi (4G LTE in USA AT&T Venezuela Digitel Europe, Asia, Middle East, Africa and partial LATAM)	Electronics > Computers & Accessories > Networking Products > Routers
1709	KICKER KSC6704 KSC670 6.75" Coax Speakers with .75" tweeters 4-Ohm (Pair)	Electronics > Car & Vehicle Electronics > Car Electronics > Car Audio > Speakers > Coaxial Speakers
1710	NEC MultiSync 70GX2 17" LCD Monitor	Electronics > Computers & Accessories > Monitors
1711	Anti Slip Soft Silicone Sofa Case Cover for iPad 2 Yellow	Electronics > Computers & Accessories > Tablet Accessories
1712	Opticron Waterproof 8x30 Monocular	Electronics > Camera & Photo > Binoculars & Scopes > Monoculars
1713	Broadcom Video/Audio Hardware Decoder BCM970012 Crystal HD PCI Express mini card Hardware Decoder for Apple TV 1080p	Electronics > Computers & Accessories > Computer Components > Internal Components
1714	COMLIFE Portable Neck Fan,Battery Operated Quiet Hands Free USB Fan with 4 Speeds, Strong Wind, 360° Adjustable High Flexibility Wearable Personal Fan for Home Office Outdoor Travel(Matte Black)	Electronics > Computers & Accessories > Computer Accessories & Peripherals > USB Gadgets > USB Fans
1715	Xtenzi External GPS Antenna, Compatible with Active Clarion	Electronics > Car & Vehicle Electronics > Vehicle Electronics Accessories > Audio & Video Accessories > Antennas
1716	30 Pieces Webcam Cover Webcam Privacy Cover Webcam Lens Cover Protective with Strong Adhesive Layer for Pro Webcam C920 and C930e and C922X, Black	Electronics > Computers & Accessories > Laptop Accessories > Camera Privacy Covers
1717	BXQINLENX Aluminum Water Cooling Block for CPU Graphics Radiator Heatsink 81x 81X11mm Blue	Electronics > Computers & Accessories > Computer Components > Internal Components > Fans & Cooling > Heatsinks
1718	MightySkins Skin Compatible with Amazon Fire TV Stick 4K - Solid Orange | Protective, Durable, and Unique Vinyl Decal wrap Cover | Easy to Apply, Remove, and Change Styles | Made in The USA	Electronics > Computers & Accessories > Laptop Accessories > Skins & Decals
1719	A-Power AGS 400W 20+4-pin ATX PSU w/SATA	Electronics > Computers & Accessories > Computer Components > Internal Components > Internal Power Supplies
1720	Aurum Cables Male to Male 3.5mm Universal 24K Gold Plated Auxiliary Audio Stereo Cable with 3 6.35mm Male to 3.5mm Female Stereo Adapter - Blue, Red and Green - 3 Pack - 6 Feet	All Electronics
1721	Quiksilver Four G Case Phone Accessories - Smoke / One Size	Electronics > Headphones, Earbuds & Accessories > Headphones & Earbuds > Earbud Headphones
1722	Solo MacDougal Rolling Laptop Bag, Black	Electronics > Computers & Accessories > Laptop Accessories > Bags, Cases & Sleeves > Briefcases
1723	Female Connector, 3Pcs 2 x 20 Pins 2.54mm Pitch Female Dual Row Right Angle Pin Headers for Raspberry Pi Used in The Computer and Breadboard	Electronics > Home Audio > Home Audio Accessories > Connectors & Adapters
1724	50Pcs Family Love Heart Waterproof Vinyl Stickers for Phone Bottle Laptop MacBook DIY Decoration Teens Card NotebookTrendy Gift Kids Family	Electronics > Computers & Accessories > Laptop Accessories > Skins & Decals > Decals
1725	Vello EW-65B Dedicated Lens Hood	Electronics > Camera & Photo > Accessories > Lens Accessories > Lens Hoods
1726	Lowrance HDS-7 Gen3 Fishfinder w/ Insight Usa - No Transducer	Electronics > Car & Vehicle Electronics > Marine Electronics > Fish Finders & Depth Finders
1727	Cute Animal Red Panda Stickers for Kids, Teens- 50PCS Premium Waterproof Vinyl Kawaii Aesthetic Stickers for Water Bottles, Skateboards, Laptops, Phone Cases, Guitars, Helmets, Bikes, and More, Cartoon Decal Pack (Red Panda)	Electronics > Computers & Accessories > Laptop Accessories > Skins & Decals > Decals
1728	Pelican 0915 SD Memory Card Case (Black)	Electronics > Computers & Accessories > Computer Accessories & Peripherals > Memory Card Accessories > Memory Card Cases
1729	Coby TFDVD7752 7-Inch Portable DVD Player	Electronics > Portable Audio & Video > Portable DVD Players
1730	Fomito Godox PB NX PB960 PB820 Lithium Battery Pack Power Cable for Nikon SB28 Euro SB28DX SB80DX SB800 SB900 Flash Speedlite	Electronics > Camera & Photo > Accessories > Flash Accessories > Sync & PC Cords
1731	VizGiz 2 Pack US to Europe Plug Converter Travel Charger Adapter Wall Outlet EU European Connector Duck Head for MacBook Mac Pro MBA Retina MagSafe Apple Phone Pad Tablet Mini Air Power Brick	Electronics > Computers & Accessories > Laptop Accessories > Chargers & Adapters
1732	AIMS Power 5000 W 220V AC 50 Hz Inverter - European/African Power	Electronics > Car & Vehicle Electronics > Vehicle Electronics Accessories > Audio & Video Accessories
1733	Power Supply Board RSAG7.820.8349/ROH, E166702, HLL-4465WH for Sharp LC-55Q7530U	Electronics > Television & Video > Accessories > Television Replacement Parts
1734	STM Jacket D7 Padded Case for iPad mini, Nook, Fire, Galaxy and 7-inch Devices (DP-2138-1), Black/Green	Electronics > Computers & Accessories > Tablet Accessories > Bags, Cases & Sleeves > Cases
1735	BI03XL Laptop Battery Compatible with HP Pavilion X360 13-U M3-U 13-u000 M3-U001DX M3-U103DX 13-U100TU 13-U118TU Stream 14-AX 14-ax010wm 14-ax010nr ON03XL 0N03XL 844203-855	Electronics > Computers & Accessories > Laptop Accessories > Batteries
1736	MidNite Solar MNSPD-300-AC Surge Protection Device 250VAC/300VDC	Electronics > Accessories & Supplies > Power Strips & Surge Protectors > Surge Protectors
1737	MyCableMart 3ft 90 Degree High Speed HDMI Cable 4K@60Hz/18Gbps 28AWG Gold Plated	Electronics > Television & Video > Accessories > Cables > HDMI Cables
1738	HP E22 G4 21.5" Full HD LED LCD Monitor - 16:9 - Black, Silver	Electronics > Computers & Accessories > Monitors
1739	NEOUZA 2PK Black on White Label Tape Compatible for DYMO D1 45013 S0720530 1/2" x 23' (12mm x 7m)	Electronics > Accessories & Supplies > Office Electronics Accessories > Labeling Tapes
1740	Opteka 420-1600mm f/8.3 HD Telephoto Zoom Lens Bundle Package includes 2X Teleconverter + 70" Tripod Photo/Video Tripod + UV Ultra Violet Filter + Tulip Hood + Air Dust Blower + Cap Keeper + Lens Pen + Cleaning Kit for Nikon DF, D2X, D2Xs, D3, D3s, D3x, D4, D4s, D40, D40x, D60, D80, D90, D300, D700, D300s, D600, D610, D750, D800, D800e, D810, D3000, D3100, D3200, D3300, D5000, D5100, D5200, D5300, D7000, D7100 DSLR SLR Digital Camera	Electronics > Camera & Photo > Accessories > Digital Camera Accessories > Accessory Kits
1741	Canon EW-73B Lens Hood For 17-85mm f/4-5.6 IS EF-S and 18-135mm f/3.5-5.6 IS Lenses	Electronics > Camera & Photo > Accessories > Lens Accessories > Lens Hoods
1742	Royal Green Keyboard-ENG-Sticker-PNK Glowing Fluorescent Keyboards Stickers for PC, Large Lettering Work Easily and Type Faster in Dimly Lit Spaces See Keyboard Clearly Day/Night English, Neon Pink	Electronics > Computers & Accessories > Computer Accessories & Peripherals > Keyboards, Mice & Accessories > Keyboard & Mice Accessories > Keyboard Skins
1743	LCDOLED Replacement for ASUS Q526 Q526F Q526FA Q526FA-BI7T10 Q526FA-BI7T13 15.6 inches FullHD 1920x1080 IPS LCD LED Display Touch Screen Digitizer Glass Assembly (No Bezel)	Electronics > Computers & Accessories > Laptop Accessories > Replacement Screens
1744	Huishang Bands for Fitbit Versa, Rugged Anti-Impact Sports Wristband with Housing Frame Protective Case Replacement Band Accessories for Fitbit Versa Smart Watch	Electronics > Wearable Technology > Arm & Wristband Accessories
1745	Aixialin LCD Writing Tablet 10 Inch, Colorful Screen Toddler Doodle Board Erasable Drawing Pad for Age 3 4 5 6 7 Year Old and Up Kids, Gifts for Boys and Girls, Educational and Learning Toys (Blue)	Electronics > Computers & Accessories > Computer Accessories & Peripherals > Input Devices > Graphics Tablets
1746	360° HDTV Omnidirectional Antenna	Home Audio & Theater
1747	Polaroid PDC-640 0.3MP Digital Camera Creative Kit	Electronics > Camera & Photo > Digital Cameras
1748	DC-Series 0.75x Wide Angle Conversion Lens	Electronics > Camera & Photo > Lenses > Camera Lenses > SLR Camera Lenses
1749	Acme Made The Bay Street Sleeve for 11-Inch Ultrabook and MacBook, Cypress Green (AM36555-PWW)	Electronics > Computers & Accessories > Laptop Accessories > Bags, Cases & Sleeves > Sleeves
1750	TNP iPad 1 Case (Flower Pattern Black) - Slim Fit Synthetic Leather Folio Case Flip Cover Stand with Stylus Holder for Apple iPad 1 1st Generation	Electronics > Computers & Accessories > Tablet Accessories > Bags, Cases & Sleeves > Cases
1751	Xucage Silicone Case Compatible with New Apple Airtags 2021, [2-Pack] Anti-Scratch Lightweight Soft Protective Skin Cover Accessories (#4)	Electronics > Headphones, Earbuds & Accessories > Cases
1752	12V DC Mini Water Pump for Desktop Computer,300L/H High Voltage PC Cpu Water Cooling Pump,Mini Heat Dissipation Water Pump 1800 r/m High Speed Cooling System	Electronics > Computers & Accessories > Computer Components > Internal Components > Fans & Cooling > Water Cooling Systems
1753	car Adapter Charger Works with Omron NE-C801 CompAir Elite Compressor Nebulizer	Electronics > Power Accessories > AC Adapters
1754	Halter Monitor Stand Riser and Computer Desk Organizer with Storage Drawer & Cable Management for Printer, Laptop, Desk Shelf and Keyboard Holder, Black	Electronics > Computers & Accessories > Computer Accessories & Peripherals > Monitor Accessories > Monitor Stands
1755	Seagate Expansion Plus 3TB External Desktop Hard Drive (STCP3000100)	Computers
1756	SilverStone Technology SST-MVA02 Dual NUC/Monitor Arm Extension Bracket with VESA Mount Specification	Electronics > Computers & Accessories > Computer Accessories & Peripherals > Monitor Accessories > Monitor Arms
1757	ZTGD USB Hub, Docking Station 4-in-1 High Speed Multi-Function USB2.0 Hub Converter Adapter Power Charger for Laptop	Electronics > Computers & Accessories > Networking Products > Hubs
1758	BENTOBEN iPad Pro 11 Case 2020 & 2018 with Pencil Holder, (Support Pencil Charging) Glitter Sparkly Folio Stand Cover Auto Wake/Sleep Luxury Smart Case for iPad Pro 11 2nd Generation 2020, Purple	Electronics > Computers & Accessories > Tablet Accessories > Bags, Cases & Sleeves > Cases
1759	Element ELEFW328 32-Inch 720p 60hz LED TV (Refurbished)	Electronics > Television & Video > Televisions > LED & LCD TVs
1760	Socket 775 Copper Core/Aluminum Heat Sink & 3.5" Sleeve Bearing Fan w/4-Pin Connector up to Core 2 Quad 2.66GHz	Electronics > Computers & Accessories > Computer Components > Internal Components > Fans & Cooling > CPU Cooling Fans
1761	PUSOKEI 8 Inch Laptop Tablet 1920x1200 IPS Display 64GB Android 10.0 Computer Tablet, Bluetooth 4.2/2.4G 5G WiFi/ MT6592 Octa Core/Double HD Camera/ 128G TF Card/ 8inch Learning Tablet PC(Green)	Electronics > Computers & Accessories > Computers & Tablets > Tablets
1762	HAVII 9ft x 8ft White Sheer Backdrop Window Curtain Panel Vintage Lace Fabric Voile Arch Drapes for Wedding Baby Shower Birthday Party Photography Decoration	Electronics > Camera & Photo > Lighting & Studio > Photo Studio > Backgrounds
1763	Russound X125 2-Channel Dual Source Amplifier	Electronics > Home Audio > Home Theater > Receivers & Amplifiers > Amplifiers
1764	XCEL 35-Pack 1/2" Thick Rubber Speaker, Stereo Laptop & Monitor, Furniture Feet Pads Isolation Feet	Electronics > Home Audio > Home Audio Accessories > Speaker Accessories > Spikes
1765	Sedna - PCI Express 4 Port USB 3.0 [ 2 External + 2 Port Internal (20 pin) ] + 1 Port PeSATA Adapter - (NEC/Renesas uPD720201) chipset	Electronics > Computers & Accessories > Computer Components > Internal Components > I/O Port Cards > USB Port Cards
1766	Samsung TXR3265 32" Dynaflat HD-Ready TV	Electronics > Television & Video > Televisions
1767	Magnetic Smart Cover Stand Ultra Slim Back Case For iPad 4 4th 3/2 Pink	Electronics > Computers & Accessories > Tablet Accessories > Bags, Cases & Sleeves > Cases
1768	Williamcr 5 Pcs U Shape Silicone Rubber Locking Plug for GoPro 11/10/9/8/7/6/5 Black,Session 5/4 Action Cameras	Electronics > Camera & Photo > Accessories > Tripod & Monopod Accessories
1769	for Honda CRV 2007 2008 2009 2010 2011 Radio Android Car Stereo, 8 Inch IPS Touch Screen Double Din GPS Car Stereo Bluetooth WiFi Mirror Link(iOS/Android)+Backup Camera	Electronics > Car & Vehicle Electronics > Car Electronics > Car Video > In-Dash Navigation
1770	MaxLLTo DVI-D Digital Dual Link DVI-D Male 24+1 pin to Female 15 pin VGA Converter Adapter	Electronics > Computers & Accessories > Computer Accessories & Peripherals > Computer Cable Adapters > USB-to-VGA Adapters
1771	DISH Network Dish1000.4 Western Arc Satellite LNB	Electronics > Television & Video > Accessories > Satellite Equipment
1772	(4) 200 Foot Security Camera Cable for Samsung SDH-C75100, SDH-C75080, SDH-C74040	Electronics > Security & Surveillance > Accessories > Surveillance Camera Cables
1773	Samsung Memory Bundle with 256GB (8 x 32GB) DDR4 PC4-21300 2666MHz RDIMM (8 x M393A4K40CB2-CTD) Registered Server Memory	Electronics > Computers & Accessories > Computer Components > Internal Components > Memory
1774	iPad Air 2 Case, iPad Pro 9.7 2016 Case, Yoomer Three Layer Silicone+Hard PC Bumper Armor Defender Heavy Duty Shockproof Rugged Hybrid Protective with Kickstand Case for iPad Air 2/ iPad Pro 9.7 2016	Electronics > Computers & Accessories > Tablet Accessories > Bags, Cases & Sleeves > Cases
1775	Jaustee Faith Can Move Mountains AirPods Case Protective Cover,Matching Airpods Anti-Lost Hook,Black Skin Charging Case Cover for Apple AirPods 2 and 1 (Black)	Electronics > Headphones, Earbuds & Accessories > Cases
1776	2020 Acer Chromebook 14 Inch Non-Touch FHD 1080P Laptop, Intel Celeron N3160 up to 2.24 GHz, 4GB LPDDR3 RAM, 32GB eMMC, WiFi, Bluetooth, Webcam, Blue, Chrome OS + NexiGo Wireless Mouse Bundle	Electronics > Computers & Accessories > Computers & Tablets
1777	Trail Camera Card Reader (Android) devices	Electronics > Computers & Accessories > Computer Accessories & Peripherals > Memory Card Accessories > Memory Card Readers
1778	Zeiss Victory SF 32 Birdwatching Binoculars, 8x32 (523224-0000-000), Black	Electronics > Camera & Photo > Binoculars & Scopes > Binoculars
1779	ABBREE 12-36V Input 8.4V Output 2.5mm Connector Gun-Shape Truck Car Charger Cable for Baofeng UV-5R BF-F8HP Series Extended High Capacity Battery BL-5L 3800mAh Battery Charger Cable	Electronics > Portable Audio & Video > CB & Two-Way Radios > Accessories > Battery Chargers
1780	Motorized Electric Projector Projection Screen, Ltra HD Matte 3D, Wall/Ceiling Mounted,with Remote Control,for Home Theater Movies, Classroom Training, Public Display (White)	Electronics > Television & Video > Accessories > Projector Accessories > Projection Screens
1781	Kastar Battery Charger with Car Adapter Compatible with Fuji NP-120, NP-60, Casio NP-30, Kodak Klic 5000, Olympus LI-20B, Samsung S1037, Samsung S1137	Electronics > Camera & Photo > Accessories > Batteries & Chargers > Battery Chargers > Camera
1782	CAMVATE Full Monitor Cage for Desview R7II 7" On-Camera Field Touch Screen - 3238	Electronics > Camera & Photo > Lighting & Studio > Video Studio > Video Monitors
1783	Swann Digital Guardian 4 Channel Digital Video Recorder	Electronics > Camera & Photo > Video Surveillance > Surveillance Cameras
1784	GoPro HERO3+ Dive Filter for Standard Housing (Magenta) (GoPro Official Accessory)	Electronics > Camera & Photo > Underwater Photography > Housings
1785	HQRP 3-Pack Battery Compatible with Uniden BT-1004 / BT1004 BT-909 BT909 TRU5885 TRU5885-2 TRU8065 TRU8860 TRU8865 TRU8865-2 TRU9460 TRU9465 TRU9466 TRU9480 TRU9485 DCT746M DCT748 Cordless Phone	Electronics > Accessories & Supplies > Telephone Accessories > Batteries
1786	Micro OTG USB to USB Adapter - Micro USB Male OTG to USB Female Adapter - USB On The Go Adapter for Android OTG Compatible Devices	Electronics > Home Audio > Home Audio Accessories > Connectors & Adapters
1787	Coolmax 700W Dual-Fan Power Supply CTI-700B	Electronics > Computers & Accessories > Computer Components > Internal Components > Internal Power Supplies
1788	comoxi Maker Stand Shape, White	Electronics > Camera & Photo > Lighting & Studio > Photo Studio > Storage & Presentation Materials
1789	Belkin Kaiser Napa Leather Flip Case for iPod 5G, 5.5G (Black and Red)	Electronics > Portable Audio & Video > MP3 & MP4 Player Accessories > Cases
1790	Areyourshop 1PC DC 18V 0.18A Cooling Fan 12025S 120×25mm for Induction Cooker Brushless	Electronics > Computers & Accessories > Computer Components > Internal Components > Fans & Cooling > Case Fans
1791	MPD Digital LMR400UF-nm-nm-40ft Times Microwave Ultra Flex LMR-400 UF Ultra Low Loss Coaxial Cable N-Male Connectors	Electronics > Television & Video > Accessories > Cables > Coaxial Cables
1792	DX-RC02A-12 Replace Remote Control DXRC02A12 fit for Dynex 32" 40" LCD LED TV DX-46L260A12 DX-40L130A11 DX-32L220A12 DX-42E250A12 DX-55L150A11 DX-26L100A13 DX-22L150A11 DX-19L200A12 DX-24L200A12	Electronics > Television & Video > Accessories > Remote Controls
1793	APC UPS, 1500VA Sine Wave UPS Battery Backup & Surge Protector, BR1500MS2, (2) USB Charger Ports & UPS, 600VA UPS Battery Backup & Surge Protector, BE600M1 Backup Battery Power Supply, USB Charger	Electronics > Computers & Accessories > Computer Accessories & Peripherals > Uninterruptible Power Supply (UPS)
1794	Replacement Keyboard for Lenovo ideapad 330S-15 330S-15ARR 330S-15AST 330S-15IKB 330S-15ISK S340-15IWL, ideapad 3-15ADA05 ideapad 3-15ARE05 ideapad 3-15IGL05 Series Laptop Without Backlit US Layout	Electronics > Computers & Accessories > Computer Components > Laptop Replacement Parts
1795	Excelity 2 Ports USB 3.0 Front Panel Floppy Disk Bay 20 Pin Hub Bracket	Electronics > Computers & Accessories > Networking Products > Hubs
1796	Alpine CDA105 / CDA-105 / CDA-105 CD Receiver MP3/WMA Player	Electronics > Car & Vehicle Electronics > Car Electronics > Car Audio > Car Stereo Receivers
1797	AC Doctor INC 5200mAh Laptop Battery 367759-001 HSTNN-IB09 PF723A PM579A for HP Pavilion DV1000 DV1200 DV1400 DV4000 DV5000 ZE2000 Series 6 Cell New	Electronics > Computers & Accessories > Laptop Accessories > Batteries
1798	Diamond Antenna Original X700HNA Dualband Base/Repeater Antenna	Electronics > Portable Audio & Video > CB & Two-Way Radios > CB Radios & Scanners > Fixed-mount CB Radios
1799	Cisco CISCO2621 2621 Dual 10/100 Fast Ethernet Modular Router	Electronics > Computers & Accessories > Networking Products > Routers
1800	iFrogz Luxe Lean Case for iPod touch 5G (Black)	Electronics > Portable Audio & Video > MP3 & MP4 Player Accessories > Cases
1801	Fitbit Alta HR Charger, 2-Pack 3.3ft/100cm Replacement USB Charger Charging Cable for Fitbit Alta by MC MIRACASE ALWAYS CARE ABOUT YOU	Electronics > Wearable Technology > Arm & Wristband Accessories
1802	Haoge 58mm Screw Knob Clamp Adapter Mount for Quick Release QR Plate Camera Tripod Ballhead Monopod Ball Head Fit Arca Swiss	Electronics > Camera & Photo > Accessories > Tripod & Monopod Accessories > Camera Mounts & Clamps
1803	NetMaiXin Coiled USB C Cable,Mechanical Coiled Keyboard Cable,Hand Made Custom Coiled Cable with Aviator Cable Connector, Fits Type-c, Micro USB, and USB-Mini for Mechanical Keyboards	Electronics > Computers & Accessories > Computer Accessories & Peripherals > Cables & Accessories > Cables & Interconnects > USB Cables
1804	Sony SRF-M73 Sports Walkman AM/FM Stereo with Mega Bass	Electronics > Portable Audio & Video > Radios > Personal Radios
1805	Explore One Gemini 70Mm Refractor Telescope	Electronics > Camera & Photo > Binoculars & Scopes > Telescopes > Reflectors
1806	Transcend JetFlash T5 8 GB USB 2.0 Flash Drive TS8GJFT5R (Red)	Electronics > Computers & Accessories > Data Storage > USB Flash Drives
1807	XINGYHENG 20PCS(10Pairs) 9 Pin Male to Male Female to Female RS-232 Plate Insert Type Connectors Serial to Terminal Cable Gender Adapter Assortment Kit	Electronics > Home Audio > Home Audio Accessories > Connectors & Adapters
1808	Case Logic TBC-304 Compact Camcorder/High Zoom Camera Case (Black)	Electronics > Camera & Photo > Bags & Cases > Camera Cases
1809	Canon WD-H43 0.7x Wide Angle Converter for HV Camcorders	Electronics > Television & Video > Accessories
1810	Tribeca FVA3698 Varsity Jacket (Silicone) iPodTouch - 4th Generation - Atlanta Falcons - Crimson	Electronics > Portable Audio & Video > MP3 & MP4 Player Accessories > Cases
1811	uxcell 50Pairs 18650 Battery Negative to Positive Conversion Spring Contact Nickeling Plate 18.5mmx16mm	Electronics > Household Batteries, Chargers & Accessories > Battery Chargers
1812	Replacement Keyboard Keys + Frame + Tool for Acer Aspire 5250 5251 5253 5336 5551 5552 5560 5733 5733z 5736Z 5738Z 5740 5741 5742 5750 5750G 5810 7741 7551 Series US Layout Laptop Repair Part	Electronics > Computers & Accessories > Computer Components > Laptop Replacement Parts
1813	eMachines T1600 Desktop Computer (AMD Athlon XP 1600MHz processor, 256MB RAM, 40 GB Hard Drive)	Electronics > Computers & Accessories > Computers & Tablets > Desktops > Towers
1814	NCAA Iowa Hawkeyes Deluxe Nylon Laptop Sleeve for 13-Inch to 14-Inch Laptop or MacBook	Electronics > Computers & Accessories > Laptop Accessories > Bags, Cases & Sleeves > Sleeves
1815	RC-406 Replace Remote Control Compatible with Kenwood Audio KCA-RC406 KDC-MP258U KDC-X398 KDC-X498 KDC-X598 KDC-X798 KDC-X502 KDC-BT572U DPX793BH DPX593BT DPX540BT DPX303MBT DPX503BT DPX523BT	Electronics > Television & Video > Accessories > Remote Controls
1816	Milanix 17.4" Portable DVD Player with 15.4" Large Swivel Angle Adjustable Display Screen, CD Player, USB/SD Card Memory Readers, and Built-in Rechargeable Battery with Remote Control	Electronics > Portable Audio & Video > Portable DVD Players
1817	Skytech Prism II Gaming PC Desktop – Intel Core i5 12600K 3.7 GHz, RTX 3070 Ti, 1TB NVME SSD, 32G DDR5 RGB, 750W Gold PSU, 360mm AIO, AC Wi-Fi, Windows 11 Home 64-bit	Electronics > Computers & Accessories > Computers & Tablets > Desktops > Towers
1818	65W AC Adapter Laptop Charger for HP Pavilion G4 G6 G7 M6 DM4 DV4 DV5 DV6 DV7 G60 G61 G72, 2000-2B19WM 2000-2D19WM 2000-2D49WM 2000-2D24DX 2000-329WM 2000-2A20NR 584037-001 608425-002 677774-004	Electronics > Computers & Accessories > Laptop Accessories > Chargers & Adapters
1819	Tronfy Mini Multimedia Maximum 100" Screen Portatable LED LCD Pocket HD Projector Home Theater Night Movie Video Game Support wii PS3 PS4 XBOX PC Latop with HDMI(MHL) SD Interface Power Bank Supported	Electronics > Video Projectors
1820	TWS Headphones Wireless Compatible with Amazon Fire HD 10 (2019) Tablet, Earbuds Earphones True Wireless Stereo Headset Hands-Free Mic Charging Case for Fire HD 10 (2019 Model ONLY)	Electronics > Headphones, Earbuds & Accessories > Headphones & Earbuds > Earbud Headphones
1821	CERRXIAN 4.92FT 18AWG Left Angle 3 Prong Computer Power Cord, NEMA 5-15P to 90 Degree IEC 320 C13 Monitor TV Replacement Power Supply Cable, 10A/125V, for Computer, Scanners, Printers(L Black)	Electronics > Home Audio > Home Audio Accessories > Cables > Power Cords
1822	Olympus 261001-14-54 14-54mm f/2.8-3.5 Zuiko ED Digital SLR Lens for E1, E300 and E500 Cameras	Electronics > Camera & Photo > Lenses > Camera Lenses > SLR Camera Lenses
1823	Arsh Nautical Kelvin & Hughes London 1917 Brass Opera Glasses Pocket Folding Binocular D	Electronics > Camera & Photo > Binoculars & Scopes > Binoculars
1824	Conshine 3.5mm 3 Pole Female Repair Headphone Jack Audio Stereo Plug Soldering	Electronics > Headphones, Earbuds & Accessories > Adapters
1825	Lenovo ThinkPad 9 Cell Lithium Ion Battery 44++ ( Manufacturers P/N; 0A36307 ) 94Wh Extended Life System Battery For X220 And X230 Laptops Only	Electronics > Computers & Accessories > Laptop Accessories > Batteries
1826	Industrial Wall Phone with Dialpad & Wallplate - RED by HQTelecom	All Electronics
1827	Laptop Stand Adjustable,Ergonomic Computer Stand,MacBook Holder for Desk,Notebook Support Elevated Tall Riser,Laptops Holder High Portable Office Compatible for Laptops 10-15.6 inch Silver	Electronics > Computers & Accessories > Laptop Accessories > Stands
1828	Reiko 3-In-1 Wallet Case for BLU Studio 5.0 D530 with Navy Interior Leather-Like Material and Polymer Cover - Non-Retail Packaging - Green	Electronics > Computers & Accessories > Tablet Accessories > Bags, Cases & Sleeves > Cases
1829	eMachines ET1352-53 Desktop - Black (Discontinued by Manufacturer)	Electronics > Computers & Accessories > Computers & Tablets > Desktops > Towers
1830	Mivizu Shell 7-Inch Sleeve Case for Google Nexus 7 - Black	Electronics > Computers & Accessories > Tablet Accessories > Bags, Cases & Sleeves > Sleeves
1831	Unisex Baby Boy Girl Photo Shoot Outfits Crochet Knit Crown Headdress For Boy Girl Baby Photography Props	Electronics > Camera & Photo > Lighting & Studio > Photo Studio > Posing Props
1832	Speck SeeThru for 17-Inch MacBook Pro Unibody - Clear (MB17AU-SEE-CLR-D)	Electronics > Computers & Accessories > Laptop Accessories > Bags, Cases & Sleeves
1833	3M NVAsusEeePadTab Natural View Screen Protector for ASUS EEEPad Transformer - 1 Pack - Retail Packaging - Transparent	Electronics > eBook Readers & Accessories > Covers
1834	Orion 5528 T-Thread Spacer Ring Kit	Electronics > Camera & Photo > Accessories > Telescope & Microscope Accessories > Telescope Accessories > Eyepieces
1835	Portable DVD bag/cleaning kit	All Electronics
1836	Rosco Lens Tissue 4"x6" 100 Sheet Booklet	Electronics > Camera & Photo > Accessories > Cleaning Equipment > Cleaning Kits
1837	Denon PMA-1700NE (2022 Model) Integrated Amplifier (140W x 2), Built-in USB-DAC & Phono Equalizer, Analog Mode, Ultra-High Current Power Circuit, Advanced AL32 Processing Plus, Hi-Res Audio, Black	Electronics > Home Audio > Home Theater > Receivers & Amplifiers > Amplifiers
1838	Ultralast - Ultra-Clear Hearing Aid Battery Retail Pack - Size 312	GPS & Navigation
1839	HID Omnikey 5321 Cli v2 Desktop Contactlesss Smart Card Reader - R53210039-1	Electronics > Computers & Accessories > Computer Accessories & Peripherals > Memory Card Accessories > Memory Card Readers
1840	Targus Custom Fit Case for iPad Air, iPad Air2 and 9.7-inch iPad Pro, Black (THZ648US)	Electronics > Computers & Accessories > Tablet Accessories > Bags, Cases & Sleeves > Cases
1841	2-in-1 Wired / Wireless Earbuds — FUZE	Electronics > Headphones, Earbuds & Accessories > Headphones & Earbuds > Earbud Headphones
1842	Gear Head 2.4 GHz Wireless Optical Nano Mouse, Purple/Black (MP2425PUR)	Electronics > Computers & Accessories > Computer Accessories & Peripherals > Keyboards, Mice & Accessories
1843	Toshiba 5TB Canvio for Desktop 7200 RPM External Hard Drive, USB 3.0 - HDWC350XK3JA	Electronics > Computers & Accessories > Data Storage > External Hard Drives
1844	Sager NP6877EQ 17.3-Inch Thin Bezel FHD 144Hz Gaming Laptop, Intel i7-10750H, GTX 1650Ti 4GB, 32GB RAM, 1TB NVMe SSD, Windows 10	Electronics > Computers & Accessories > Computers & Tablets > Laptops > Traditional Laptops
1845	ZTHMOE 120x96inch Family Reunion Welcome Backdrop Family Tree Members Photography Background Gathering Banner Gold and Green Party Decorations Photo Booth Props	Electronics > Camera & Photo > Lighting & Studio > Photo Studio > Backgrounds
1846	Dell Inspiron 15 3511 15.6 Inch Laptop, Full HD LED Non-Touch WVA Display - Intel Core i3-1115G4, 8GB DDR4 RAM, 256GB SSD, UHD Graphics, Windows 11 Home - Carbon Black	Electronics > Computers & Accessories > Computers & Tablets > Laptops > Traditional Laptops
1847	QGHXO Band for Fitbit Inspire 2, Soft Silicone Adjustable Replacement Sport Strap Band Only for Fitbit Inspire 2 Fitness Tracker, Small, Large	Electronics > Wearable Technology
1848	Arkon GPS Adhesive Motorcycle Mount with Water Resistant Holder for 4.3 inch Screen Size GPS	Electronics > Television & Video > Accessories > TV Mounts, Stands & Turntables > TV Wall & Ceiling Mounts
1849	AirPods Strap & AirPods Case Piozoon Air Pods Sports Silicone Strap Wire Rope Connector & Case Shock Proof Protective Cover for iPhone 7 Apple Airpods (Luminous White+General Black strap & White Case)	Electronics > Headphones, Earbuds & Accessories > Headphones & Earbuds
1850	Sony XBR-55X950G 55"-Class BRAVIA 4K HDR Ultra HD Smart TV + Wireless Keyboard + Wall Mount Bundle	Electronics > Television & Video > Televisions > LED & LCD TVs
1851	Speck Products FitFolio Case in Vegan Leather for iPad 2 (SPK-A0510)	Electronics > Computers & Accessories > Tablet Accessories > Bags, Cases & Sleeves > Cases
1852	Zink Colorful & Decorative Sticker Sets for Instant Photo Projects - 9 Unique Sets (Wedding, Travel, Party, ABC, Love, Graduation, Baby) Compatible with Kodak, Lifeprint, Polaroid, HP, Canon, Fujifilm	Electronics > Camera & Photo > Film Photography > Film
1853	Lexar 8GB DDR4 2666 U-DIMM Desktop Memory (LD4AU008G-R2666U)	Electronics > Computers & Accessories > Computer Components > Internal Components > Memory
1854	104-Key PS/2 Large Print Multimedia Keyboard (Black/Silver)	Electronics > Computers & Accessories > Computer Accessories & Peripherals > Keyboards, Mice & Accessories > Keyboards
1855	WIKICO 4K Video Camera Camcorder 56MP Vlogging Camera for YouTube, 18X Digital Zoom with WiFi, External Mic, Fill Light, 32GB SD Card, Remote Control & Lens Hood	Electronics > Camera & Photo > Video > Camcorders
1856	CyberPower RMCARD202 Remote Management Card - SNMP/HTTP	Electronics > Computers & Accessories > Computer Accessories & Peripherals > Hard Drive Accessories > Enclosures
1857	Monoprice Stealth Charge and Sync USB 2.0 Type-C to Type-C Cable - 3 Feet - Black (3-Pack) Up to 5A/100W, for USB-C Enabled Mobile Devices and Laptops	Electronics > Computers & Accessories > Computer Accessories & Peripherals > Cables & Accessories > Cables & Interconnects > USB Cables
1858	Adesso iMouse E60G – Wireless Anti-Stress Gel Mouse 2.4GHz 3 BTN, Green	Electronics > Computers & Accessories > Computer Accessories & Peripherals > Keyboards, Mice & Accessories > Mice
1859	GoPro Hero5 Sessions	Electronics > Camera & Photo > Video > Sports & Action Video Cameras
1860	Cover-Up Sony PRS-950 Daily Edition Faux Leather Cover Case (Book Style) - Black	Electronics > eBook Readers & Accessories > Covers
1861	Thanksgiving Photography Backdrops Fall Photo Backdrops Polyester Soft Backdrop Photography Fabric Fall Backdrops Fall Back Drop Pumpkin Maple Leaves Turkey Party Supplies (Wood Backing)	Electronics > Camera & Photo > Lighting & Studio > Photo Studio > Backgrounds
1862	Geekria Flex Fabric Headband Cover Compatible with Sony MDR-V6, MDR-V600, MDR-V900, MDR-Z600, MDR-7506, MDR-7509, MDR-CD900ST Headphones, Head Cushion Pad Protector, Easy DIY Installation (Black)	Electronics > Headphones, Earbuds & Accessories > Earpads
1863	ChargerCity Universal Motorcycle/Bike Mount with Water Resistant Case for 5" inch GPS Garmin Nuvi Drive DriveSmart 50 51 52 54 55 56 58 57 42 44 45 2539 2555 2557 2595 2597 2598 2599 LM LMT	Electronics > GPS, Finders & Accessories > GPS System Accessories > Vehicle Mounts
1864	Bedside Radio Alarm Clock with USB Charger, Bluetooth Speaker, Digital Alarm Clock, Subwoofer, Small Steel Cannon, Support Tf Card, The Best Gift	Electronics > Home Audio > Compact Radios & Stereos > Clock Radios
1865	HP 15t-dy200 CTO 15.6" FHD IPS Touchscreen Laptop, Intel i7-1165G7 (up to 4.7 GHz), 16GB (2 x 8GB) DDR4, 512GB SSD, Win 10, Natural Silver	Electronics > Computers & Accessories > Computers & Tablets > Laptops > Traditional Laptops
1866	46mm Digital Premium Filter Kit (UV, CPL, FLD) & Close-Up Macro Filter Set (+1 +2 +4 +10) for Select Panasonic Cameras. Bundle Includes: Lens Cleaning Pen + Lens Cap Keeper + Deluxe Lens Cleaning Kit	Electronics > Camera & Photo > Accessories > Digital Camera Accessories > Accessory Kits
1867	WINFLIKE RAV531 ZP35470 Remote Control Replacement for Yamaha AV Receiver RAV549 RAV531-ZP35470 RAV531 ZP35470 RX-V379 RX-V383 HTR-3071 HTR-4071 RX-V483 RX-V381 HTR-3069 HTR-3068 Remote Controller	Electronics > Television & Video > Accessories > Remote Controls
1868	Bumpboxx Flare8 Graffiti Bluetooth Boombox Speaker w/Wireless Microphone	Electronics > Portable Audio & Video > Portable Speakers & Docks > Portable Bluetooth Speakers
1869	4K HDBT Extender Kit HDR 18GBPS HDMI Over Single CAT5e CAT6 CAT7 2.0B 4K @ 60hz UltraHD YUV 4:4:4 Uncompressed 230FT 70M Transmitter Receiver IR RS232 HDCP2.2 CONTROL4 Savant Home Automation 4K2K	Electronics > Home Audio > Home Audio Accessories > Distribution > Selector Switch Boxes
1870	BAUSEYU Compatible with MacBook Air 13 inch Case 2020,2019,2018 Release A1932 Retina Display + Touch ID Italian Leather Hard Shell + Sleeve + Keyboard Cover + Screen Protector (Starry Night)	Electronics > Computers & Accessories > Laptop Accessories > Bags, Cases & Sleeves > Sleeves
1871	Syba 2.5" SATA III and USB 3.0 to Dual mSATA SSD Adapter with Raid Support(Sd-Ada40085) (SD-ADA40085)	Electronics > Computers & Accessories > Computer Accessories & Peripherals > Hard Drive Accessories > Enclosures
1872	Monoprice 8 Inches 2-Way Coaxial Waterproof Rock Speakers (Pair) - 45W Nominal, 100W Max /w PEI Dome tweeter with  FerroFluid	Electronics > Car & Vehicle Electronics > Car Electronics > Car Audio > Speakers > Coaxial Speakers
1873	Lankashi Pattern Wallet Design Flip PU Leather Cover Skin Protection Case for Xgody X6 5" (Wolf Girl)	Electronics > Computers & Accessories > Tablet Accessories > Bags, Cases & Sleeves > Cases
1874	LILLIPUT A7S 7" 1920x1200 IPS Screen Camera Field Monitor 4K HDMI Input Output Video for DSLR Mirrorless Camera Sony A7S II A6500 Panasonic GH5 Canon 5D Mark IV DJI Ronin M Black VIVITEQ Exclusively	Electronics > Camera & Photo > Lighting & Studio > Video Studio > Video Monitors
1875	Thermaltake CORE V41 ATX Mid Tower Gaming Computer Case CA-1C7-00M1WN-00	Electronics > Computers & Accessories > Computer Components > External Components > Computer Cases
1876	iShoot Improved Height Adapter IS-ZGQ II with Quick Knob--- Adjust Data Cable Space for Vertical Shoot Quick Release Plate Compatible with RRS / ARCA-SWISS AS Quick Release Plate and Clamp	Electronics > Camera & Photo > Accessories > Tripod & Monopod Accessories > Camera Mounts & Clamps
1877	Kastar Battery (X2) & Slim LCD Charger for Fujifilm NP-120 NP120 FNP120 D-LI7 DB-43 and Fujifilm Finepix 603 M603 F10 F11 Zoom Optio 450 550 555 750 750Z MX MX4 Camera	Electronics > Camera & Photo > Accessories > Batteries & Chargers > Battery Chargers > Camera
1878	[UL Listed] PLUSPOE 12V1A AC DC Switching Power Supply Adapter 12W Wall Wart Transformer Charger for LED Strip Lights, Audio/Video,Wireless Router and CCTV Camera (2 Pack)	Electronics > Computers & Accessories > Laptop Accessories > Chargers & Adapters
1879	2xhome – New TV Wall Mount Bracket (Single Arm) & One (1) Single Shelf Package – Secure Cantilever LED LCD Plasma Smart 3D WiFi Flat Panel Screen Monitor Moniter Display Large Displays	Electronics > Television & Video > Accessories > TV Mounts, Stands & Turntables > TV Wall & Ceiling Mounts
1880	BSTACLL Screen Protector Compatible with Dodge RAM 2020 2021 2022, [Navigation Touchscreen Protector] Tempered Glass Screen Protector Compatible With RAM 12 Inch Touchscreen（1500 2500 3500）	Electronics > GPS, Finders & Accessories > GPS System Accessories > Screen Protector Foils
1881	Samsung Gear Fit2 Pro (SM-R365), Black, Large, Sports Band Smart Watch, International Stock, No Warranty	Electronics > Wearable Technology > Smartwatches
1882	Kids Case for iPad 9.7 2018/2017, iPad Air 2, iPad Pro 9.7 Case Full Body Protective Silicone Cover Shockproof Scratchproof & Adjustable Kickstand for Apple iPad 9.7 5th / 6th Generation (Ice/Blue)	Electronics > Computers & Accessories > Tablet Accessories > Bags, Cases & Sleeves > Cases
1883	BLLQ Ear Hooks Compatible with Apple AirPods Pro [Anti-Slip Anti-Drop Anti-Lost][Comfortable] [Fit] [Durable], Compatible with AirPods Pro Ear Hook, Clear 4PCS	Electronics > Headphones, Earbuds & Accessories > Earpads
1884	Honeymoon Case Cover for 14" HP EliteBook 840 G5 / 745 G6 & HP ZBook 14u G5 & Dell Inspiron 14 2-in-1 5482 i5482 / Inspiron Chromebook 14 2-in-1 7486 c7486 Laptop,Black	Electronics > Computers & Accessories > Laptop Accessories > Bags, Cases & Sleeves > Sleeves
1885	BIGalleons 2in1 Combo Wall Mount Bracket for TV Plus AV Shelf for Soundbar, DVD, Cable Box, Stereo, Universal for 32-55 Inch LED LCD Plasma Flat Screen TV Weight up to 71lbs, Storage Tray up to 22lbs	Electronics > Television & Video > Accessories > TV Mounts, Stands & Turntables > TV Wall & Ceiling Mounts
1886	Titan Battery for Panasonic BR-2/3A with Plug 3V 1200mah PLC Battery New	Camera & Photo
1887	IDWELL iPod Touch Case with 2 Screen Protector, Three Layer Series Heavy Duty Protection Shockproof High Impact Protective Cover for iPod Touch 5/6/7th Generation, Purple	Electronics > Portable Audio & Video > MP3 & MP4 Player Accessories > Cases
1888	Jabra Elite 65t Alexa Enabled True Wireless Earbuds Charging Case - Titanium Black (Renewed)	Electronics > Headphones, Earbuds & Accessories > Headphones & Earbuds > On-Ear Headphones
1889	Power Pack: (Two MaxTek Li-ion Rechargeable Battery and One Pocket Charger With Car Adapter) Compatible for Panasonic DMW-BCF10 BCF10E BCF10PP CGA-S/106B Battery For Panasonic Lumix DMC-TS1 DMC-TS2 DMC-F2 DMC-F3 DMC-FH1 DMC-FH20 DMC-FH3 DMC-FX580 DMC-FX48 DMC-FX75 DMC-FS6 DMC-FS7 DMC-FS8 DMC-FS15 DMC-FS25 DMC-FS42 DMC-FS62 DMC-FP8	Electronics > Camera & Photo > Accessories > Batteries & Chargers > Battery Chargers > Camera
1890	Cougar ATX Tower Case Archon	Electronics > Computers & Accessories > Computer Components > External Components > Computer Cases
1891	Pura UV (36003035) Quartz Sleeve #20 for UV Addon-3 & UV20	Electronics > Accessories & Supplies > Cord Management > Cable Sleeves
1892	Kingston SSDNow V100 SATA 3.0 Gb-s 2.5-Inch Solid State Drive (SV100S2/32G)	Electronics > Computers & Accessories > Computer Components > Internal Components
1893	Hercules XPS 2.0 40 Slim Multimedia Speakers	Electronics > Computers & Accessories > Computer Accessories & Peripherals > Audio & Video Accessories > Computer Speakers
1894	8 Channel Network NVR Security System with 6 x 5MP HD 1920p 2.8-12mm Varifocal Zoom 180ft IR PoE IP Camera	Electronics > Security & Surveillance > Surveillance Video Equipment > Surveillance NVR Kits
1895	KUFANQI Anime Airpods pro Case Red Cloud Cover Silicone Fully Protected Shockproof Black Cool with Cute Keychain Lanyard	Electronics > Headphones, Earbuds & Accessories > Cases
1896	Dell Inspiron 24 5000 Series All-in-One Business Desktop, 23.8" FHD Touchscreen, Intel Core i7-1165G7, Windows 11 pro, 32GB RAM 512GB SSD+1TB HDD, HDMI, WiFi 6, GeForce MX330 2GB, Silver	Electronics > Computers & Accessories > Computers & Tablets > Desktops > All-in-Ones
1897	StarTech.com Component to VGA Video Converter with Audio	Electronics > Television & Video > Accessories > Video Converters
1898	AIR802 POEPASS-04 Passive PoE Injector/Splitter with 4.8 mm x 1.7 mm DC Size Connector - Fits Panasonic Brand Products	Electronics > Computers & Accessories > Computer Accessories & Peripherals > Computer Cable Adapters
1899	HP 2022 17 17.3" Touchscreen Laptop, Hexa-Core AMD Ryzen 5 5625U up to 4.2GHz(Beat i5-1145G7), 32GB DDR4 RAM, 2TB PCIe SSD + 1TB HDD, 802.11AC WiFi, Bluetooth 5.0, Windows 11, BROAG 64GB Flash Stylus	Electronics > Computers & Accessories > Computers & Tablets > Laptops > Traditional Laptops
1900	Russ Berrie 644634 Tinker Bell and Peter Pan Fly to Neverland Welcome Garden Flag	Electronics > Camera & Photo > Lighting & Studio > Photo Studio > Backgrounds
1901	Cherrry Case for Galaxy Tab A 8.0 Case 2018,Three Layer Shockproof Armor Defender Full-Body Rugged Protective Case Cover with Stand for Samsung Galaxy Tab A 8.0 2018 SM-T387/T387v (Black/Green)	Computers
1902	ePhoto Photography Video Universal Arm Grip Light Stand Reflector Disc Holding Arm 60" by ePhoto INC H2258	Electronics > Camera & Photo > Lighting & Studio > Lighting > Lighting Controls & Modifiers > Reflectors
1903	Neewer Aluminum 12X Optical Zoom Manual Focus Telephoto Lens + Samsung i9300 Back Case + Mini Ball-socket Tripod + Cleaning Cloth for Samsung Galaxy S3 SIII GT-i9300	Electronics > Camera & Photo
1904	KICKER 12 Inch Comp R Woofer Includes Two 48CWR122 Virtual 2 ohm Package	Electronics > Car & Vehicle Electronics > Car Electronics > Car Audio > Subwoofers > Component Subwoofers
1905	ZOTAC nVidia GeForce 210 512 MB DDR2 DVI/HDMI PCI-Express Video Card( Low Profile) ZT-20301-10L	Electronics > Computers & Accessories > Computer Components > Internal Components > Graphics Cards
1906	8.5x11 Mat Bevel Cut for 6x8 Photos - Acid Free Rattan Beige Precut Matboard - for Pictures, Photos, Framing - 4-ply Thickness	Electronics > Camera & Photo > Lighting & Studio > Photo Studio > Storage & Presentation Materials
1907	Tasnme 2TB 2.5" Portable External Hard Drive Black USB 3.0 Black Aluminum Alloy Shell	Electronics > Computers & Accessories > Data Storage > External Hard Drives
1908	Mr. Steam MS225EC1 eTempo 7.5 Kilowatt, 240-Volt Steambath Generator Only	Electronics > Car & Vehicle Electronics > Car Electronics > Car Audio > Car Stereo Receivers
1909	Das Keyboard Gaming Sling (DK-GAMINGBAG)	Electronics > Computers & Accessories > Computer Accessories & Peripherals > Keyboards, Mice & Accessories > Keyboards
1910	Samsung F200 Red Triband Unlocked Gsm Phone	Electronics > samsung_tradein
1911	LUKM Bowling Stickers 51PCS Funny Sport Life Waterproof Ball Decals Gym Vinyl Gifts for Women Men and Teens Water Bottles Laptop Helmet Scrapbook Skateboard Guitar Car Party Bag	Electronics > Computers & Accessories > Laptop Accessories > Skins & Decals
1912	UpBright 18V AC/DC Adapter Replacement for AR Acoustic Research AW811 AW822 AW 811 AW 822 Wireless Speaker and Transmitter 48-18-700 Advent DC18V 700mA 18VDC 18.0V Class 2 Transformer Power Supply	Electronics > Power Accessories > AC Adapters
1913	Premium polished Aluminum Swivel USB Flash Memory Drive 32GB	Electronics > Computers & Accessories > Data Storage > USB Flash Drives
1914	NP40 NP-40 Battery Charger for Casio Exilim EX-Z400, EX-FC100, EX-FC150, EX-P505, EX-P600, EX-P700, Zoom EX-Z100, EX-Z1000, EX-Z1050, EX-Z700, EX-Z750, EX-Z850, Replacement for BC-31L Charger	Electronics > Camera & Photo > Accessories > Batteries & Chargers > Battery Chargers > Camera
1915	VIZIO 65-inch MQX Series 4K QLED HDR Smart TV with Dolby Vision, Active Full Array, 120Hz, WiFi 6E, AMD FreeSync Premium Pro, Bluetooth Headphone Capable & Alexa Compatibility, M65QXM-K03 2023 Model	Electronics > Television & Video > Televisions > QLED TVs
1916	Bushnell 111024ML 10x 25mm ImageView Digital Binocular	Electronics > Camera & Photo > Binoculars & Scopes > Binoculars
1917	LG HU915QE CineBeam HU915QE Premium 4K UHD 3840 x 2160 Laser UST Projector Bundle with 4 YR CPS Enhanced Protection Pack	Electronics > Video Projectors
1918	Elephant Cases Carry on Waterproof Case 23" x 14" x 9" with Pre-cubed Foam, Wheels and Telescopic Handle, Lightweight, Waterproof IP67 and Dust Proof TSA Approved	Electronics > Camera & Photo > Bags & Cases > Camera Cases
1919	Dynex - 6ft Cat-5e Network Cable (DX-C114197)	Electronics > Computers & Accessories > Computer Accessories & Peripherals > Cables & Accessories > Cables & Interconnects > Ethernet Cables > Cat 6 Cables
1920	New - Remote Control for PROSCAN TV PLDED3996A-E, PLDED3273A-E, Pled2243a-i, PLDED5068A-D	Electronics > Television & Video > Accessories > Remote Controls
1921	New LiftMaster Elite Series 8500W-267 has 877MAX keypad and 2 893MAX (Total) Wall-Mount Garage Door Opener w/Built-in Wi-Fi and Battery Backup …	All Electronics
1922	SVP New! PP003(with 8GB Card) Portable Pocket Projector	Electronics > Video Projectors
1923	Kids Case for Samsung Galaxy Tab A 10.1" Tablet Released 2016 No S Pen Version SM-T580/SM-T585/SM-T587 Kid-Proof & Shockproof Sturdy Foam Cover for Boys Girls Lightweight Durable, Purple	Electronics > Computers & Accessories > Tablet Accessories > Bags, Cases & Sleeves > Cases
1924	Samsung BX2235 22-Inch High Performance LCD Monitor with LED Backlight - Brown	Electronics > Computers & Accessories > Monitors
1925	ASUS G751JT-DH72-CA Republic of Gamers (ROG) (17.3-inch, i7-4710HQ, 16GB-DDR3, 1TB2 HDD, GTX970M-3G, BD-ROM, Windows 8.1, Black)	Electronics > Computers & Accessories > Computers & Tablets > Laptops > Traditional Laptops
1926	OwnHealer Phone Cables 4Pack White	Electronics > Computers & Accessories > Computer Accessories & Peripherals > Cables & Accessories > Cables & Interconnects > Lightning Cables
1927	Kastar Battery (X2) & LCD USB Charger for Panasonic CGA-DU07 and NV-GS40 GS44 GS47 GS50 GS55 GS58 PV-GS150 GS200 GS300 GS320 GS400 GS500 SDR-H250 H280 VDR-D258 D300 D308 D310 D400 M74 M75 M95 M250	Electronics > Camera & Photo > Accessories > Batteries & Chargers > Batteries > Camera Batteries
1928	TP-Link Archer C50 IEEE 802.11ac Ethernet Wireless Router	Electronics > Computers & Accessories > Networking Products > Routers
1929	passdise USB Flash Drive 64GB Portable Thumb Drive USB 2.0 with Keychain Waterproof USB Drive Jump Drive Metal Memory Stick Compatible with Computer/Laptop, Data Storage	Electronics > Computers & Accessories > Data Storage > USB Flash Drives
1930	2-in-1 USB-A/C to Lightning Cable, [MFi Certified] 6.6 FT Nylon Braided Fast Charging Lightning Cable Compatible with iPhone 12/12 Mini/12 Pro/11 Pro Max/XS/X/8 Plus, iPad 8th 2020, AirPods Pro	Electronics > Computers & Accessories > Computer Accessories & Peripherals > Cables & Accessories > Cables & Interconnects > Lightning Cables
1931	Orion 5187 Wide T-ring for Nikon	Electronics > Camera & Photo > Accessories > Lens Accessories > Adapters & Converters
1932	Kastar GOPRO3 Battery (2-Pack) for GoPro HD HERO3, HERO3+, AHDBT-302 Work with GoPro AHDBT-201, AHDBT-301, AHDBT-302	Electronics > Camera & Photo > Accessories > Batteries & Chargers > Batteries > Camera Batteries
1933	Alphacool 15325 Hardware Cooling Accessory Black	Electronics > Computers & Accessories > Computer Components > Internal Components > Fans & Cooling > Water Cooling Systems
1934	Tripp Lite 12-Port 1U Rackmount Cat6 110 Patch Panel 568B, RJ45 Ethernet(N252-012)	Electronics > Home Audio > Home Audio Accessories > Distribution > Distribution Panels
1935	Victory Motorcycles MP3 Player Bag	Electronics > Portable Audio & Video > MP3 & MP4 Players
1936	Buhbo High Speed HDMI 2.0 Cable (6 Feet) for 4K Ultra HD, 3D Video, Ethernet/Audio Return - Gold Plated Connectors	Electronics > Television & Video > Accessories > Cables > HDMI Cables
1937	Raptor TWB-10RA 10-Feet Twisted Pair with Right Angle End Twisted RCA Cable (Blue)	Car Electronics
1938	NECABLES 2+1Pack 2pcs Phone Jack Splitter 2 Line Adapter 1 Male to 3 Females (L1, L2, L1+L2) and 1pc Telephone Line Coupler White	Electronics > Accessories & Supplies > Telephone Accessories > Telephone Cords
1939	for PS2 Sata Adapter, Upgrade Board for PS2 IDE Original Network Adapter for Game, A LargeCapacity for Sata Hard Disk Adapter	All Electronics
1940	Altec Lansing FX3022 Expressionist Bass Desktop Speakers	Electronics > Computers & Accessories > Computer Accessories & Peripherals > Audio & Video Accessories > Computer Speakers
1941	Nestling 2PCS Rechargeable Walkie Talkies Long Range Two-Way Radios 16 Channel UHF 400-470Mhz Walkie Talkies Walky Talky Handheld Transceiver for Field Survival Biking and Hiking	Electronics > Portable Audio & Video > CB & Two-Way Radios > Two-Way Radios
1942	MongoPod Ultra Fisheye iPhone 6/6S Clip	Electronics > Camera & Photo > Accessories > Lens Accessories
1943	7 Meter LC-LC Single Mode SM OS2 Duplex BIF Bend Insensitive Fiber Optic Cable/Patch Cord	Electronics > Television & Video > Accessories > Cables > Optical
1944	Tendak 4K Mini DisplayPort to VGA or HDMI Video Adapter-Thunderbolt Port Compatible Male to Female Output Cable Converter for MacBook Air/MacBook Pro/Microsoft Surface pro/Thinkpad/Dell	Electronics > Television & Video > Accessories > Cables
1945	TCL LE55FHDE5510CTA 55-Inch 1080p Smart LED TV	Electronics > Television & Video > Televisions > LED & LCD TVs
1946	Bolvek 3ft 3.5mm 1/8" TRS Stereo 1-Female to Dual 2-Female Jack Splitter Audio Cable	Electronics > Home Audio > Home Audio Accessories > Cables > Stereo Jack Cables
1947	Resin Sculpture Statue Collectible Figurines Desktop Deco Ornaments Statue&Sculpture Window Display Gift Horse Ornaments DecorationCabinet(White, 13.38''H)	Electronics > Headphones, Earbuds & Accessories > Headphones & Earbuds > Earbud Headphones
1948	Raptor NBRCA-Y2 0.5-Feet (0.15m) RCA Cable with 1 Male/2 Female Y-DB Adaptor	Electronics > Television & Video > Accessories > Cables > RCA
1949	Dell Optiplex 7010 DT High Performance Business Desktop Computer Intel Quad Core i5-3470 up to 3.6GHz, 8GB Memory, 240GB SSD, DVD, USB 3.0, Windows 10 Professional (Renewed)	Electronics > Computers & Accessories > Computers & Tablets > Desktops > Towers
1950	BoxWave Screen Protector Compatible with Fossil Q Founder Gen 1 (Screen Protector by BoxWave) - ClearTouch Crystal (2-Pack), HD Film Skin - Shields from Scratches for Fossil Q Founder Gen 1	Electronics > Computers & Accessories
1951	HP Pavilion TP01 Tower Desktop Computer - AMD Ryzen 7 5700G 8-Core up to 4.60 GHz Processor, 32GB DDR4 RAM, 1TB NVMe SSD, AMD Radeon Graphics, Windows 11 Home	Electronics > Computers & Accessories > Computers & Tablets > Desktops > Towers
1952	GXCC Replace IR Remote Control fit for Sanyo LCD CRT TV HDTV DP19648 DP19649 DP26640 DP26648 DP26649 DP32640 DP32642 DP39842 DP39843 HT27547 DP39E23 DP39E23T DP39E63 DP-39E63 DP42142 sub for GXFA	Electronics > Television & Video > Accessories > Remote Controls
1953	Boonix Anti Lost Strap for Airpod Earbud, Air Pods2, Airpods Pro, Airpods2 Headset Strap Accessories for Outdoor Activities [White]	Electronics > Headphones, Earbuds & Accessories > Cases
1954	Coolmax 700W 120mm Blue LED Fan Power Supply CL-700B (Black)	Electronics > Computers & Accessories > Computer Components > Internal Components > Internal Power Supplies
1955	Traditional Paisley Floral Pattern Apple MacBook, MacBook Air 13 inch Laptop Sleeve Case Bags (Two Sides)	Electronics > Computers & Accessories > Laptop Accessories > Bags, Cases & Sleeves > Sleeves
1956	in Ear Headphones (Gold)	Electronics > Headphones, Earbuds & Accessories > Headphones & Earbuds > Earbud Headphones
1957	Battery Grip Kit for Nikon D750 DSLR Camera (MB-D16 Replacement)-Includes Qty 2 ENEL15 Batteries + Battery Charger + Vertical Battery Grip	Electronics > Camera & Photo > Accessories > Digital Camera Accessories > Battery Grips
1958	Acer Aspire One AOD255-2256 Atom N450 1.66GHz 1GB 160GB 10.1" LED-Backlit Netbook Windows 7 Starter (Ruby Red)	Electronics > Computers & Accessories > Computers & Tablets
1959	Empire DVUPAN1 Camcorder & Digital Camera External Universal Battery Charger for Panasonic	Electronics > Camera & Photo > Accessories > Batteries & Chargers > Battery Chargers > Camera
1960	Lamp Replacement for Sony KDS-55A2000 TV Assembly Cage with Projector bulb	Electronics > Television & Video > Accessories > Projector Accessories > Bulbs
1961	A40 TR Microphone (Black, in Original ienza Packaging) + IENZA Windscreen/Pop Filter for A40	Electronics > Computers & Accessories > Computer Accessories & Peripherals > Audio & Video Accessories > Computer Microphones
1962	newshijieCOb Mini Portable 3 Ports USB 2.0/3.0 Data Cable Hub Splitter Compatible with Laptop/Computer White USB3.0	Electronics > Computers & Accessories > Networking Products > Hubs
1963	HP Newest 17 Laptop, 17.3" HD+ Touchscreen Display, AMD Athlon Gold 3150U Processor, 12GB DDR4 RAM, 512GB PCIe NVMe SSD, Type-C, HDMI, Wi-Fi, Bluetooth, Windows 11 Home, Silver	Electronics > Computers & Accessories > Computers & Tablets > Laptops > Traditional Laptops
1964	1U 12 inch Component Shelf - 2 Pack	Electronics > Accessories & Supplies > Cable Organizer Bags & Cases
1965	Onkyo Over Ear Headphone (H900MB/27)	Electronics > Headphones, Earbuds & Accessories > Headphones & Earbuds > Over-Ear Headphones
1966	iProtect TPU Sparkly Bling Glitter Sequin Cover - Protective Soft Case for iPhone 6 and 6s (4.7") - Gold	Electronics > Computers & Accessories > Laptop Accessories > Bags, Cases & Sleeves > Sleeves
1967	Anti-Theft Tablet Security Stand Kiosk - Flexible Adjustable Floor Standing Gooseneck Tablet Case Holder Display w/ Phone Holder, For 8-10 Inch iPad, Kindle, Android, Samsung Tablets - Pyle PMKSPAD35	Electronics > Computers & Accessories > Tablet Accessories > Stands
1968	Micro SATA Cables|SCA 80 PIN to 68 50 PIN SCSI Adapter	Electronics > Computers & Accessories > Computer Components > Internal Components
1969	Plantronics CS70 Wireless Headset	Electronics > Accessories & Supplies > Telephone Accessories > Headsets
1970	Case Cover Compatible with Barnes&Noble Nook Glowlight 4 6" ebook Reader Protective Sleeve (Blue)	Electronics > eBook Readers & Accessories > Covers
1971	TSC100RA Air Band Scanner	Electronics > Security & Surveillance > Radio Scanners
